slug,title,category,date,network,merchant,price,total,card,inline,header,optimizationPriority
3-nouvelles-box-beaute-moins-20-euros-sans-engagement,3 nouvelles box beauté à moins de 20 €,box-beaute,2026-06-04,Affilae,c3po.link,"19,90€",0,0,0,0,Améliorer la visibilité
adopt-calendrier-ete-7-parfums-brume-golden-kiss-5495-euros-mai-2026,"Adopt Calendrier de l'été : 7 parfums + brume à 38,46 € (-61%)",calendrier-avent,2026-07-17,Affilae,lb.affilae.com,"38,46€ au lieu de 98,60€ (-61%) — code -10% supplémentaire en cours",0,0,0,0,Améliorer la visibilité
aigostar-seche-cheveux-ionique-voyage-2400w-promo-amazon-2026,"Aigostar sèche-cheveux ionique 2400W à 17,99€ (-30%) : le bon plan voyage",bon-plan,2026-07-15,Amazon,Amazon,"17,99 €",0,0,0,0,Améliorer la visibilité
alpina-at4-84a-tondeuse-autoportee-5-8kw-84cm-amazon-promo-2026,"Alpina AT4 84 A tondeuse autoportée 5,8 kW 84 cm à 1 745 €",bon-plan,2026-06-28,Amazon,Amazon,1 745 €,0,0,0,0,Améliorer la visibilité
amazon-essence-lash-princess-mascara-promo-2026,"Mascara Essence Lash Princess à 4,19 € — Le Viral TikTok",bon-plan,2026-07-07,Amazon,Amazon,"4,19 €",0,0,0,0,Améliorer la visibilité
amazon-meilleur-baume-pectoral-bebe-2026,Meilleurs baumes pectoraux bébé : notre comparatif 2026,test-avis,2026-07-21,Amazon,Amazon,de 7 € à 12 € selon la marque,0,0,0,0,Améliorer la visibilité
amazon-meilleures-cremes-parfumees-corps-2026,"Top 5 Crèmes Parfumées Corps 2026 : Notre Sélection (dès 6,69€)",comparatif,2026-06-07,Amazon,Amazon,"dès 6,69€",0,0,0,0,Améliorer la visibilité
amazon-meilleures-huiles-a-barbe-2026,"Top 5 Huiles à Barbe 2026 : Notre Sélection (dès 7,42€)",comparatif,2026-06-07,Amazon,Amazon,"dès 7,42€",0,0,0,0,Améliorer la visibilité
amazon-meilleurs-parfums-bebe-2026,Top 4 Parfums Bébé 2026 : Notre Sélection Sans Alcool (dès 11€),beaute,2026-07-21,Amazon,Amazon,dès 11€,0,0,0,0,Améliorer la visibilité
amazon-meilleurs-parfums-diptyque-2026,Top 5 Parfums Diptyque 2026 : Notre Sélection (dès 33€),comparatif,2026-06-07,Amazon,Amazon,dès 33€,0,0,0,0,Améliorer la visibilité
amazon-meilleurs-parfums-mixtes-unisex-2026,"Top 5 Parfums Mixtes 2026 : Notre Sélection Unisex (dès 4,02€)",comparatif,2026-06-07,Amazon,Amazon,"dès 4,02€",0,0,0,0,Améliorer la visibilité
amazon-meilleurs-parfums-rose-2026,"Top 5 Parfums à la Rose 2026 : Notre Sélection (dès 4,89€)",comparatif,2026-06-07,Amazon,Amazon,"dès 4,89€",0,0,0,0,Améliorer la visibilité
amazon-meilleurs-soins-visage-pas-cher-2026,"Top 6 soins visage pas cher : CeraVe, La Roche-Posay, L'Oréal (dès 7 €)",bon-plan,2026-07-15,Amazon,Amazon,Dès 7 €,0,0,0,0,Améliorer la visibilité
amazon-spring-deals-dyson-airwrap-complete-promo-2026,Dyson Airwrap Complete à 499 € : le multistyler référence,bon-plan,2026-07-26,Amazon,Amazon,499 €,0,0,0,0,Améliorer la visibilité
amazon-spring-deals-foreo-luna-promo-2026,"FOREO Luna 4 go à 79,90 € au lieu de 149 € (-46 %)",bon-plan,2026-07-26,Amazon,Amazon,"79,90 € au lieu de 149 € (-46 %)",0,0,0,0,Améliorer la visibilité
amazon-spring-deals-kerastase-masque-promo-2026,"Masque Kérastase Chronologiste à 30,88 € au lieu de 49 € (-37 %)",bon-plan,2026-06-10,Amazon,Amazon,"30,88 €",0,0,0,0,Améliorer la visibilité
amazon-spring-deals-remington-seche-cheveux-promo-2026,"Remington Proluxe AC9140 sèche-cheveux pro 2400W à 34,99 €",bon-plan,2026-07-26,Amazon,Amazon,"34,99 €",0,0,0,0,Améliorer la visibilité
amazon-spring-deals-roborock-aspirateur-robot-promo-2026,Roborock Q7 Max à 149 € au lieu de 399 € (-63 %),bon-plan,2026-06-10,Amazon,Amazon,149 €,0,0,0,0,Améliorer la visibilité
amazon-top-maquillage-pas-cher-2026,"Top 6 maquillage pas cher : Maybelline, L'Oréal, NYX (dès 4 €)",bon-plan,2026-07-15,Amazon,Amazon,Dès 4 €,0,0,0,0,Améliorer la visibilité
amig-galair-01-ventilateur-pied-table-silencieux-amazon-juin-2026,"Ventilateur Amig GALAIR-01 silencieux 26 vitesses à 147,98 €",bon-plan,2026-06-24,Amazon,Amazon,"147,98 €",0,0,0,0,Améliorer la visibilité
aowoka-seche-cheveux-professionnel-ionique-160000-rpm-59-99-euros-amazon-moins-54-pourcent,"Aowoka sèche-cheveux professionnel : notre avis complet à 47,49 €",beaute,2026-07-10,Amazon,Amazon,"47,49€",0,0,0,0,Améliorer la visibilité
ariston-initio-chauffe-eau-electrique-500l-1389-euros,"Chauffe-eau Ariston INITIO 500 L à 1 389,99 €",bon-plan,2026-06-24,Amazon,Amazon,"1 389,99 €",0,0,0,0,Améliorer la visibilité
aspirateur-balai-sans-fil-dzaki-400w-45kpa-promo-amazon-2026,"Aspirateur balai sans fil Dzaki 400W 45 kPa à 99,99 €",bon-plan,2026-06-28,Amazon,Amazon,"99,99 €",0,0,0,0,Améliorer la visibilité
athena-lot-4-boxers-garcon-petit-prix-amazon-juin-2026,"Athena lot de 4 boxers garçon My Petit Prix à 8,70 € sur Amazon",bon-plan,2026-07-02,Amazon,Amazon,"8,70 €",0,0,0,0,Améliorer la visibilité
audible-bureau-affaires-occultes-livre-audio-gratuit-2026,Le Bureau des affaires occultes (Fouassier) — Livre audio gratuit Audible,bon-plan,2026-06-24,Amazon,Amazon,Gratuit,0,0,0,0,Améliorer la visibilité
audible-essai-gratuit-livre-audio-1-mois-juin-juillet-2026,"Audible : 1 livre audio gratuit + sélection à 0,99 € (été 2026)",bon-plan,2026-07-19,Amazon,Amazon,Gratuit,0,0,0,0,Améliorer la visibilité
audible-harry-potter-ecole-sorciers-livre-audio-gratuit-2026,Harry Potter à l'École des Sorciers — Livre audio gratuit avec Audible,bon-plan,2026-06-24,Amazon,Amazon,Gratuit,0,0,0,0,Améliorer la visibilité
audible-pouvoir-confiance-en-soi-livre-audio-gratuit-2026,Le Pouvoir de la confiance en soi (Brian Tracy) — Livre audio gratuit Audible,bon-plan,2026-06-24,Amazon,Amazon,Gratuit,0,0,0,0,Améliorer la visibilité
audible-sapiens-breve-histoire-humanite-livre-audio-gratuit-2026,Sapiens : Une brève histoire de l'humanité — Livre audio gratuit Audible,bon-plan,2026-06-24,Amazon,Amazon,Gratuit,0,0,0,0,Améliorer la visibilité
audible-the-light-podcast-livre-audio-gratuit-2026,The Light Podcast — Écoute gratuite avec Audible (essai 30 jours),bon-plan,2026-06-24,Amazon,Amazon,Gratuit,0,0,0,0,Améliorer la visibilité
avis-arista-shampooing-solide-cheveux-boucles-amande-reetha,Avis Arista shampooing solide cheveux bouclés (amande + reetha),test-avis,2026-07-25,Amazon,Amazon,"9,95 €",0,0,0,0,Améliorer la visibilité
avis-diadermine-demaquillant-douceur-yeux,Avis Diadermine Démaquillant Douceur Yeux : on a testé,test-avis,2026-07-25,Amazon,Amazon,~ 5 €,0,0,0,0,Améliorer la visibilité
avis-evoluderm-lait-demaquillant-doux,Avis Evoluderm Lait Démaquillant Doux : on a testé,test-avis,2026-07-25,Amazon,Amazon,~ 3 €,0,0,0,0,Améliorer la visibilité
avis-garnier-ultra-doux-shampooing-solide-delicatesse-avoine,Avis Garnier Ultra Doux Délicatesse d'Avoine solide,test-avis,2026-07-25,Amazon,Amazon,~ 5 €,0,0,0,0,Améliorer la visibilité
avis-garnier-ultra-doux-shampooing-solide-tresors-miel,Avis Garnier Ultra Doux Shampoing Solide Trésors de Miel : on a testé,test-avis,2026-07-25,Amazon,Amazon,~ 5 €,0,0,0,0,Améliorer la visibilité
avis-nivea-demaquillant-doux-yeux,Avis Nivea Démaquillant Doux Yeux : on a testé,test-avis,2026-07-25,Amazon,Amazon,~ 5 €,0,0,0,0,Améliorer la visibilité
avis-so-bio-etic-lait-demaquillant-lait-anesse,Avis SO'BiO étic Lait Démaquillant Soyeux au Lait d'Ânesse : on a testé,test-avis,2026-07-25,Amazon,Amazon,~ 6 €,0,0,0,0,Améliorer la visibilité
avis-too-cool-for-school-egg-mellow-cream-tube-yesstyle,"Egg Mellow Cream Too Cool For School : crème à l'œuf, mon avis",test-avis,2026-07-26,YesStyle,YesStyle,Variable selon promo YesStyle,0,0,0,0,Améliorer la visibilité
avis-weleda-shampooing-solide-hydratation-brillance-aloe-vera-coco,Avis Weleda shampooing solide Hydratation & Brillance aloe-coco,test-avis,2026-07-25,Amazon,Amazon,"6,90 €",0,0,0,0,Améliorer la visibilité
avril-vs-aroma-zone-creme-hydratante-bio-2026,Avril vs Aroma-Zone : quelle crème hydratante bio vaut le coup ?,comparatif,2026-07-23,Amazon,Amazon,"à partir de 8,55 €",0,0,0,0,Améliorer la visibilité
avril-vs-cattier-creme-visage-bio-2026,Avril vs Cattier : quelle crème visage bio choisir en 2026 ?,comparatif,2026-07-23,Amazon,Amazon,"à partir de 8,55 €",0,0,0,0,Améliorer la visibilité
azzaro-the-most-wanted-parfum-homme-amazon-promo-2026,Azzaro The Most Wanted : deux versions en promo jusqu'à -48% sur Amazon,bon-plan,2026-04-01,Amazon,Amazon,"60,24€",0,0,0,0,Améliorer la visibilité
babyliss-e812e-tondeuse-cheveux-lithium-power-promo-amazon-mars-2026,"BaByliss E812E tondeuse cheveux Lithium Power à 34,90 €",bon-plan,2026-06-30,Amazon,Amazon,"34,90 €",0,0,0,0,Améliorer la visibilité
baija-cosmetiques-bons-plans-newsletter-10-pourcent-livraison-offerte-juin-2026,Baïja Cosmétiques : -10% Newsletter + Livraison Offerte + Produit Cadeau,bon-plan,2026-07-10,Direct / autre,lk.gt,-10% sur 1ère commande + livraison offerte,0,0,0,0,Améliorer la visibilité
barbie-camping-car-transformable-7-zones-60-accessoires-amazon-juin-2026,Barbie Camping-Car Transformable avec 60 accessoires à 57 € sur Amazon,bon-plan,2026-06-24,Amazon,Amazon,"57,00 €",0,0,0,0,Améliorer la visibilité
beauty-of-joseon-relief-sun-creme-solaire-yesstyle-2026,"Beauty of Joseon Relief Sun : la crème solaire K-beauty n° 1 à 14,40 € (-20 %)",bon-plan,2026-07-19,Awin,awin1.com,"14,40 € (au lieu de 18 €)",0,0,0,0,Améliorer la visibilité
beauty-of-joseon-vs-anua-marque-coreenne-2026,Beauty of Joseon vs Anua : quelle marque coréenne choisir en 2026 ?,comparatif,2026-07-23,Amazon,Amazon,"à partir de 15,90 €",0,0,0,0,Améliorer la visibilité
beauty-success-jeu-concours-rochas-eaux-fraiches-4-eaux-de-rochas,Concours Beauty Success × Rochas : gagne 4 Eaux de Rochas (85 €),concours,2026-07-17,Effiliation,track.effiliation.com,Valeur du lot : 85 € minimum,0,0,0,0,Améliorer la visibilité
belle-au-naturel-box-beaute-bio-juillet-2026-royer-bomoi-cultiv-coslys-acorelle,"81 € de soins bio pour 19,90 € : la box été Belle au Naturel",box-beaute,2026-07-22,Direct / autre,wkl.belleaunaturel.fr,"19,90 € (code SUMMER26) au lieu de 34,90 €",0,0,0,0,Améliorer la visibilité
belle-au-naturel-coffret-essentiels-40-ans-bio-49-euros-juin-2026,"Coffret Essentiels 40 ans Belle au Naturel : 3 soins bio à 49,90€",box-beaute,2026-06-17,Direct / autre,wkl.belleaunaturel.fr,"49,90€ (au lieu de 92€)",0,0,0,0,Améliorer la visibilité
belle-au-naturel-coffret-rituel-detente-bio-49-euros-juin-2026,"Coffret Belle au Naturel Rituel Détente Bio : 5 soins français à 49,90€",box-beaute,2026-06-17,Direct / autre,wkl.belleaunaturel.fr,"49,90€ (au lieu de 87,40€)",0,0,0,0,Améliorer la visibilité
belle-au-naturel-duo-skin-minimalism-booster-eclat-bio-39-euros-juin-2026,"Duo Belle au Naturel Skin Minimalism : sérum + crème bio à 39,90€",box-beaute,2026-06-17,Direct / autre,wkl.belleaunaturel.fr,"39,90€ (au lieu de 54,50€)",0,0,0,0,Améliorer la visibilité
biotyfull-box-4-routines-14-euros-mega-sac-estival-cultiv-baija-weleda-juillet-2026,Biotyfull Box : 4 routines à 14 € (203 € valeur) + méga sac estival,box-beaute,2026-07-14,Direct / autre,xno.biotyfullbox.fr,"14,00 €",0,0,0,0,Améliorer la visibilité
biotyfull-box-5-nouvelles-box-moins-20-euros-sans-engagement,Biotyfull Box : 5 Nouvelles Box pour moins de 20€,box-beaute,2026-03-20,Affilae,c3po.link,"19,90€",0,0,0,0,Améliorer la visibilité
biotyfull-box-6-nouvelles-box-13-euros-bronzage-eclatant-fete-des-meres-mai-2026,Biotyfull Box : 6 nouvelles box à 13 € (Fête des Mères),box-beaute,2026-05-15,Direct / autre,lk.gt,13€ au lieu de 695€,0,0,0,0,Améliorer la visibilité
biotyfull-box-6-nouvelles-routines-13-euros-17-produits-353-euros,Biotyfull Box : 17 produits pour 13 € sans engagement (valeur 353 €),box-beaute,2026-07-17,Direct / autre,xno.biotyfullbox.fr,"13,00 € au lieu de 353 €",0,0,0,0,Améliorer la visibilité
biotyfull-box-collection-miraculeuse-1-anti-age-50-pourcent-2026,"Biotyfull Box Collection Miraculeuse 1 Anti-Âge : -50% dès 7,95€",box-beaute,2026-04-01,Affilae,c3po.link,"dès 7,95€",0,0,0,0,Améliorer la visibilité
biotyfull-box-eclosion-radieuse-paques-foreo-luna-offerte-2026,"Biotyfull Box Pâques : 19,90 € + brosse FOREO LUNA offerte",box-beaute,2026-04-03,Affilae,c3po.link,"19,90€",0,0,0,0,Améliorer la visibilité
biotyfull-box-ete-au-bord-de-l-eau-juin-2026-routine-7-produits,"Biotyfull Box Juin 2026 : 7 Produits Été à 19,90€",box-beaute,2026-06-01,Direct / autre,lk.gt,"19,90€ au lieu de 39,90€ (valeur 133€)",0,0,0,0,Améliorer la visibilité
biotyfull-box-fete-des-meres-bronzage-eclatant-calendrier-beaute-29-90-euros-mai-2026,"Biotyfull Box Bronzage Éclatant + Calendrier Beauté 29,90 €",box-beaute,2026-05-31,Direct / autre,lk.gt,"29,90€ pour 33 produits (valeur 728€)",0,0,0,0,Améliorer la visibilité
biotyfull-box-juillet-2026-xxl-caudalie-garancia-weleda-19-euros,"Biotyfull XXL : Caudalie + Garancia + Weleda à 19,90 €",box-beaute,2026-07-03,Direct / autre,xno.biotyfullbox.fr,"19,90 €",0,0,0,0,Améliorer la visibilité
biotyfull-box-vive-le-10-offre-3-box-calendrier-10-euros-2026,Biotyfull Box VIVE LE 10 : 3 box + calendrier à 10 €,box-beaute,2026-04-11,Affilae,c3po.link,"10,00€",0,0,0,0,Améliorer la visibilité
biotyfull-flash-2-routines-10-euros-baija-weleda-ete-bord-eau-juin-2026,Biotyfull Flash : 2 Routines (205 €) à 10 € + BAÏJA × WELEDA,box-beaute,2026-06-10,Direct / autre,lk.gt,"10 € (+ 3,90 € livraison)",0,0,0,0,Améliorer la visibilité
biotyfull-jour-de-chance-7-routines-18-produits-254-euros-13-euros-juin-2026,Biotyfull Box Jour de Chance : 7 routines = 254 € pour 13 €,box-beaute,2026-07-01,Direct / autre,lk.gt,"13 € + 4,90 € de port (sans engagement)",0,0,0,0,Améliorer la visibilité
biotyfull-mega-promo-box-vip-xxl-calendrier-36-produits-821-euros-13-euros-juin-2026,Biotyfull Méga Promo : 36 produits (821 €) pour 13 €,box-beaute,2026-06-26,Direct / autre,xno.biotyfullbox.fr,13 €,0,0,0,0,Améliorer la visibilité
biotyfull-offre-flash-2-routines-9-90-euros-baija-bronzage-mai-2026,"Biotyfull Box flash : 2 routines à 9,90 € (11 produits, 159 €)",box-beaute,2026-05-24,Direct / autre,lk.gt,"9,90€ (159€ de valeur, sans engagement)",0,0,0,0,Améliorer la visibilité
blissim-box-good-mood-juin-2026-5-produits-70-euros,"Blissim Box Juin 2026 : Good Mood, 5 Produits à 18,90€",box-beaute,2026-06-01,Awin,awin1.com,"18,90€/mois (jusqu'à 70€ de valeur)",0,0,0,0,Améliorer la visibilité
blissim-box-mai-12-euros-sans-engagement-mai-2026,"Blissim : la box de mai à 12€ au lieu de 18,90€",box-beaute,2026-05-24,Awin,tidd.ly,"12€ au lieu de 18,90€",0,0,0,0,Améliorer la visibilité
blissim-double-box-ete-juillet-aout-laneige-la-rosee-manucurist-37-euros-2026,Blissim Double-Box été : 10 produits à 27 € avec DOUBLEBOX27 (203 €),box-beaute,2026-07-26,Awin,tidd.ly,"27,00 €",0,0,0,0,Améliorer la visibilité
blissim-edition-limitee-experte-boucles-coffret-8-produits-cheveux-boucles-43-euros-2026,Coffret Blissim Experte Boucles : 8 produits à 43 € (val. 136 €),box-beaute,2026-07-20,Awin,awin1.com,43 €,0,0,0,0,Améliorer la visibilité
blissim-edition-limitee-ma-premiere-routine-ado-trousse-38-euros-juillet-2026,Blissim Édition limitée Ma première routine ado : 38 € (-72 %),box-beaute,2026-07-20,Awin,awin1.com,"38 € (au lieu de 136,66 €)",0,0,0,0,Améliorer la visibilité
blissim-edition-limitee-menopause-eclat-9-produits-45-euros-2026,Blissim Ménopause & Éclat : 9 produits à 45 € (val. 387 €),box-beaute,2026-07-20,Awin,awin1.com,"45,00 € (au lieu de 387,25 €)",0,0,0,0,Améliorer la visibilité
blissim-editions-limitees-coffrets-beaute-prix-doux,"Blissim : 7 coffrets beauté éditions limitées dès 22,40€",box-beaute,2026-03-20,Awin,tidd.ly,"22,40€",0,0,0,0,Améliorer la visibilité
blissim-moms-gang-margot-ymf-coffret-bebe-edition-limitee-juin-2026,"Blissim × Margot YMF Moms Gang : coffret bébé 50 € au lieu de 180,48 €",box-beaute,2026-06-11,Awin,tidd.ly,"50,00 € au lieu de 180,48 € (-72 %)",0,0,0,0,Améliorer la visibilité
bon-plan-10-produits-beaute-amazon-ventes-flash-printemps-2026,"10 Best-Sellers Beauté à prix mini : Maybelline, NYX, L'Oréal (dès 5 €)",bon-plan,2026-07-15,Amazon,Amazon,Dès 5 €,0,0,0,0,Améliorer la visibilité
bon-plan-6-poches-glace-gel-enfant-fievre-piqures-amazon-2026,"6 poches glace gel enfant fièvre piqûres bobos souple à 9,99 €",bon-plan,2026-06-26,Amazon,Amazon,"9,99 €",0,0,0,0,Améliorer la visibilité
bon-plan-acorelle-creme-solaire-bebe-spf50-bio-50ml-mai-2026,"Bon plan Acorelle Crème Solaire Bébé SPF50+ bio 50ml à 14,43€ au lieu de 16,98€ (-15%) — Cosmébio, sans filtre chimique, fabriquée en France",bon-plan,2026-05-28,Affilae,c3po.link,"14,43 € (au lieu de 16,98 €, -15%) — 339,60€/L",0,0,0,0,Améliorer la visibilité
bon-plan-action-jeux-nintendo-switch-8-95-euros-avril-2026,"Action : des jeux Nintendo Switch à 8,95€ cette semaine",bon-plan,2026-04-03,Direct / autre,action.com,"8,95€",0,0,0,0,Améliorer la visibilité
bon-plan-adopt-bb-skin-fluid-bb-creme-spf10-3-euros-2026,"Adopt BB Skin Fluid BB crème SPF 10 : 3,28 € (-70 %)",bon-plan,2026-07-21,Affilae,lb.affilae.com,"3,28 € (au lieu de 10,95 €, -70 %)",0,0,0,0,Améliorer la visibilité
bon-plan-adopt-bouquet-amour-lait-corps-200ml-3-euros-2026,"Adopt Bouquet d'Amour lait corps nacré 200 ml : 3,97 € (-50 %)",bon-plan,2026-07-21,Affilae,lb.affilae.com,"3,97 € (au lieu de 7,95 €, -50 %)",0,0,0,0,Améliorer la visibilité
bon-plan-adopt-calendrier-avent-homme-12-parfums-51-euros-2026,"Calendrier Avent Adopt Homme 12 parfums : 51,96 € (-20 %)",calendrier-avent,2026-07-21,Affilae,lb.affilae.com,"51,96 € (au lieu de 64,95 €, -20 %)",0,0,0,0,Améliorer la visibilité
bon-plan-adopt-coffret-golden-trip-4-eaux-parfum-30ml-23-euros-2026,"Coffret Adopt Golden Trip 4 parfums 30 ml : 23,90 € (-50 %)",bon-plan,2026-07-21,Affilae,lb.affilae.com,"23,90 € (au lieu de 47,80 €, -50 %)",0,0,0,0,Améliorer la visibilité
bon-plan-adopt-coffret-woman-eau-parfum-gel-douche-lait-corps-16-euros-2026,"Coffret Adopt Woman 3 produits : 16,06 € (-30 %)",bon-plan,2026-07-21,Affilae,lb.affilae.com,"16,06 € (au lieu de 22,95 €, -30 %)",0,0,0,0,Améliorer la visibilité
bon-plan-adopt-hydratation-eclat-creme-acide-hyaluronique-2026,"Adopt Crème Hydratante Éclat à l'Acide Hyaluronique 50 ml à 13,95 €",bon-plan,2026-07-24,Affilae,lb.affilae.com,"13,95 €",0,0,0,0,Améliorer la visibilité
bon-plan-adopt-liberty-dream-eau-parfum-30ml-5-euros-2026,"Adopt Liberty Dream Eau de parfum 30 ml : 5,97 € (-50 %)",bon-plan,2026-07-21,Affilae,lb.affilae.com,"5,97 € (au lieu de 11,95 €, -50 %)",0,0,0,0,Améliorer la visibilité
bon-plan-adopt-lissante-repulpante-creme-jour-peptides-2026,"Adopt Crème de Jour Lissante aux Peptides 50 ml à 15,95 €",bon-plan,2026-07-24,Affilae,lb.affilae.com,"15,95 €",0,0,0,0,Améliorer la visibilité
bon-plan-adopt-lissante-repulpante-creme-nuit-pro-retinol-2026,"Adopt Crème de Nuit Régénérante Pro-Rétinol 50 ml à 15,95 €",bon-plan,2026-07-24,Affilae,lb.affilae.com,"15,95 €",0,0,0,0,Améliorer la visibilité
bon-plan-adopt-maxiglam-mascara-marron-intense-3-euros-2026,"Adopt Maxiglam Mascara Marron Intense : 3,88 € (-70 %)",bon-plan,2026-07-21,Affilae,lb.affilae.com,"3,88 € (au lieu de 12,95 €, -70 %)",0,0,0,0,Améliorer la visibilité
bon-plan-adopt-monoi-blanc-pur-monoi-tahiti-100ml-7-euros-2026,"Adopt Monoï Blanc Pur Tahiti 100 ml : 7,47 € (-50 %)",bon-plan,2026-07-21,Affilae,lb.affilae.com,"7,47 € (au lieu de 14,95 €, -50 %)",0,0,0,0,Améliorer la visibilité
bon-plan-adopt-plumpy-gloss-repulpant-transparent-2-euros-2026,"Adopt Plumpy Gloss Transparent : 2,38 € (-70 %)",bon-plan,2026-07-21,Affilae,lb.affilae.com,"2,38 € (au lieu de 7,95 €, -70 %)",0,0,0,0,Améliorer la visibilité
bon-plan-adopt-sacre-flatteur-correcteur-haute-couvrance-2-euros-2026,"Adopt Sacré Flatteur Correcteur 10N Porcelaine : 2,98 € (-70 %)",bon-plan,2026-07-21,Affilae,lb.affilae.com,"2,98 € (au lieu de 9,95 €, -70 %)",0,0,0,0,Améliorer la visibilité
bon-plan-adopt-trousse-rouge-envoutant-eau-parfum-30ml-13-euros-2026,"Trousse Adopt Rouge Envoûtant : 13,26 € (-30 %)",bon-plan,2026-07-21,Affilae,lb.affilae.com,"13,26 € (au lieu de 18,95 €, -30 %)",0,0,0,0,Améliorer la visibilité
bon-plan-adopt-vernis-a-ongles-peachy-coral-1-euro-2026,"Adopt Vernis à ongles 14 Peachy Coral 8 ml : 1,48 € (-70 %)",bon-plan,2026-07-21,Affilae,lb.affilae.com,"1,48 € (au lieu de 4,95 €, -70 %)",0,0,0,0,Améliorer la visibilité
bon-plan-aiper-scuba-se-robot-piscine-sans-fil-90-min-80m2-139-euros,AIPER Scuba SE robot piscine sans fil 90 min 80m² à 139€,bon-plan,2026-06-23,Amazon,Amazon,"139,00 euros",0,0,0,0,Améliorer la visibilité
bon-plan-akluer-480l-b-tapis-roulant-incline-pliable-2-5cv-juin-2026,"Tapis roulant incliné Akluer 480L-B pliable 2,5 CV à 179 €",bon-plan,2026-06-28,Direct / autre,ttanalytics.zigbuy.fr,"179,00 € paiement en 3 ou 4 fois PayPal",0,0,0,0,Améliorer la visibilité
bon-plan-alvadiem-gel-fraicheur-propolis-jambes-lourdes-pieds-amazon-2026,"Alvadiem gel fraîcheur Propolis jambes lourdes pieds échauffés à 12,49 €",bon-plan,2026-07-07,Amazon,Amazon,"12,49 €",0,0,0,0,Améliorer la visibilité
bon-plan-amazon-60-patchs-yeux-24k-or-anti-cernes-juillet-2026,"60 patchs yeux 24k or acide hyaluronique : 9,49 €",bon-plan,2026-07-12,Amazon,Amazon,"9,49 €",0,0,0,0,Améliorer la visibilité
bon-plan-amazon-accessoires-air-fryer-ninja-10l-moules-silicone-mai-2026,"Accessoires Air Fryer Ninja 10,4L moules silicone paniers papier à 28,87 € (-18 %)",bon-plan,2026-07-24,Amazon,Amazon,"28,87 € au lieu de 34,99 € (-18 %)",0,0,0,0,Améliorer la visibilité
bon-plan-amazon-adidas-coffret-ice-dive-edt-gel-douche-juillet-2026,"Adidas coffret Ice Dive EDT + gel douche : 8,97 €",bon-plan,2026-07-12,Amazon,Amazon,"8,97 €",0,0,0,0,Améliorer la visibilité
bon-plan-amazon-aigostar-ben-ventilateur-colonne-76cm-juin-2026,"Aigostar Ben ventilateur colonne 76cm silencieux à 61,36€",bon-plan,2026-06-16,Amazon,Amazon,"61,36€",0,0,0,0,Améliorer la visibilité
bon-plan-amazon-aigostar-ventilateur-industriel-sol-54cm-100w-juin-2026,"Aigostar ventilateur industriel sol 54cm 100W à 74,99€",bon-plan,2026-06-16,Amazon,Amazon,"74,99€",0,0,0,0,Améliorer la visibilité
bon-plan-amazon-aiper-scuba-v3-robot-piscine-ia-juin-2026,AIPER Scuba V3 robot piscine sans fil IA jusqu'à 200m² à 849€,bon-plan,2026-06-16,Amazon,Amazon,849€,0,0,0,0,Améliorer la visibilité
bon-plan-amazon-aloe-paris-gel-creme-jour-aloe-vera-bio-noisette-50ml-juillet-2026,"Aloé Paris Gel-Crème Jour Aloe Vera Bio à 14,00 € (-52 %)",bon-plan,2026-07-24,Amazon,Amazon,"14,00 € (au lieu de 29,00 €, -52 %)",0,0,0,0,Améliorer la visibilité
bon-plan-amazon-aloe-paris-serum-regenerant-aloe-vera-bio-30ml-juillet-2026,"Aloé Paris Sérum Régénérant Aloe Vera Bio à 17,00 € (-47 %)",bon-plan,2026-07-24,Amazon,Amazon,"17,00 € (au lieu de 32,00 €, -47 %)",0,0,0,0,Améliorer la visibilité
bon-plan-amazon-amazfit-active-max-amoled-15-pouces-25j-nfc-gps-mai-2026,"Amazfit Active Max : montre AMOLED GPS + NFC à 134,99 € (−36 %)",bon-plan,2026-07-07,Amazon,Amazon,"134,99 € (-36%)",0,0,0,0,Améliorer la visibilité
bon-plan-amazon-amythe-sac-a-dos-fille-primaire-3-piece-40-99-euros-juillet-2026,"Amythe Sac à Dos Fille Primaire 3 Pièce, à 40,99 € sur Amazon",bon-plan,2026-07-03,Amazon,Amazon,"40,99 €",0,0,0,0,Améliorer la visibilité
bon-plan-amazon-andis-men-versatrim-tondeuse-cheveux-barbe-juin-2026,"Bon Plan Andis : Men VersaTrim Tondeuse Cheveux + Barbe 28,56€ Juin 2026",bon-plan,2026-06-03,Amazon,Amazon,"28,56€",0,0,0,0,Améliorer la visibilité
bon-plan-amazon-anker-zolo-power-bank-magnetique-10000mah-juin-2026,"Anker Zolo Power Bank Magnétique 10000mAh 30W à 30,99€ (-48%)",bon-plan,2026-06-15,Amazon,Amazon,"30,99€ au lieu de 59,99€ (-48%)",0,0,0,0,Améliorer la visibilité
bon-plan-amazon-ansobea-baignoire-pliable-bebe-antiderapante-mai-2026,"Bon plan Amazon : Ansobea baignoire pliable bébé avec support antidérapant à 55,69€",bon-plan,2026-05-21,Amazon,Amazon,"55,69€ au lieu de 58,62€ (-5%)",0,0,0,0,Améliorer la visibilité
bon-plan-amazon-anthbot-robot-tondeuse-m5-mai-2026,Bon plan Amazon : ANTHBOT M5 robot tondeuse 500-700 m² à 499€ (-30%),bon-plan,2026-05-24,Amazon,Amazon,"499€ au lieu de 711,55€ (-30%)",0,0,0,0,Améliorer la visibilité
bon-plan-amazon-antonio-rossi-boxers-homme-lot-12-mai-2026,"Bon plan Amazon : Antonio Rossi Lot de 12 boxers homme ajustés (ceinture élastique) à 33,26 € (-16 %)",bon-plan,2026-05-19,Amazon,Amazon,"33,26 € au lieu de 39,59 € (-16 %)",0,0,0,0,Améliorer la visibilité
bon-plan-amazon-anwike-tire-lait-electrique-double-juillet-2026,"ANWIKE tire-lait électrique double ultra-léger : 41,66 €",bon-plan,2026-07-21,Amazon,Amazon,"41,66 €",0,0,0,0,Améliorer la visibilité
bon-plan-amazon-aolso-serviette-bain-capuche-bebe-mai-2026,"Aolso Serviette de Bain Capuche Bébé 80x80 cm à 8,42 € sur Amazon (-30%)",bon-plan,2026-05-22,Amazon,Amazon,"8,42 € au lieu de 11,99 €",0,0,0,0,Améliorer la visibilité
bon-plan-amazon-aolso-tetine-grignoteuse-bebe-fruits-silicone-mai-2026,"Tétine grignoteuse bébé Aolso silicone + moule à popsicle à 11,29 € sur Amazon (-24%)",bon-plan,2026-05-18,Amazon,Amazon,"11,29 € au lieu de 14,87 €",0,0,0,0,Améliorer la visibilité
bon-plan-amazon-aosu-4k-t2-ultra-kit-4-cameras-surveillance-solaire-599-euros-mai-2026,"Kit 4 caméras surveillance aosu 4K T2 Ultra solaire à 549,99 € (-54%)",bon-plan,2026-06-17,Amazon,Amazon,"549,99 € au lieu de 1 189,99 €",0,0,0,0,Améliorer la visibilité
bon-plan-amazon-apple-ipad-a16-128go-wifi-11-pouces-argent,Apple iPad A16 128 Go Wi-Fi 11 pouces Argent : 400 €,bon-plan,2026-07-17,Amazon,Amazon,"400,00 €",0,0,0,0,Améliorer la visibilité
bon-plan-amazon-apple-watch-se-3-gps-40mm-lumiere-stellaire,"Apple Watch SE 3 GPS 40 mm Lumière stellaire : 216,65 €",bon-plan,2026-07-17,Amazon,Amazon,"216,65 €",0,0,0,0,Améliorer la visibilité
bon-plan-amazon-aquapik-hydropulseur-10-niveaux-juin-2026,"Aquapik hydropulseur 10 niveaux 8 embouts à 32,90 € (-44 %)",bon-plan,2026-07-26,Amazon,Amazon,"32,90 € au lieu de 58,49 € (-44 %)",0,0,0,0,Améliorer la visibilité
bon-plan-amazon-arganicare-duo-shampoing-huile-ricin-bio-juin-2026,"Arganicare duo shampoing + après-shampoing huile de ricin bio à 28,45 €",bon-plan,2026-07-07,Amazon,Amazon,"28,45 €",0,0,0,0,Améliorer la visibilité
bon-plan-amazon-ariel-pods-grandiose-fraicheur-alpine-60-lavages-juin-2026,"Ariel Pods Grandiose Fraîcheur Alpine 60 lavages à 23,01 €",bon-plan,2026-06-21,Amazon,Amazon,"23,01 €",0,0,0,0,Améliorer la visibilité
bon-plan-amazon-ariston-mobis-8-climatiseur-mobile-compact-3-en-1-8000-btu-juillet-2026,Ariston Mobis 8 climatiseur mobile 3-en-1 8 000 BTU : 265 €,bon-plan,2026-07-17,Amazon,Amazon,"265,00 €",0,0,0,0,Améliorer la visibilité
bon-plan-amazon-artsport-bateau-kayak-paddel-boot-alu-380cm,"ArtSport bateau paddle boot 3,80 m sol alu gris : 699,99 €",bon-plan,2026-07-17,Amazon,Amazon,"699,99 €",0,0,0,0,Améliorer la visibilité
bon-plan-amazon-artsport-bateau-pneumatique-330cm-4-personnes-juin-2026,"ArtSport bateau pneumatique 330cm 4 personnes à 119,99€",bon-plan,2026-06-16,Amazon,Amazon,"119,99€",0,0,0,0,Améliorer la visibilité
bon-plan-amazon-asge-sac-a-dos-scolaire-grand-sac-ecole-30-23-euros-juillet-2026,"Asge Sac a Dos Scolaire Grand Sac Ecole à 30,23 € sur Amazon",bon-plan,2026-07-03,Amazon,Amazon,"30,23 €",0,0,0,0,Améliorer la visibilité
bon-plan-amazon-aulaya-coffret-18-huiles-essentielles-10ml-diffuseur,"Aulaya coffret 18 huiles essentielles 10 ml à 21,99 €",bon-plan,2026-07-22,Amazon,Amazon,"21,99 €",0,0,0,0,Améliorer la visibilité
bon-plan-amazon-aveda-be-curly-advanced-creme-definition-boucles-juin-2026,"Bon Plan Aveda : Be Curly Advanced Crème Définition Boucles 200ml 24,15€ Juin 2026",bon-plan,2026-06-03,Amazon,Amazon,"24,15€",0,0,0,0,Améliorer la visibilité
bon-plan-amazon-avril-creme-de-jour-peaux-seches-et-sensibles-bio-2026,"Avril Crème de Jour Peaux Sèches et Sensibles Bio à 13,99 €",bon-plan,2026-07-24,Amazon,Amazon,"13,99 €",0,0,0,0,Améliorer la visibilité
bon-plan-amazon-baby-einstein-trotteur-around-we-grow-4-en-1-mai-2026,"Baby Einstein Trotteur Around We Grow évolutif 4-en-1 multilingue 6 mois+ à 62,99 € sur Amazon (-21%)",bon-plan,2026-05-18,Amazon,Amazon,"62,99 € au lieu de 79,99 €",0,0,0,0,Améliorer la visibilité
bon-plan-amazon-babybjorn-porte-bebe-harmony-mesh-132-euros-mai-2026,"Porte-bébé BabyBjörn Harmony Mesh 3D gris-beige à 132,99 € sur Amazon (-33%)",bon-plan,2026-05-17,Amazon,Amazon,"132,99 € au lieu de 199 €",0,0,0,0,Améliorer la visibilité
bon-plan-amazon-babyliss-curl-secret-boucleur-automatique-ionic-2-mai-2026,"Bon plan Amazon : BaByliss Curl Secret 2 boucleur automatique ionique 2 têtes à 68,99€",bon-plan,2026-05-20,Amazon,Amazon,"68,99€ au lieu de 72,64€ (-5%)",0,0,0,0,Améliorer la visibilité
bon-plan-amazon-badabulle-tente-anti-uv-bebe-grande-plage-fps50-pop-up-24-euros-mai-2026,"Badabulle tente anti-UV bébé FPS 50+ pop-up à 24,90 € (−38 %)",bon-plan,2026-07-21,Amazon,Amazon,"24,90€ au lieu de 39,90€ (-38%)",0,0,0,0,Améliorer la visibilité
bon-plan-amazon-barbie-accessoires-surprise-parfumee-elements,"Barbie set accessoires surprise parfumée à 19,79 €",bon-plan,2026-07-14,Amazon,Amazon,"19,79 €",0,0,0,0,Améliorer la visibilité
bon-plan-amazon-barbie-coffret-voyage-malibu-chiot-valise-rose,"Barbie coffret Voyage Malibu + chiot + valise rose à 17,10 €",bon-plan,2026-07-14,Amazon,Amazon,"17,10 €",0,0,0,0,Améliorer la visibilité
bon-plan-amazon-barbie-danseuse-transformation-serre-tete,"Barbie danseuse + transformation + serre-tête à 19,99 €",bon-plan,2026-07-14,Amazon,Amazon,"19,99 €",0,0,0,0,Améliorer la visibilité
bon-plan-amazon-barbie-fashionistas-poupee-robe-rose,"Barbie Fashionistas poupée robe rose à 5,50 €",bon-plan,2026-07-14,Amazon,Amazon,"5,50 €",0,0,0,0,Améliorer la visibilité
bon-plan-amazon-barbie-jouet-multicolore-tenue,"Barbie jouet multicolore à 9,90 €",bon-plan,2026-07-14,Amazon,Amazon,"9,90 €",0,0,0,0,Améliorer la visibilité
bon-plan-amazon-barbie-magie-baguette-transformation,"Barbie magie + baguette transformation à 14,82 €",bon-plan,2026-07-14,Amazon,Amazon,"14,82 €",0,0,0,0,Améliorer la visibilité
bon-plan-amazon-barbie-mannequin-surprises-changement-tenue,"Barbie mannequin surprises + changement de tenue à 11,40 €",bon-plan,2026-07-14,Amazon,Amazon,"11,40 €",0,0,0,0,Améliorer la visibilité
bon-plan-amazon-barbie-naissance-chiots-chienne-3-chiots-articulee,Barbie Naissance des Chiots + chienne + 3 chiots à 22 €,bon-plan,2026-07-14,Amazon,Amazon,"22,00 €",0,0,0,0,Améliorer la visibilité
bon-plan-amazon-barbie-paillettes-mitaines-accessoires-mode,"Barbie paillettes + mitaines + accessoires mode à 16,66 €",bon-plan,2026-07-14,Amazon,Amazon,"16,66 €",0,0,0,0,Améliorer la visibilité
bon-plan-amazon-barbie-pop-frut-poupee-fruit,"Barbie Pop Frut poupée fruit à 10,35 €",bon-plan,2026-07-14,Amazon,Amazon,"10,35 €",0,0,0,0,Améliorer la visibilité
bon-plan-amazon-barbie-poupee-accessoires-compagnie-changement,"Barbie poupée + compagnie + changement + accessoires à 18,72 €",bon-plan,2026-07-14,Amazon,Amazon,"18,72 €",0,0,0,0,Améliorer la visibilité
bon-plan-amazon-barbie-poupee-articulee-accessoires-capillaires,"Barbie poupée articulée + accessoires coiffure à 18,52 €",bon-plan,2026-07-14,Amazon,Amazon,"18,52 €",0,0,0,0,Améliorer la visibilité
bon-plan-amazon-barbie-poupee-maquilleuse-accessoires-maquillage,Barbie poupée maquilleuse + accessoires à 14 €,bon-plan,2026-07-14,Amazon,Amazon,"14,00 €",0,0,0,0,Améliorer la visibilité
bon-plan-amazon-barbie-poupee-tenue-multicolore,Barbie poupée tenue multicolore à 14 €,bon-plan,2026-07-14,Amazon,Amazon,"14,00 €",0,0,0,0,Améliorer la visibilité
bon-plan-amazon-barbie-set-accessoires-chaussures,"Barbie set accessoires chaussures à 7,72 €",bon-plan,2026-07-14,Amazon,Amazon,"7,72 €",0,0,0,0,Améliorer la visibilité
bon-plan-amazon-bata-sandales-compensee-femme-blanc-23-euros-mai-2026,"Sandales compensées BATA femme blanc à 23,99 € sur Amazon (-66%)",bon-plan,2026-05-17,Amazon,Amazon,"23,99 € au lieu de 69,99 €",0,0,0,0,Améliorer la visibilité
bon-plan-amazon-batons-peinture-visage-france-juillet-2026,"Bâtons peinture visage France 4 pièces : 11,39 €",bon-plan,2026-07-12,Amazon,Amazon,"11,39 €",0,0,0,0,Améliorer la visibilité
bon-plan-amazon-batterie-cuisine-camping-17-pieces-aluminium-juillet-2026,"Batterie cuisine camping 17 pièces aluminium à 29,77 €",bon-plan,2026-07-09,Amazon,Amazon,"29,77 €",0,0,0,0,Améliorer la visibilité
bon-plan-amazon-beaba-babycook-duo-robot-bebe-4en1-2200ml-juin-2026,"BÉABA Babycook Duo robot bébé 4-en-1 2200 ml à 118,90 €",bon-plan,2026-07-21,Amazon,Amazon,"118,90 €",0,0,0,0,Améliorer la visibilité
bon-plan-amazon-beaba-humidificateur-air-chambre-bebe-4l-27h-juillet-2026,"BÉABA humidificateur air 4 L bébé 27h en promo à 53,90 €",bon-plan,2026-07-21,Amazon,Amazon,"53,90 €",0,0,0,0,Améliorer la visibilité
bon-plan-amazon-beanify-rasoir-electrique-femme-led-ipx7-mai-2026,"Bon plan Amazon : Beanify Rasoir Électrique Femme écran LED IPX7 à 23,99€ (-40%)",bon-plan,2026-07-02,Amazon,Amazon,"23,99€ au lieu de 39,99€ (-40%)",0,0,0,0,Améliorer la visibilité
bon-plan-amazon-beanify-rasoir-electrique-femme-led-mai-2026,"Beanify Rasoir Électrique Femme avec Écran LED à 23,99 € sur Amazon (-40%)",bon-plan,2026-07-07,Amazon,Amazon,"23,99 € au lieu de 39,99 €",0,0,0,0,Améliorer la visibilité
bon-plan-amazon-beatbot-sora-10-robot-piscine-sans-fil-plages-immergees-juillet-2026,Beatbot Sora 10 robot piscine sans fil à 449 € (-36 %),bon-plan,2026-07-06,Amazon,Amazon,449 € (au lieu de 699 €),0,0,0,0,Améliorer la visibilité
bon-plan-amazon-bebe2luxe-berceau-cododo-kelio-juillet-2026,"BEBE2LUXE berceau cododo Kelio réglable : 79,80 €",bon-plan,2026-07-21,Amazon,Amazon,"79,80 €",0,0,0,0,Améliorer la visibilité
bon-plan-amazon-beko-rafraichisseur-air-65w-4-en-1-juillet-2026,"Beko Rafraîchisseur d'air 65 W 4-en-1 : 135,40 €",bon-plan,2026-07-01,Amazon,Amazon,"135,40 €",0,0,0,0,Améliorer la visibilité
bon-plan-amazon-best-jaja-litiere-chat-inox-xxl-anti-odeurs-juillet-2026,"BEST JAJA bac litière chat inox XXL 4-en-1 à 53,19 € (-34 %)",bon-plan,2026-07-06,Amazon,Amazon,"53,19 € (au lieu de 79,99 €)",0,0,0,0,Améliorer la visibilité
bon-plan-amazon-bestope-pro-fer-a-boucler-5en1-3-barils-juin-2026,"BESTOPE Pro fer à boucler 5-en-1 3 barils céramique à 29,03 €",bon-plan,2026-06-18,Amazon,Amazon,"29,03 €",0,0,0,0,Améliorer la visibilité
bon-plan-amazon-bestway-bouee-phoque-flash-splash-juin-2026,"Bestway bouée Phoque Flash 'n Splash 144 cm à 10,71€",bon-plan,2026-06-16,Amazon,Amazon,"10,71€",0,0,0,0,Améliorer la visibilité
bon-plan-amazon-bestway-piscine-gonflable-familiale-200x146-juin-2026,"Bestway piscine gonflable familiale 200x146x48cm à 16,09€",bon-plan,2026-06-16,Amazon,Amazon,"16,09€",0,0,0,0,Améliorer la visibilité
bon-plan-amazon-bestway-spa-gonflable-zurich-2-4-pers-juin-2026,Bestway spa gonflable Lay-Z-Spa Zurich 2-4 personnes à 295€,bon-plan,2026-06-16,Amazon,Amazon,295€,0,0,0,0,Améliorer la visibilité
bon-plan-amazon-bestway-steel-pro-max-kit-piscine-305x76-juin-2026,"Bestway Steel Pro Max piscine Ø305x76cm + pompe à 116,99€",bon-plan,2026-06-16,Amazon,Amazon,"116,99€",0,0,0,0,Améliorer la visibilité
bon-plan-amazon-bestway-steel-pro-max-piscine-305-200-84-mai-2026,"Bon plan Amazon : Bestway Steel Pro Max piscine hors sol (305 × 200 × 84 cm, ovale, grise) à 182,37 € au lieu de 219 € (-17 %)",bon-plan,2026-05-19,Amazon,Amazon,"182,37 € au lieu de 219 € (-17 %)",0,0,0,0,Améliorer la visibilité
bon-plan-amazon-bestway-tapis-sol-piscine-488x488-juin-2026,"Bestway tapis de sol carré 488x488cm pour piscine hors sol à 14,99€",bon-plan,2026-06-16,Amazon,Amazon,"14,99€",0,0,0,0,Améliorer la visibilité
bon-plan-amazon-beurer-by-80-pese-bebe-juin-2026,"Beurer BY 80 pèse-bébé surface incurvée à 27,99 € sur Amazon",bon-plan,2026-06-11,Amazon,Amazon,"27,99 €",0,0,0,0,Améliorer la visibilité
bon-plan-amazon-beurer-fc95-brosse-nettoyante-visage-4-embouts-juin-2026,"Bon Plan Beurer : FC 95 Brosse Nettoyante Visage 4 embouts 29,99€ Juin 2026",bon-plan,2026-06-03,Amazon,Amazon,"29,99€",0,0,0,0,Améliorer la visibilité
bon-plan-amazon-beurer-ht110-airstyler-5en1-ceramique-tourmaline-juin-2026,"Bon Plan Beurer : HT 110 Airstyler 5en1 céramique-tourmaline 119,99€ Juin 2026",bon-plan,2026-06-03,Amazon,Amazon,"119,99€",0,0,0,0,Améliorer la visibilité
bon-plan-amazon-beurre-de-karite-pur-220g-shea-butter-juin-2026,"Bon Plan Pur : Beurre de Karité Pur 220g 8,99€ Juin 2026",bon-plan,2026-06-03,Amazon,Amazon,"8,99€",0,0,0,0,Améliorer la visibilité
bon-plan-amazon-bi-oil-huile-soin-vergetures-200ml-juillet-2026,"Bi-Oil huile soin vergetures 200 ml : 16,73 €",bon-plan,2026-07-12,Amazon,Amazon,"16,73 €",0,0,0,0,Améliorer la visibilité
bon-plan-amazon-bic-kids-boite-coloriage-120-crayons-feutres,"BIC Kids boîte 60 crayons + 60 feutres : 28,09 €",bon-plan,2026-07-18,Amazon,Amazon,"28,09 €",0,0,0,0,Améliorer la visibilité
bon-plan-amazon-bic-kit-essentiels-22-stylos-4-couleurs-surligneurs,"BIC Kit Les Essentiels 22 stylos + surligneurs : 12,39 €",bon-plan,2026-07-18,Amazon,Amazon,"12,39 €",0,0,0,0,Améliorer la visibilité
bon-plan-amazon-bic-kit-fournitures-scolaires-21-pieces-compas-gomme,"BIC kit fournitures scolaires 21 pièces compas + gommes : 14,39 €",bon-plan,2026-07-18,Amazon,Amazon,"14,39 €",0,0,0,0,Améliorer la visibilité
bon-plan-amazon-bigmachine-windows-10-ordinateur-portable-mini-10-32go-juillet-2026,"Bigmachine PC portable mini 10 pouces AZERTY 32 Go : 222,60 €",bon-plan,2026-07-01,Amazon,Amazon,"222,60 €",0,0,0,0,Améliorer la visibilité
bon-plan-amazon-biodance-bio-collagen-real-deep-4-masques-juillet-2026,"Biodance Bio-Collagen Real Deep 4 masques hydrogel à 14,19 €",bon-plan,2026-07-10,Amazon,Amazon,"14,19 €",0,0,0,0,Améliorer la visibilité
bon-plan-amazon-biodance-collagen-peptide-eye-patches-60-mai-2026,Bon plan Amazon : Biodance Collagen Peptide Eye Patches (60 patchs anti-rides + lignes du sourire) à 20 € au lieu de 25 € (-20 %),bon-plan,2026-05-19,Amazon,Amazon,20 € au lieu de 25 € (-20 %),0,0,0,0,Améliorer la visibilité
bon-plan-amazon-biodance-masque-pdrn-hydratation-quotidienne-mai-2026,"Bon plan Amazon : Biodance Masque de Soin Visage PDRN — Hydratation Quotidienne K-beauty à 14,17 €",bon-plan,2026-05-19,Amazon,Amazon,"14,17 € au lieu de 14,92 € (-5 %)",0,0,0,0,Améliorer la visibilité
bon-plan-amazon-bioderma-crealine-huile-micellaire-2026,Bioderma Créaline Huile Micellaire : notre avis complet,beaute,2026-07-10,Amazon,Amazon,"17,39 €",0,0,0,0,Améliorer la visibilité
bon-plan-amazon-biolane-eau-toilette-bebe-fraicheur-200ml-juillet-2026,"Biolane eau de toilette bébé Fraîcheur 200 ml à 3,84 €",bon-plan,2026-07-15,Amazon,Amazon,"3,84 €",0,0,0,0,Améliorer la visibilité
bon-plan-amazon-bionoble-huile-ricin-bio-50ml-cheveux-cils-sourcils-juillet-2026,"Bionoble huile de ricin bio 50ml à 9,98 €",bon-plan,2026-07-15,Amazon,Amazon,"9,98 €",0,0,0,0,Améliorer la visibilité
bon-plan-amazon-biotherm-aquasource-cica-nutri-cream-48h-juillet-2026,"Biotherm Aquasource Cica Nutri Cream 48H à 24,63 €",bon-plan,2026-07-12,Amazon,Amazon,"24,63 €",0,0,0,0,Améliorer la visibilité
bon-plan-amazon-biotherm-aquasource-hyalu-plump-gel-2026,Biotherm Aquasource Hyalu Plump Gel Hydratant Acide Hyaluronique à 40€ (-27%),bon-plan,2026-07-07,Amazon,Amazon,40€,0,0,0,0,Améliorer la visibilité
bon-plan-amazon-biotherm-blue-peptides-uplift-creme-collagene-2026,"Biotherm Blue Peptides Uplift Crème Anti-Âge Collagène à 29,65€ (-5%)",bon-plan,2026-06-08,Amazon,Amazon,"29,65€",0,0,0,0,Améliorer la visibilité
bon-plan-amazon-biotherm-blue-peptides-uplift-creme-nuit-anti-age-50ml-juin-2026,"Bon Plan Biotherm : Blue Peptides Uplift Crème de Nuit Anti-Âge 50ml 59,89€ Juin 2026",bon-plan,2026-07-12,Amazon,Amazon,"59,89€",0,0,0,0,Améliorer la visibilité
bon-plan-amazon-biotherm-blue-peptides-uplift-creme-riche-50ml-juillet-2026,"Biotherm Blue Peptides Uplift crème riche 50 ml à 56,68 €",bon-plan,2026-07-12,Amazon,Amazon,"56,68 €",0,0,0,0,Améliorer la visibilité
bon-plan-amazon-biotherm-blue-therapy-revitalized-creme-anti-age-2026,"Biotherm Blue Therapy Revitalized Crème Jour Anti-Âge à 51,84€ (-5%)",bon-plan,2026-06-08,Amazon,Amazon,"51,84€",0,0,0,0,Améliorer la visibilité
bon-plan-amazon-biotherm-collagen-fit-lait-raffermissant-hydratant-400ml-juillet-2026,"Biotherm Collagen Fit Lait Raffermissant 400 ml : 32,95 €",bon-plan,2026-07-13,Amazon,Amazon,"32,95 €",0,0,0,0,Améliorer la visibilité
bon-plan-amazon-biotherm-homme-aquapower-gel-yeux-anti-poches-15ml-juillet-2026,"Biotherm Homme Aquapower gel yeux anti-poches à 16,79 €",bon-plan,2026-07-12,Amazon,Amazon,"16,79 €",0,0,0,0,Améliorer la visibilité
bon-plan-amazon-biotherm-homme-force-supreme-gel-anti-age-mai-2026,"Biotherm Homme Force Supreme gel anti-âge à 50,99 € (-32%)",bon-plan,2026-07-07,Amazon,Amazon,"50,99 € au lieu de 74,76 € (-32%)",0,0,0,0,Améliorer la visibilité
bon-plan-amazon-biotherm-life-plankton-lait-corps-400ml-juillet-2026,"Biotherm Life Plankton lait corps 400 ml à 20,51 €",bon-plan,2026-07-12,Amazon,Amazon,"20,51 €",0,0,0,0,Améliorer la visibilité
bon-plan-amazon-biotherm-life-plankton-serum-anti-age-2026,"Biotherm Life Plankton Sérum Anti-Âge Ultra-Concentré à 56,77€ (-5%)",bon-plan,2026-06-08,Amazon,Amazon,"56,77€",0,0,0,0,Améliorer la visibilité
bon-plan-amazon-bissell-little-green-shampouineuse-canape-juin-2026,"Bissell Little Green shampouineuse canapé 340W à 85,49€ (-34%)",bon-plan,2026-06-14,Amazon,Amazon,"85,49€ au lieu de 129,99€ (-34%)",0,0,0,0,Améliorer la visibilité
bon-plan-amazon-bledina-bledichef-8-petits-plats-12-mois-juin-2026,"Blédina Blédichef 8 petits plats bébé dès 12 mois à 13,27 €",bon-plan,2026-06-18,Amazon,Amazon,"13,27 €",0,0,0,0,Améliorer la visibilité
bon-plan-amazon-blink-camera-2k-sonnette-video-107-euros-mai-2026,"Blink Caméra extérieure 2K+ + sonnette vidéo + module sync à 107,99 € sur Amazon (-54%)",bon-plan,2026-05-17,Amazon,Amazon,"107,99 € au lieu de 234,98 €",0,0,0,0,Améliorer la visibilité
bon-plan-amazon-blukar-lampe-camping-rechargeable-2000lm-lanterne-led-juillet-2026,"Blukar lampe camping LED 2000 lm rechargeable 7 modes 17,99 €",bon-plan,2026-07-09,Amazon,Amazon,"17,99 €",0,0,0,0,Améliorer la visibilité
bon-plan-amazon-bocxi-robot-piscine-sans-fil-180min-220-euros-mai-2026,"Bon Plan Amazon : Bocxi Robot Piscine Sans Fil 180 min Filtration Ultra-Fine à 219,99€",bon-plan,2026-05-30,Amazon,Amazon,"219,99€ au lieu de 399,99€ (-45%)",0,0,0,0,Améliorer la visibilité
bon-plan-amazon-bocxi-robot-piscine-sans-fil-200min-navigation-intelligente,"Bocxi robot piscine sans fil 200 min : 179,99 €",bon-plan,2026-07-17,Amazon,Amazon,"179,99 €",0,0,0,0,Améliorer la visibilité
bon-plan-amazon-bopcal-brosse-chauffante-38mm-lissage-boucles-juin-2026,"Bon Plan Bopcal : Brosse Chauffante 38mm Lissage + Boucles 39,99€ Juin 2026",bon-plan,2026-06-03,Amazon,Amazon,"39,99€",0,0,0,0,Améliorer la visibilité
bon-plan-amazon-bosch-air-fryer-xxl-7-2l-7-programmes-juin-2026,"Bosch Air Fryer XXL 7,2L Série 6 vitre éclairée à 93,99€ (-41%)",bon-plan,2026-06-15,Amazon,Amazon,"93,99€ au lieu de 159,99€ (-41%)",0,0,0,0,Améliorer la visibilité
bon-plan-amazon-bosch-professional-gds-18v-350-boulonneuse-166-euros-2026,"Bosch Pro GDS 18V-350 boulonneuse sans fil à 165,20 €",bon-plan,2026-06-28,Amazon,Amazon,"165,20 €",0,0,0,0,Améliorer la visibilité
bon-plan-amazon-bosch-tassimo-style-tas113e-cafetiere-rouge-juin-2026,"Bosch Tassimo Style TAS113E rouge à 34,99 € (-63%)",bon-plan,2026-07-18,Amazon,Amazon,"34,99 € au lieu de 94,99 € (-63%)",0,0,0,0,Améliorer la visibilité
bon-plan-amazon-botanic-hearth-huile-batana-dr-sebi-juillet-2026,"Huile Batana Dr Sebi pousse cheveux 60 ml à 8,70 €",bon-plan,2026-07-10,Amazon,Amazon,"8,70 €",0,0,0,0,Améliorer la visibilité
bon-plan-amazon-botluxe-robot-piscine-sans-fil-batterie-mai-2026,BOTLUXE robot piscine sans fil 3 zones à 349 €,bon-plan,2026-07-07,Amazon,Amazon,349 €,0,0,0,0,Améliorer la visibilité
bon-plan-amazon-botslab-dashcam-4k-2k-camera-embarquee-wifi-gps-mai-2026,"BOTSLAB dashcam 4K avant + 2K arrière WiFi GPS à 139,99 € (-30 %)",bon-plan,2026-07-24,Amazon,Amazon,"139,99 € au lieu de 199,99 € (-30 %)",0,0,0,0,Améliorer la visibilité
bon-plan-amazon-bracelet-performance-scratch-fitbit-air-brume-mai-2026,"Bon plan Amazon : Bracelet performance à scratch Google Fitbit Air — taille unique, réglable au millimètre, adapté au sport, coloris Brume à 44,99€",bon-plan,2026-05-28,Amazon,Amazon,"44,99 €",0,0,0,0,Améliorer la visibilité
bon-plan-amazon-brasero-favex-bi-energy-gun-metal-plancha-gaz-barbecue-juin-2026,Brasero FAVEX Bi-Energy Gun Metal plancha gaz + BBQ charbon à 849 €,bon-plan,2026-06-21,Amazon,Amazon,"849,00 €",0,0,0,0,Améliorer la visibilité
bon-plan-amazon-braun-facespa-851v-epilateur-brosse-nettoyante-juin-2026,"Braun FaceSpa 851V Épilateur Visage + Brosse Nettoyante à 59,99 € (-22 %)",bon-plan,2026-07-15,Amazon,Amazon,"59,99 €",0,0,0,0,Améliorer la visibilité
bon-plan-amazon-braun-silk-expert-mini-pl1104-ipl-tondeuse-venus-juillet-2026,"Braun Silk Expert Mini PL1104 IPL + tondeuse Venus à 269,98 € (-34 %)",bon-plan,2026-07-06,Amazon,Amazon,"269,98 € (au lieu de 409,99 €)",0,0,0,0,Améliorer la visibilité
bon-plan-amazon-bright-starts-pop-n-sit-rehausseur-portable-bebe-mai-2026,"Réhausseur portable Bright Starts Pop 'N Sit avec tablette repas 6 mois-3 ans à 17,99 € sur Amazon (-10%)",bon-plan,2026-05-18,Amazon,Amazon,"17,99 € au lieu de 19,99 €",0,0,0,0,Améliorer la visibilité
bon-plan-amazon-brosse-lymphatique-visage-anti-cernes-juillet-2026,"Brosse lymphatique visage 2 pièces anti-cernes : 12,99 €",bon-plan,2026-07-12,Amazon,Amazon,"12,99 €",0,0,0,0,Améliorer la visibilité
bon-plan-amazon-bulldog-soin-hydratant-age-defense-juin-2026,"Bulldog Soin Hydratant Age Defense homme 100 ml à 7,69€",bon-plan,2026-06-14,Amazon,Amazon,"7,69€",0,0,0,0,Améliorer la visibilité
bon-plan-amazon-buzzoxerex-matelas-gonflable-piscine-double-hamac-juin-2026,"Matelas Gonflable Piscine BuzzoXerex Double Hamac à 48,99 €",bon-plan,2026-06-13,Amazon,Amazon,"48,99 €",0,0,0,0,Améliorer la visibilité
bon-plan-amazon-calligraphe-10-cahiers-clairefontaine-2026,"Calligraphe 10 Cahiers 17x22 cm (Clairefontaine) à 6,70€",bon-plan,2026-06-08,Amazon,Amazon,"6,70€",0,0,0,0,Améliorer la visibilité
bon-plan-amazon-calligraphe-lot-9-cahiers-24x32-grands-carreaux-2026,"Calligraphe Lot 9 Cahiers 24×32 grands carreaux : 13,23 €",bon-plan,2026-07-21,Amazon,Amazon,"13,23 €",0,0,0,0,Améliorer la visibilité
bon-plan-amazon-calor-easygliss-eco-fer-repasser-2800w-fabrique-france-45-euros-mai-2026,"Bon Plan Amazon : Calor Easygliss Eco Fer à Repasser 2800W Fabriqué en France à 44,99€",bon-plan,2026-07-14,Amazon,Amazon,"41,99 €",0,0,0,0,Améliorer la visibilité
bon-plan-amazon-calor-pro-express-ultimate-centrale-vapeur-french-week-2026,"Calor Pro Express Ultimate centrale vapeur 7,3 bars à 169,99 €",bon-plan,2026-06-28,Amazon,Amazon,"169,99 €",0,0,0,0,Améliorer la visibilité
bon-plan-amazon-calor-pro-express-ultimate-ii-centrale-vapeur-fabrique-france,"Calor Pro Express Ultimate II centrale vapeur : 209,99 €",bon-plan,2026-07-17,Amazon,Amazon,"209,99 €",0,0,0,0,Améliorer la visibilité
bon-plan-amazon-calvin-klein-tshirt-classic-monogram-homme-juin-2026,"Calvin Klein T-shirt Classic Monogram homme à 12,48 €",bon-plan,2026-06-21,Amazon,Amazon,"12,48 €",0,0,0,0,Améliorer la visibilité
bon-plan-amazon-campair-accessoire-de-plage-2-en-1-149-99-euros-juillet-2026,"CampAir Accessoire de Plage 2 en 1 à 149,99 € sur Amazon",bon-plan,2026-07-03,Amazon,Amazon,"149,99 €",0,0,0,0,Améliorer la visibilité
bon-plan-amazon-campingaz-class-4-ld-plus-barbecue-gaz-juin-2026,"Campingaz Class 4 LD Plus barbecue gaz à 467,09 €",bon-plan,2026-06-21,Amazon,Amazon,"467,09 €",0,0,0,0,Améliorer la visibilité
bon-plan-amazon-campingaz-plancha-bf-l-2-bruleurs-blue-flame-juillet-2026,"Campingaz plancha BF L 2 brûleurs Blue Flame à 130,49 € (-35 %)",bon-plan,2026-07-06,Amazon,Amazon,"130,49 € (au lieu de 199,77 €)",0,0,0,0,Améliorer la visibilité
bon-plan-amazon-campingaz-rechaud-camp-bistro-3-juillet-2026,"Campingaz Camp Bistro 3 réchaud compact à 26,95 €",bon-plan,2026-07-09,Amazon,Amazon,"26,95 €",0,0,0,0,Améliorer la visibilité
bon-plan-amazon-cartouche-purification-humidificateur-dreo-hm311-juillet-2026,"DREO cartouche purification humidificateur HM311 à 23,98 €",bon-plan,2026-07-18,Amazon,Amazon,"23,98 €",0,0,0,0,Améliorer la visibilité
bon-plan-amazon-casaria-table-camping-pliante-8-personnes-mai-2026,"Bon plan Amazon : Casaria Table de Camping Pliante 8 personnes (183×75×73 cm, plastique anthracite) à 57,99 € (-19 %)",bon-plan,2026-05-19,Amazon,Amazon,"57,99 € au lieu de 71,99 € (-19 %)",0,0,0,0,Améliorer la visibilité
bon-plan-amazon-cascho-montre-connectee-1-85-pouces-rose-30j-ip68-mai-2026,"CASCHO montre connectée rose 30 j d'autonomie à 18,99 €",bon-plan,2026-05-28,Amazon,Amazon,"18,99 € (au lieu de 19,99 €, -5%)",0,0,0,0,Améliorer la visibilité
bon-plan-amazon-cashwise-machine-glace-italienne-450w-lcd-mai-2026,"Cashwise machine à glace italienne 4-8 kg/h à 96,99 € (−49 %)",bon-plan,2026-06-05,Amazon,Amazon,"96,99 € au lieu de 189,99 € (-49 %)",0,0,0,0,Améliorer la visibilité
bon-plan-amazon-caydo-machine-tricoter-francaise-automatique-mai-2026,"Bon plan Amazon : Caydo machine à tricoter française automatique à 108,29€ au lieu de 169,99€ (-36%)",bon-plan,2026-05-25,Amazon,Amazon,"108,29€ au lieu de 169,99€ (-36%)",0,0,0,0,Améliorer la visibilité
bon-plan-amazon-cecotec-conga-pooldroid-aquaskater-robot-piscine-juin-2026,Cecotec Conga Pooldroid AquaSkater robot piscine solaire à 249€,bon-plan,2026-06-16,Amazon,Amazon,249€,0,0,0,0,Améliorer la visibilité
bon-plan-amazon-cecotec-radiateur-soufflant-salle-bain-ready-warm-9790-juillet-2026,"Cecotec Ready Warm 9790 soufflant salle de bain : 22,90 €",bon-plan,2026-07-01,Amazon,Amazon,"22,90 €",0,0,0,0,Améliorer la visibilité
bon-plan-amazon-celimax-txa-tampons-clarifiants-corps-juillet-2026,Celimax TXA tampons clarifiants corps aisselles à 25 €,bon-plan,2026-07-10,Amazon,Amazon,"25,00 €",0,0,0,0,Améliorer la visibilité
bon-plan-amazon-celimax-vita-a-retinal-shot-soin-raffermissant-juin-2026,"Celimax Vita A Retinal Shot 15 ml à 13,50 € (K-beauty)",bon-plan,2026-07-26,Amazon,Amazon,"13,50 €",0,0,0,0,Améliorer la visibilité
bon-plan-amazon-cerave-baume-intensif-corps-visage-340g-juin-2026,"CeraVe baume hydratant intensif corps & visage 340g à 13,99€",bon-plan,2026-07-07,Amazon,Amazon,"13,99€",0,0,0,0,Améliorer la visibilité
bon-plan-amazon-cerave-creme-hydratante-visage-2026,"CeraVe Crème Hydratante Visage à 12,89 €",bon-plan,2026-07-24,Amazon,Amazon,"12,89 €",0,0,0,0,Améliorer la visibilité
bon-plan-amazon-cerave-creme-hydratante-visage-peaux-normales-a-seches-hydratati-2026,"CeraVe Crème Hydratante Visage, Peaux Normales à Sèches, Hydratatio… à 11,80 €",bon-plan,2026-07-24,Amazon,Amazon,"11,80 €",0,0,0,0,Améliorer la visibilité
bon-plan-amazon-cerave-creme-hydratante-visage-spf50-acide-hyaluronique-juin-2026,"CeraVe crème hydratante visage SPF50 acide hyaluronique à 12,89 €",bon-plan,2026-06-20,Amazon,Amazon,"12,89 €",0,0,0,0,Améliorer la visibilité
bon-plan-amazon-cerave-fluide-hydratant-spf50-peaux-seches-juin-2026,"Bon Plan CeraVe : Fluide Hydratant SPF50 Peaux Normales à Sèches 9,50€ Juin 2026",bon-plan,2026-06-03,Amazon,Amazon,"9,50€",0,0,0,0,Améliorer la visibilité
bon-plan-amazon-cerave-fluide-toucher-sec-spf50-peaux-mixtes-grasses-juin-2026,"Bon Plan CeraVe : Fluide Invisible Toucher Sec SPF50+ Peaux Mixtes à Grasses 9,58€ Juin 2026",bon-plan,2026-06-03,Amazon,Amazon,"9,58€",0,0,0,0,Améliorer la visibilité
bon-plan-amazon-cerave-gel-moussant-anti-imperfections-acide-salicylique-juin-2026,"CeraVe gel moussant anti-imperfections acide salicylique à 8,99 €",bon-plan,2026-07-10,Amazon,Amazon,"8,99 €",0,0,0,0,Améliorer la visibilité
bon-plan-amazon-cerave-gel-moussant-ventes-flash-printemps-2026,CeraVe Gel Moussant Nettoyant 236 ml : le nettoyant visage dermato culte,bon-plan,2026-03-10,Amazon,Amazon,Dès 10 €,0,0,0,0,Améliorer la visibilité
bon-plan-amazon-cerave-soin-concentre-anti-imperfections-aha-bha-juin-2026,"CeraVe soin concentré anti-imperfections AHA-BHA 40 ml à 10,87 €",bon-plan,2026-07-07,Amazon,Amazon,"10,87 €",0,0,0,0,Améliorer la visibilité
bon-plan-amazon-chanhyer-coffret-6-huiles-essentielles-clean-linge-frais-menthe,"Chanhyer coffret 6 huiles essentielles Clean 10 ml à 14,15 €",bon-plan,2026-07-22,Amazon,Amazon,"14,15 €",0,0,0,0,Améliorer la visibilité
bon-plan-amazon-chicco-everone-i-size-siege-auto-pivotant-360-juin-2026,Chicco Everone i-Size siège auto pivotant 360° 0-36 kg à 279 €,bon-plan,2026-07-07,Amazon,Amazon,279 €,0,0,0,0,Améliorer la visibilité
bon-plan-amazon-chicco-hochet-singe-dentition-doux-miroir-poussette,"Chicco hochet singe dentition + miroir poussette : 7,99 €",bon-plan,2026-07-17,Amazon,Amazon,"7,99 €",0,0,0,0,Améliorer la visibilité
bon-plan-amazon-chicco-sandales-fille-double-scratch-mai-2026,"Bon plan Amazon : Chicco sandales fille double scratch à 23,69€ (-39%)",bon-plan,2026-05-21,Amazon,Amazon,"23,69€ au lieu de 39,09€ (-39%)",0,0,0,0,Améliorer la visibilité
bon-plan-amazon-chicco-unicoevo-i-size-siege-auto-pivotant-0-36-kg-juin-2026,"Chicco UnicoEvo i-Size siège auto pivotant 0-36 kg à 209,90 €",bon-plan,2026-07-21,Amazon,Amazon,"209,90 €",0,0,0,0,Améliorer la visibilité
bon-plan-amazon-chiq-lave-linge-8kg-1400tr-inverter-vapeur,"CHiQ lave-linge 8 kg 1400 tr Inverter + vapeur : 319,99 €",bon-plan,2026-07-17,Amazon,Amazon,"319,99 €",0,0,0,0,Améliorer la visibilité
bon-plan-amazon-ciarra-susgreenable-osmoseur-eau-chaude-5t-juillet-2026,"CIARRA SusGreenable osmoseur + eau chaude 5 T° à 110,38 € (-57 %)",bon-plan,2026-07-06,Amazon,Amazon,"110,38 € (au lieu de 257,59 €)",0,0,0,0,Améliorer la visibilité
bon-plan-amazon-ciarra-susgreenable-osmoseur-purificateur-eau-chaude-juillet-2026,"Osmoseur CIARRA SusGreenable eau chaude : 110,38 € (-57 %)",bon-plan,2026-07-08,Amazon,Amazon,"110,38 € au lieu de 257,59 €",0,0,0,0,Améliorer la visibilité
bon-plan-amazon-clairefontaine-9-cahiers-mimesys-17x22-48-pages-rentree-2026,"Clairefontaine 9 cahiers Mimesys 17x22 48 pages à 7,96 €",bon-plan,2026-07-22,Amazon,Amazon,"7,96 €",0,0,0,0,Améliorer la visibilité
bon-plan-amazon-clairefontaine-cahier-koverbook-a4-48-pages-juin-2026,"Clairefontaine cahier Koverbook A4 48 pages à 2,68 €",bon-plan,2026-06-22,Amazon,Amazon,"2,68 €",0,0,0,0,Améliorer la visibilité
bon-plan-amazon-clairefontaine-calligraphe-10-cahiers-24x32-grands-carreaux-96p,"Clairefontaine 10 cahiers grands carreaux 96 p : 17,60 €",bon-plan,2026-07-18,Amazon,Amazon,"17,60 €",0,0,0,0,Améliorer la visibilité
bon-plan-amazon-clairefontaine-calligraphe-10-cahiers-24x32-petits-carreaux-48p,"Clairefontaine 10 cahiers petits carreaux 48 p : 18,71 €",bon-plan,2026-07-18,Amazon,Amazon,"18,71 €",0,0,0,0,Améliorer la visibilité
bon-plan-amazon-clevahome-arbre-chat-denim-petits-chats-mai-2026,"ClevaHome Arbre à Chat Bleu Denim Petits Chats à 27,99 € sur Amazon (-30%)",bon-plan,2026-05-22,Amazon,Amazon,"27,99 € au lieu de 39,99 €",0,0,0,0,Améliorer la visibilité
bon-plan-amazon-climatiseur-mobile-2026-sans-evacuation-4-vitesses-juillet-2026,"Climatiseur mobile 2026 sans évacuation 4 vitesses : 13,98 €",bon-plan,2026-07-18,Amazon,Amazon,"13,98 €",0,0,0,0,Améliorer la visibilité
bon-plan-amazon-climatiseur-mobile-3-en-1-rafraichisseur-6l-juin-2026,"Climatiseur mobile 3-en-1 rafraîchisseur 6L silencieux 35dB à 119,99€",bon-plan,2026-06-14,Amazon,Amazon,"119,99€",0,0,0,0,Améliorer la visibilité
bon-plan-amazon-climatiseur-mobile-4-en-1-mode-tempete-28db-juin-2026,Climatiseur mobile 4-en-1 mode tempête 28 dB oscillation 120° à 129 €,bon-plan,2026-06-19,Amazon,Amazon,"129,99 €",0,0,0,0,Améliorer la visibilité
bon-plan-amazon-climatiseur-mobile-4en1-refroidissement-deshumidification-juillet-2026,"Climatiseur mobile 4-en-1 refroidissement + déshu à 359,99 €",bon-plan,2026-07-18,Amazon,Amazon,"359,99 €",0,0,0,0,Améliorer la visibilité
bon-plan-amazon-climatiseur-mobile-6-en-1-portable-juillet-2026,"Climatiseur mobile 6 en 1 portable silencieux : 22,22 €",bon-plan,2026-07-12,Amazon,Amazon,"22,22 €",0,0,0,0,Améliorer la visibilité
bon-plan-amazon-climatiseur-mobile-brume-froide-6-vitesses-juin-2026,"Climatiseur mobile silencieux brume froide 6 vitesses à 94,99€",bon-plan,2026-06-14,Amazon,Amazon,"94,99€",0,0,0,0,Améliorer la visibilité
bon-plan-amazon-climatiseur-mobile-portable-refroidisseur-silencieux-900ml-juillet-2026,"Climatiseur portable refroidisseur d'air 900 ml à 89,99 €",bon-plan,2026-07-18,Amazon,Amazon,"89,99 €",0,0,0,0,Améliorer la visibilité
bon-plan-amazon-climatiseur-mobile-silencieux-ventilateur-rafraichisseur-juillet-2026,"Climatiseur mobile silencieux 3-en-1 brumisation à 79,99 €",bon-plan,2026-07-18,Amazon,Amazon,"79,99 €",0,0,0,0,Améliorer la visibilité
bon-plan-amazon-climatiseur-portable-3-en-1-9000-btu-deshumidificateur-juillet-2026,"Climatiseur portable 3-en-1 9 000 BTU : 449,02 €",bon-plan,2026-07-01,Amazon,Amazon,"449,02 €",0,0,0,0,Améliorer la visibilité
bon-plan-amazon-climatiseur-portable-voyage-5121-btu-tente-220v-juillet-2026,"Climatiseur portable voyage 5121 BTU tente 220 V : 499,99 €",bon-plan,2026-07-01,Amazon,Amazon,"499,99 €",0,0,0,0,Améliorer la visibilité
bon-plan-amazon-clinique-all-about-clean-gelee-nettoyante-exfoliante-juillet-2026,"Clinique All About Clean gelée nettoyante 2-en-1 à 28,99 €",bon-plan,2026-07-12,Amazon,Amazon,"28,99 €",0,0,0,0,Améliorer la visibilité
bon-plan-amazon-clinique-all-about-clean-savon-visage-liquide-200ml-juillet-2026,"Clinique All About Clean savon visage liquide 200 ml à 20,95 €",bon-plan,2026-07-12,Amazon,Amazon,"20,95 €",0,0,0,0,Améliorer la visibilité
bon-plan-amazon-clinique-all-about-eyes-soin-contour-yeux-vitamine-c-2026,"Clinique All About Eyes Soin Contour Yeux Vitamine C à 25,89€ (-5%)",bon-plan,2026-06-08,Amazon,Amazon,"25,89€",0,0,0,0,Améliorer la visibilité
bon-plan-amazon-clinique-almost-lipstick-black-pink-nude-honey-juin-2026,"Clinique Almost Lipstick Black Honey, Pink Honey, Nude Honey à 17,95 €",bon-plan,2026-07-13,Amazon,Amazon,"17,95 €",0,0,0,0,Améliorer la visibilité
bon-plan-amazon-clinique-anti-blemish-soin-hydratant-anti-imperfections-2026,"Clinique Anti-Blemish Solutions Soin Hydratant Anti-Imperfections à 18,89€ (-5%)",bon-plan,2026-06-08,Amazon,Amazon,"18,89€",0,0,0,0,Améliorer la visibilité
bon-plan-amazon-clinique-aromatics-black-eau-de-parfum-100ml-juin-2026,Bon Plan Clinique Aromatics in Black : Eau de Parfum 100ml 87€ Juin 2026,bon-plan,2026-06-30,Amazon,Amazon,87€,0,0,0,0,Améliorer la visibilité
bon-plan-amazon-clinique-concentre-yeux-moisture-surge-96h-juin-2026,"Clinique concentré yeux Moisture Surge 96H 15ml à 35,99€",bon-plan,2026-07-07,Amazon,Amazon,"35,99€",0,0,0,0,Améliorer la visibilité
bon-plan-amazon-clinique-even-better-creme-hydratante-spf20-mai-2026,Clinique Even Better crème hydratante SPF 20 à 49 € (-35%),bon-plan,2026-07-14,Amazon,Amazon,"49,00 €",0,0,0,0,Améliorer la visibilité
bon-plan-amazon-clinique-for-men-soin-hydratant-visage-peaux-grasses-juin-2026,"Clinique For Men soin hydratant visage peaux grasses à 30,99 €",bon-plan,2026-07-10,Amazon,Amazon,"30,99 €",0,0,0,0,Améliorer la visibilité
bon-plan-amazon-clinique-lotion-exfoliante-1-peaux-seches-sensibles-2026,"Clinique Lotion Exfoliante 1.0 Sans Alcool Peaux Sèches & Sensibles 200ml à 17,49€ (-5%)",bon-plan,2026-06-08,Amazon,Amazon,"17,49€",0,0,0,0,Améliorer la visibilité
bon-plan-amazon-clinique-moisture-surge-100h-hyaluronique-juillet-2026,"Clinique Moisture Surge 100H hyaluronique à 28,70 €",bon-plan,2026-07-10,Amazon,Amazon,"28,70 €",0,0,0,0,Améliorer la visibilité
bon-plan-amazon-clinique-moisture-surge-masque-nuit-100ml-juillet-2026,"Clinique Moisture Surge masque nuit 100 ml à 27,30 €",bon-plan,2026-07-12,Amazon,Amazon,"27,30 €",0,0,0,0,Améliorer la visibilité
bon-plan-amazon-clinique-moisture-surge-soin-auto-rehydratant-100h-a-l-acide-hya-2026,"Clinique Moisture Surge Soin Auto-Réhydratant 100H à l'Acide Hyaluron… à 11,19 €",bon-plan,2026-07-24,Amazon,Amazon,"11,19 €",0,0,0,0,Améliorer la visibilité
bon-plan-amazon-clinique-pop-rouge-a-levres-longue-tenue,"Clinique Pop rouge à lèvres longue tenue : 15,60 €",bon-plan,2026-07-18,Amazon,Amazon,"15,60 €",0,0,0,0,Améliorer la visibilité
bon-plan-amazon-clinique-savon-visage-liquide-peaux-seches-2026,"Clinique All About Clean Savon Visage Peaux Sèches 200ml à 13,73€",bon-plan,2026-06-08,Amazon,Amazon,"13,73€",0,0,0,0,Améliorer la visibilité
bon-plan-amazon-clinique-smart-clinical-repair-creme-anti-rides-juillet-2026,"Clinique Smart Clinical Repair crème anti-rides à 59,99 €",bon-plan,2026-07-12,Amazon,Amazon,"59,99 €",0,0,0,0,Améliorer la visibilité
bon-plan-amazon-clinique-take-day-off-mousse-nettoyante-hyaluronique-2026,"Clinique Take The Day Off Mousse Nettoyante Acide Hyaluronique à 17,95€ (-5%)",bon-plan,2026-06-08,Amazon,Amazon,"17,95€",0,0,0,0,Améliorer la visibilité
bon-plan-amazon-clinique-take-the-day-off-baume-demaquillant-juillet-2026,"Clinique Take The Day Off baume démaquillant à 20,90 €",bon-plan,2026-07-12,Amazon,Amazon,"20,90 €",0,0,0,0,Améliorer la visibilité
bon-plan-amazon-cluedo-one-piece-jeu-societe-juin-2026,Cluedo One Piece jeu de société 2-6 joueurs 12+ à 26 €,bon-plan,2026-07-02,Amazon,Amazon,"26,00 €",0,0,0,0,Améliorer la visibilité
bon-plan-amazon-coffret-rituel-detoxifiant-the-vert-verveine-juin-2026,"Bon Plan Coffret Cadeau : Rituel Détoxifiant Thé Vert Verveine (5 produits) 19,00€ Juin 2026",bon-plan,2026-06-03,Amazon,Amazon,"19,00€",0,0,0,0,Améliorer la visibilité
bon-plan-amazon-coldfill-mousseur-lait-electrique-8-en-1-66-euros-mai-2026,"COLDFILL mousseur à lait électrique 8-en-1 à 60,01 € (-49%)",bon-plan,2026-06-18,Amazon,Amazon,"60,01 € au lieu de 116,65 € (-49%)",0,0,0,0,Améliorer la visibilité
bon-plan-amazon-collier-gps-chat-chien-sans-abonnement-juillet-2026,"Collier GPS chat/chien sans abonnement : 29,99 €",bon-plan,2026-07-12,Amazon,Amazon,"29,99 €",0,0,0,0,Améliorer la visibilité
bon-plan-amazon-comfee-climatiseur-mobile-10000-btu-classe-a-plus-mai-2026,"Bon plan Amazon : COMFEE' Climatiseur Mobile 10000 BTU/h 2,9kW classe A+, 3 modes, mode nuit, minuterie 24h, pour pièces de 33 m²/88 m³, kit d'évacuation inclus, réfrigérant naturel à 416,99€ (au lieu de 439,99€, -5%)",bon-plan,2026-05-28,Amazon,Amazon,"416,99 € (au lieu de 439,99 €, -5%)",0,0,0,0,Améliorer la visibilité
bon-plan-amazon-comfee-climatiseur-mobile-7000-btu-breezy-cool-2-mai-2026,"Bon plan Amazon : COMFEE' Climatiseur Mobile 7000 BTU/h 2kW Breezy Cool 2.0, contrôle App, 3 modes, 3 vitesses ventilation, minuterie 24h, compact, Alexa, classe A à 209,99€ (au lieu de 222,99€, -6%)",bon-plan,2026-05-28,Amazon,Amazon,"209,99 € (au lieu de 222,99 €, -6%)",0,0,0,0,Améliorer la visibilité
bon-plan-amazon-comfee-climatiseur-mobile-8000-btu-3-en-1-juin-2026,"COMFEE climatiseur mobile 8000 BTU 3-en-1 à 249,99€",bon-plan,2026-06-16,Amazon,Amazon,"249,99€",0,0,0,0,Améliorer la visibilité
bon-plan-amazon-compeed-6-pansements-ampoules-hydrocolloides-juin-2026,"Compeed 6 pansements ampoules hydrocolloïdes assortiment à 5,80€ (-34%)",bon-plan,2026-06-15,Amazon,Amazon,"5,80€ au lieu de 8,81€ (-34%)",0,0,0,0,Améliorer la visibilité
bon-plan-amazon-conquerant-3-cahiers-17x22-96-pages-seyes-rentree-2026,"Conquérant 3 cahiers 17x22 96 pages Seyès 90g à 6,95 €",bon-plan,2026-07-22,Amazon,Amazon,"6,95 €",0,0,0,0,Améliorer la visibilité
bon-plan-amazon-conquerant-lot-10-cahiers-24x32-seyes-2026,"Conquérant Lot 10 Cahiers 24×32 grands carreaux : 21,99 €",bon-plan,2026-07-21,Amazon,Amazon,"21,99 €",0,0,0,0,Améliorer la visibilité
bon-plan-amazon-conquerant-lot-6-cahiers-17x22-seyes-juin-2026,"Conquérant lot de 6 cahiers 17x22 cm 48 pages Seyès à 7,80 €",bon-plan,2026-06-22,Amazon,Amazon,"7,80 €",0,0,0,0,Améliorer la visibilité
bon-plan-amazon-cooljoy-plateau-voyage-enfant-voiture-sac-dos-robot-juin-2026,"COOLJOY plateau voyage enfant + sac à dos robot à 27,06 €",bon-plan,2026-06-18,Amazon,Amazon,"27,06 €",0,0,0,0,Améliorer la visibilité
bon-plan-amazon-corine-de-farme-baume-apres-soleil-monoi-mangue-150ml-juillet-2026,"Corine de Farme baume après-soleil monoï + mangue 150 ml à 4,90 €",bon-plan,2026-07-15,Amazon,Amazon,"4,90 €",0,0,0,0,Améliorer la visibilité
bon-plan-amazon-corine-de-farme-brume-tiare-monoi-150ml-juillet-2026,"Corine de Farme brume tiaré monoï 150 ml : 4,99 €",bon-plan,2026-07-12,Amazon,Amazon,"4,99 €",0,0,0,0,Améliorer la visibilité
bon-plan-amazon-corine-de-farme-creme-solaire-visage-corps-spf50-monoi-2026,"Corine de Farme Crème Solaire Visage Corps SPF50 Monoï à 4,62 €",bon-plan,2026-07-24,Amazon,Amazon,"4,62 €",0,0,0,0,Améliorer la visibilité
bon-plan-amazon-corine-de-farme-huile-seche-spf30-monoi-juillet-2026,"Corine de Farme huile sèche SPF30 Monoï 150 ml à 8,73 €",bon-plan,2026-07-10,Amazon,Amazon,"8,73 €",0,0,0,0,Améliorer la visibilité
bon-plan-amazon-corine-de-farme-lait-autobronzant-progressif-150ml-juillet-2026,"Corine de Farme lait autobronzant progressif 150 ml à 4,85 €",bon-plan,2026-07-22,Amazon,Amazon,"4,85 €",0,0,0,0,Améliorer la visibilité
bon-plan-amazon-corine-de-farme-lait-prolongateur-apres-soleil-monoi-250ml-juillet-2026,"Corine de Farme Lait Prolongateur Après-Soleil Monoï 250 ml : 6,29 €",bon-plan,2026-07-13,Amazon,Amazon,"6,29 €",0,0,0,0,Améliorer la visibilité
bon-plan-amazon-coupon-la-roche-posay-anthelios-age-correct-anti-rides-spf50-mai-2026,"Bon Plan La Roche-Posay : La Roche-Posay Anthelios Age Correct SPF50 Anti-Rides A… à 14,99€ avec Coupon",bon-plan,2026-05-31,Amazon,Amazon,"14,99€ avec coupon (prix Amazon 19,99€)",0,0,0,0,Améliorer la visibilité
bon-plan-amazon-coupon-la-roche-posay-anthelios-brume-visage-spf50-mai-2026,"Bon Plan La Roche-Posay : La Roche-Posay Anthelios Brume Visage SPF50 75ml Résist… à 11,17€ avec Coupon",bon-plan,2026-05-31,Amazon,Amazon,"11,17€ avec coupon (prix Amazon 14,89€)",0,0,0,0,Améliorer la visibilité
bon-plan-amazon-coupon-la-roche-posay-anthelios-uvmune-400-creme-hydratante-spf50-mai-2026,"Bon Plan La Roche-Posay : La Roche-Posay Anthelios UVMune 400 Crème Hydratante SP… à 11,93€ avec Coupon",bon-plan,2026-07-10,Amazon,Amazon,"11,93€ avec coupon (prix Amazon 12,48€)",0,0,0,0,Améliorer la visibilité
bon-plan-amazon-coupon-la-roche-posay-anthelios-uvmune-400-fluide-invisible-spf50-mai-2026,"Bon Plan La Roche-Posay : La Roche-Posay Anthelios UVMUNE 400 Fluide Invisible SP… à 9,52€ avec Coupon",bon-plan,2026-05-31,Amazon,Amazon,"9,52€ avec coupon (prix Amazon 12,70€)",0,0,0,0,Améliorer la visibilité
bon-plan-amazon-coupon-la-roche-posay-anthelios-uvmune-400-fluide-teinte-spf50-mai-2026,"Bon Plan La Roche-Posay : La Roche-Posay Anthelios UVMune 400 Fluide Teinté SPF50… à 10,26€ avec Coupon",bon-plan,2026-05-31,Amazon,Amazon,"10,26€ avec coupon (prix Amazon 13,48€)",0,0,0,0,Améliorer la visibilité
bon-plan-amazon-coupon-la-roche-posay-anthelios-uvmune-400-oil-control-matifiant-spf50-mai-2026,"Bon Plan La Roche-Posay : La Roche-Posay Anthelios UVMune 400 Oil Control Effet M… à 10,38€ avec Coupon",bon-plan,2026-05-31,Amazon,Amazon,"10,38€ avec coupon (prix Amazon 13,00€)",0,0,0,0,Améliorer la visibilité
bon-plan-amazon-coupon-la-roche-posay-anthelios-uvmune-400-plus-anti-taches-spf50-mai-2026,"Bon Plan La Roche-Posay : La Roche-Posay Anthelios UVMune 400+ Fluide Solaire Ant… à 11,92€ avec Coupon",bon-plan,2026-05-31,Amazon,Amazon,"11,92€ avec coupon (prix Amazon 15,89€)",0,0,0,0,Améliorer la visibilité
bon-plan-amazon-coupon-vichy-capital-soleil-fluide-anti-photovieillissement-spf50-mai-2026,"Bon Plan Vichy : Vichy Capital Soleil Fluide Anti-Photovieillissement SP… à 12,40€ avec Coupon",bon-plan,2026-05-31,Amazon,Amazon,"12,40€ avec coupon (prix Amazon 16,54€)",0,0,0,0,Améliorer la visibilité
bon-plan-amazon-coupon-vichy-capital-soleil-lait-hydratant-spf50-300ml-mai-2026,"Bon Plan Vichy : Vichy Capital Soleil Lait Solaire Hydratant SPF50+ Visa… à 12,68€ avec Coupon",bon-plan,2026-05-31,Amazon,Amazon,"12,68€ avec coupon (prix Amazon 16,90€)",0,0,0,0,Améliorer la visibilité
bon-plan-amazon-coupon-vichy-capital-soleil-uv-clear-anti-imperfections-spf50-mai-2026,"Bon Plan Vichy : Vichy Capital Soleil UV Clear Fluide Anti-Imperfections… à 14,62€ avec Coupon",bon-plan,2026-05-31,Amazon,Amazon,"14,62€ avec coupon (prix Amazon 19,49€)",0,0,0,0,Améliorer la visibilité
bon-plan-amazon-crayola-12-feutres-lavables-maxi-juin-2026,"Crayola 12 feutres lavables pointe Maxi à 3,90 €",bon-plan,2026-07-22,Amazon,Amazon,"3,90 €",0,0,0,0,Améliorer la visibilité
bon-plan-amazon-creami-swirl-nc701eu-4-pots-rechange-juin-2026,"4 pots de rechange Ninja Creami Swirl NC701EU 480 ml à 35,10 € sur Amazon",bon-plan,2026-06-11,Amazon,Amazon,"35,10 €",0,0,0,0,Améliorer la visibilité
bon-plan-amazon-create-windcalm-ventilateur-plafond-bois-clair-juin-2026,"CREATE Windcalm ventilateur plafond bois clair Ø132cm à 94,95€",bon-plan,2026-06-16,Amazon,Amazon,"94,95€",0,0,0,0,Améliorer la visibilité
bon-plan-amazon-creme-of-nature-shampooing-argan-juin-2026,"Creme of Nature shampoing huile d'argan 355ml à 4,89€",bon-plan,2026-06-16,Amazon,Amazon,"4,89€",0,0,0,0,Améliorer la visibilité
bon-plan-amazon-cuisinart-frost-fusion-boissons-glacees-juin-2026,"Cuisinart Frost Fusion machine boissons glacées à 189,99 € sur Amazon",bon-plan,2026-06-11,Amazon,Amazon,"189,99 € au lieu de 199,99 € (-5 %)",0,0,0,0,Améliorer la visibilité
bon-plan-amazon-cuisinart-frost-fusion-machine-glaces-boissons-glacees-mai-2026,"Cuisinart Frost Fusion machine glaces & boissons à 189,99 € (-46%)",bon-plan,2026-06-17,Amazon,Amazon,"189,99 € au lieu de 349,90 € (-46%)",0,0,0,0,Améliorer la visibilité
bon-plan-amazon-cuisinart-icem10-sorbetiere-solo-scoops-25min-juillet-2026,"Cuisinart Sorbetière Solo Scoops ICEM10 à 19,44 € (-35 %)",bon-plan,2026-07-06,Amazon,Amazon,"19,44 € (au lieu de 29,99 €)",0,0,0,0,Améliorer la visibilité
bon-plan-amazon-dbb-remond-biberon-verre-240ml-anticolique-mint-juin-2026,"dBb Remond biberon verre 240 ml anticolique lot de 2 à 19,58 €",bon-plan,2026-07-07,Amazon,Amazon,"19,58 € (lot de 2)",0,0,0,0,Améliorer la visibilité
bon-plan-amazon-dbb-remond-robot-cuiseur-bebe-6-en-1-juin-2026,"dBb Remond Robot Cuiseur Bébé 6-en-1 à 73,79 €",bon-plan,2026-07-07,Amazon,Amazon,"73,79 €",0,0,0,0,Améliorer la visibilité
bon-plan-amazon-dbb-remond-sucette-decouverte-grignoteuse-juin-2026,"dBb Remond Sucette Découverte grignoteuse bébé à 6,70 €",bon-plan,2026-06-21,Amazon,Amazon,"6,70 €",0,0,0,0,Améliorer la visibilité
bon-plan-amazon-debroussailleuse-electrique-850w-sans-fil-rotofil-juin-2026,"Débroussailleuse électrique sans fil 850 W à 69,99 € au lieu de 139,99 € (-50 %)",bon-plan,2026-06-11,Amazon,Amazon,"69,99 € au lieu de 139,99 € (-50 %)",0,0,0,0,Améliorer la visibilité
bon-plan-amazon-delonghi-dedica-style-expresso-juin-2026,De'Longhi Dedica Style Expresso compacte 15cm à 139€ (-30%),bon-plan,2026-07-18,Amazon,Amazon,"139€ au lieu de 198,99€ (-30%)",0,0,0,0,Améliorer la visibilité
bon-plan-amazon-delonghi-kg79-moulin-cafe-120g-juin-2026,De'Longhi KG79 moulin à café électrique 120g à 49€,bon-plan,2026-06-14,Amazon,Amazon,49€,0,0,0,0,Améliorer la visibilité
bon-plan-amazon-delonghi-nespresso-vertuo-next-env120-gris-juin-2026,"De'Longhi Nespresso Vertuo Next ENV120 gris à 97,30 €",bon-plan,2026-06-20,Amazon,Amazon,"97,30 €",0,0,0,0,Améliorer la visibilité
bon-plan-amazon-diffuserlove-diffuseur-huiles-essentielles-ultrasons-telecommande,"Diffuserlove diffuseur HE ultrasons télécommandé 7 LED à 28,99 €",bon-plan,2026-07-22,Amazon,Amazon,"28,99 €",0,0,0,0,Améliorer la visibilité
bon-plan-amazon-distributeur-croquettes-chat-camera-2k-vision-nocturne-mai-2026,"Bon plan Amazon : Distributeur de croquettes chat automatique avec caméra 2K + vision nocturne à 122,73€",bon-plan,2026-05-21,Amazon,Amazon,"122,73€ au lieu de 129,19€ (-5%)",0,0,0,0,Améliorer la visibilité
bon-plan-amazon-dmoao-tablette-10-android-15-30go-2to-clavier-juillet-2026,"DMOAO tablette 10"" Android 15 + clavier à 99,99 € (-57 %)",bon-plan,2026-07-24,Amazon,Amazon,"99,99 € (au lieu de 229,99 €)",0,0,0,0,Améliorer la visibilité
bon-plan-amazon-dmora-armoire-exterieur-veurne-2-portes-made-in-italy-juillet-2026,"Dmora Armoire d'extérieur Veurne 2 portes : 151,99 €",bon-plan,2026-07-01,Amazon,Amazon,"151,99 €",0,0,0,0,Améliorer la visibilité
bon-plan-amazon-dmora-buffet-aneto-3-portes-tiroir-blanc-134cm-juillet-2026,"Dmora Buffet Aneto 3 portes + tiroir blanc 134 cm : 291,99 €",bon-plan,2026-07-01,Amazon,Amazon,"291,99 €",0,0,0,0,Améliorer la visibilité
bon-plan-amazon-dmora-cage-transport-gistel-chien-chat-juillet-2026,"Dmora Cage transport Gistel chien / chat rigide : 110,99 €",bon-plan,2026-07-01,Amazon,Amazon,"110,99 €",0,0,0,0,Améliorer la visibilité
bon-plan-amazon-dmora-ensemble-table-bancs-extensibles-eric-juillet-2026,"Dmora Ensemble Table + 2 bancs extensibles Eric : 994,99 €",bon-plan,2026-07-01,Amazon,Amazon,"994,99 €",0,0,0,0,Améliorer la visibilité
bon-plan-amazon-dmora-garde-robe-danielle-3-portes-blanche-115cm-juillet-2026,"Dmora Garde-robe Danielle 3 portes blanche 115 cm : 208,99 €",bon-plan,2026-07-01,Amazon,Amazon,"208,99 €",0,0,0,0,Améliorer la visibilité
bon-plan-amazon-dmora-meuble-tv-jesse-led-erable-ardoise-200cm-juillet-2026,"Dmora Meuble TV Jesse LED érable/ardoise 200 cm : 282,99 €",bon-plan,2026-07-01,Amazon,Amazon,"282,99 €",0,0,0,0,Améliorer la visibilité
bon-plan-amazon-dmora-salon-jardin-manarola-extensible-4-chaises-juillet-2026,"Dmora Salon jardin Manarola extensible + 4 chaises : 230,99 €",bon-plan,2026-07-01,Amazon,Amazon,"230,99 €",0,0,0,0,Améliorer la visibilité
bon-plan-amazon-donama-oreiller-cervical-memoire-forme-juillet-2026,"DONAMA oreiller cervical mémoire de forme à 39,99 € (-60 %)",bon-plan,2026-07-06,Amazon,Amazon,"39,99 € (au lieu de 99,99 €)",0,0,0,0,Améliorer la visibilité
bon-plan-amazon-dove-deodorant-creme-lavande-camomille-lot-2-juin-2026,"Dove déodorant crème lavande camomille lot de 2 × 75ml à 7,64€",bon-plan,2026-06-16,Amazon,Amazon,"7,64€ le lot de 2 (3,82€/tube)",0,0,0,0,Améliorer la visibilité
bon-plan-amazon-doyomtoy-trousse-crayons-scolaire-grande-capacite-jeu,"Doyomtoy trousse crayons grande capacité : 16,99 €",bon-plan,2026-07-18,Amazon,Amazon,"16,99 €",0,0,0,0,Améliorer la visibilité
bon-plan-amazon-dp2-aspirateur-balai-sans-fil-double-batterie-48kpa-juillet-2026,"DP2 Aspirateur balai sans fil double batterie 48 KPa : 99,99 €",bon-plan,2026-07-18,Amazon,Amazon,"99,99 €",0,0,0,0,Améliorer la visibilité
bon-plan-amazon-dr-beckmann-pierre-nettoyante-bicarbonate-4-euros-mai-2026,"Dr. Beckmann Pierre à tout nettoyer bicarbonate 550g 4,65 € (-37%)",bon-plan,2026-06-17,Amazon,Amazon,"4,65 € au lieu de 7,33 €",0,0,0,0,Améliorer la visibilité
bon-plan-amazon-dr-herma-masque-hydrogel-collagene-acide-hyaluronique-juin-2026,"Dr. Herma masque hydrogel collagène acide hyaluronique à 19,99 €",bon-plan,2026-07-07,Amazon,Amazon,"19,99 €",0,0,0,0,Améliorer la visibilité
bon-plan-amazon-dr-prepare-climatiseur-mobile-7000-btu-4en1-juin-2026,"Dr.Prepare climatiseur mobile 7000 BTU 4-en-1 à 219,99 €",bon-plan,2026-06-17,Amazon,Amazon,"219,99 €",0,0,0,0,Améliorer la visibilité
bon-plan-amazon-dreame-l10s-ultra-gen-2-robot-aspirateur-laveur-10000pa,"Dreame L10s Ultra Gen 2 robot aspirateur laveur 10 000 Pa : 283,15 €",bon-plan,2026-07-18,Amazon,Amazon,"283,15 €",0,0,0,0,Améliorer la visibilité
bon-plan-amazon-dreame-l50s-pro-ultra-robot-aspirateur-laveur-699-euros-2026,Dreame L50s Pro Ultra robot aspirateur laveur à 599 €,bon-plan,2026-06-28,Amazon,Amazon,599 €,0,0,0,0,Améliorer la visibilité
bon-plan-amazon-dreo-25db-ventilateur-silencieux-sur-pied-mai-2026,"Ventilateur silencieux DREO 25 dB sur pied à 72,19 € (-10%)",bon-plan,2026-06-18,Amazon,Amazon,"72,19 € au lieu de 79,99 € (-10%)",0,0,0,0,Améliorer la visibilité
bon-plan-amazon-dreo-chauffage-ceramique-ptc-1800w-telecommande-juillet-2026,"Dreo Chauffage céramique PTC 1 800 W : 72,24 €",bon-plan,2026-07-01,Amazon,Amazon,"72,24 €",0,0,0,0,Améliorer la visibilité
bon-plan-amazon-dreo-chauffage-electrique-soufflant-economique-thermostat-juillet-2026,"Dreo Chauffage soufflant + thermostat : 49,99 €",bon-plan,2026-07-01,Amazon,Amazon,"49,99 €",0,0,0,0,Améliorer la visibilité
bon-plan-amazon-dreo-climatiseur-mobile-7500-btu-3en1-juillet-2026,"DREO climatiseur mobile 7500 BTU 3-en-1 à 459,99 €",bon-plan,2026-07-09,Amazon,Amazon,"459,99 €",0,0,0,0,Améliorer la visibilité
bon-plan-amazon-dreo-cruiser-pro-106cm-ventilateur-tour-smart-wifi-alexa-mai-2026,"Bon plan Amazon : DREO Cruiser Pro 106 cm ventilateur tour smart WiFi Alexa, oscillation 90°, 9 vitesses, minuterie 12h, contrôle vocal et app à 99,99€ (au lieu de 119,99€, -17%)",bon-plan,2026-07-07,Amazon,Amazon,"99,99 € (au lieu de 119,99 €, -17%)",0,0,0,0,Améliorer la visibilité
bon-plan-amazon-dreo-deshumidificateur-110-pint-grande-surface-juillet-2026,"DREO déshumidificateur 110-Pint grande surface à 299,99 €",bon-plan,2026-07-09,Amazon,Amazon,"299,99 €",0,0,0,0,Améliorer la visibilité
bon-plan-amazon-dreo-humidificateur-6l-intelligent-brume-chaude-froide-juillet-2026,"Dreo humidificateur 6L brume chaude et froide à 99,99 €",bon-plan,2026-07-09,Amazon,Amazon,"99,99 €",0,0,0,0,Améliorer la visibilité
bon-plan-amazon-dreo-humidificateur-bebe-3l-silencieux-26db-juillet-2026,"DREO humidificateur bébé 3L silencieux 26 dB à 37,99 €",bon-plan,2026-07-21,Amazon,Amazon,"37,99 €",0,0,0,0,Améliorer la visibilité
bon-plan-amazon-dreo-humidificateur-bebe-3l-veilleuse-juillet-2026,"DREO humidificateur 3L veilleuse + diffuseur huiles 45,99 €",bon-plan,2026-07-09,Amazon,Amazon,"45,99 €",0,0,0,0,Améliorer la visibilité
bon-plan-amazon-dreo-humidificateur-chambre-coucher-vapeur-juillet-2026,"Dreo humidificateur 4L vapeur chaude et froide à 49,99 €",bon-plan,2026-07-09,Amazon,Amazon,"49,99 €",0,0,0,0,Améliorer la visibilité
bon-plan-amazon-dreo-turbocool-516s-ventilateur-table-oscillation-150-juillet-2026,"DREO TurboCool 516S ventilateur de table oscillation 150° à 99,99 €",bon-plan,2026-07-09,Amazon,Amazon,"99,99 €",0,0,0,0,Améliorer la visibilité
bon-plan-amazon-dreo-ventilateur-colonne-silencieux-7-6ms-90-juillet-2026,"DREO ventilateur colonne silencieux 7,6 m/s à 89,99 €",bon-plan,2026-07-09,Amazon,Amazon,"89,99 €",0,0,0,0,Améliorer la visibilité
bon-plan-amazon-dreo-ventilateur-colonne-tour-106cm-telecommande-9-vitesses-89-euros-mai-2026,"Dreo ventilateur tour silencieux 106 cm à 89,99 € (−10 %)",bon-plan,2026-06-05,Amazon,Amazon,"89,99 € au lieu de 99,99 € (-10 %)",0,0,0,0,Améliorer la visibilité
bon-plan-amazon-dreo-ventilateur-plafond-intelligent-profil-bas-132cm-juillet-2026,"DREO ventilateur plafond connecté 132 cm à 229,99 €",bon-plan,2026-07-09,Amazon,Amazon,"229,99 €",0,0,0,0,Améliorer la visibilité
bon-plan-amazon-dreo-ventilateur-plafond-lumiere-telecommande-132cm-juillet-2026,"DREO ventilateur de plafond 132 cm lumière + télécommande à 99,72 €",bon-plan,2026-07-09,Amazon,Amazon,"99,72 €",0,0,0,0,Améliorer la visibilité
bon-plan-amazon-dreo-ventilateur-sur-pied-20db-oscillation-omnidirectionnelle-mai-2026,"Dreo ventilateur sur pied silencieux 20 dB à 89,99 € (−18 %)",bon-plan,2026-06-05,Amazon,Amazon,"89,99 € au lieu de 109,99 € (-18 %)",0,0,0,0,Améliorer la visibilité
bon-plan-amazon-dreo-ventilateur-sur-pied-silencieux-20db-juillet-2026,"DREO ventilateur sur pied silencieux 20 dB à 109,99 €",bon-plan,2026-07-10,Amazon,Amazon,"109,99 €",0,0,0,0,Améliorer la visibilité
bon-plan-amazon-dreo-ventilateur-sur-pied-silencieux-20db-oscillation-omnidirectionnelle,"Dreo ventilateur sur pied 20 dB oscillation 120°+120° : 121,35 €",bon-plan,2026-07-17,Amazon,Amazon,"121,35 €",0,0,0,0,Améliorer la visibilité
bon-plan-amazon-drone-camera-4k-uhd-84min-vol-3-batteries-juin-2026,"Drone caméra 4K UHD 84 min de vol 3 batteries portée 800 m à 94,99 €",bon-plan,2026-06-21,Amazon,Amazon,"94,99 €",0,0,0,0,Améliorer la visibilité
bon-plan-amazon-dyson-airwrap-id-sechant-cheveux-raides-ondules-469-euros-mai-2026,"Bon plan Amazon Dyson Airwrap i.d.™ séchant : outil de séchage cheveux raides à ondulés à 469,02€ au lieu de 495,23€ (rouge velours et or)",bon-plan,2026-05-27,Amazon,Amazon,"469,02€ au lieu de 495,23€ (-5%)",0,0,0,0,Améliorer la visibilité
bon-plan-amazon-eastpak-benchmark-trousse-juin-2026,"Eastpak Benchmark trousse à 6,65 €",bon-plan,2026-06-22,Amazon,Amazon,"6,65 €",0,0,0,0,Améliorer la visibilité
bon-plan-amazon-eastpak-padded-pakr-sac-a-dos-24l-black-juin-2026,"Eastpak Padded Pak'r sac à dos 24 L black à 30,95 €",bon-plan,2026-06-21,Amazon,Amazon,"30,95 €",0,0,0,0,Améliorer la visibilité
bon-plan-amazon-eastpak-padded-pakr-sac-a-dos-24l-sunday-grey-juin-2026,"Eastpak Padded Pak'r 24L Sunday Grey à 32,10 €",bon-plan,2026-07-13,Amazon,Amazon,"32,10 €",0,0,0,0,Améliorer la visibilité
bon-plan-amazon-eau-thermale-jonzac-creme-cica-reparatrice-apaisante-2026,"Eau Thermale Jonzac crème CICA réparatrice apaisante à 7,90 €",bon-plan,2026-07-24,Amazon,Amazon,"7,90 €",0,0,0,0,Améliorer la visibilité
bon-plan-amazon-eau-thermale-jonzac-rehydrate-soin-veloute-extra-riche-2026,"Eau Thermale Jonzac rehydrate soin velouté extra-riche à 13,00 €",bon-plan,2026-07-24,Amazon,Amazon,"13,00 €",0,0,0,0,Améliorer la visibilité
bon-plan-amazon-echo-hub-8-pouces-ecran-maison-connectee-alexa-100-euros,"Amazon Echo Hub 8 pouces écran maison connectée Alexa à 99,99€",bon-plan,2026-06-23,Amazon,Amazon,"99,99 euros",0,0,0,0,Améliorer la visibilité
bon-plan-amazon-echo-spot-reveil-connecte-alexa-59-euros-mai-2026,"Amazon Echo Spot (nouvelle génération) réveil connecté Alexa à 59,99 € sur Amazon (-37%)",bon-plan,2026-05-17,Amazon,Amazon,"59,99 € au lieu de 94,99 €",0,0,0,0,Améliorer la visibilité
bon-plan-amazon-ectury-douche-solaire-20l-portable-randonnee-juillet-2026,"ECtury douche solaire 20 L portable à 14,99 €",bon-plan,2026-07-09,Amazon,Amazon,"14,99 €",0,0,0,0,Améliorer la visibilité
bon-plan-amazon-edgard-cooper-croquettes-chat-sterilise-poulet-2kg-mai-2026,"Bon plan Amazon : Edgard & Cooper Croquettes Chat Stérilisé Adulte Poulet 2 kg (sans céréales, viande fraîche) à 17,80 € (-17 %)",bon-plan,2026-05-19,Amazon,Amazon,"17,80 € au lieu de 21,45 € (-17 %)",0,0,0,0,Améliorer la visibilité
bon-plan-amazon-efimeso-160-feutres-coloriage-adulte-double-pointe-juin-2026,"Efimeso 160 feutres coloriage adulte double pointe à 27,06 €",bon-plan,2026-07-02,Amazon,Amazon,"27,06 €",0,0,0,0,Améliorer la visibilité
bon-plan-amazon-ejeas-x3-ecouteurs-sport-bluetooth-veilleuse-8-euros-mai-2026,"Écouteurs sport EJEAS X3 Bluetooth 5.3 conduction air veilleuse nocturne à 8,99 € sur Amazon (-64%)",bon-plan,2026-05-17,Amazon,Amazon,"8,99 € au lieu de 24,99 €",0,0,0,0,Améliorer la visibilité
bon-plan-amazon-electactic-climatiseur-mobile-8050-btu-400m2-juillet-2026,"Electactic Climatiseur mobile 8 050 BTU jusqu'à 400 m² : 829,05 €",bon-plan,2026-07-01,Amazon,Amazon,"829,05 €",0,0,0,0,Améliorer la visibilité
bon-plan-amazon-electrolux-pure-multi-700-purificateur-air-connecte-juillet-2026,"Electrolux Pure Multi 700 purificateur d'air Wi-Fi à 342,09 €",bon-plan,2026-07-09,Amazon,Amazon,"342,09 €",0,0,0,0,Améliorer la visibilité
bon-plan-amazon-elizabeth-arden-green-tea-creme-nectar-corps-500ml,"Elizabeth Arden Green Tea crème corps 500 ml : 24,85 €",bon-plan,2026-07-18,Amazon,Amazon,"24,85 €",0,0,0,0,Améliorer la visibilité
bon-plan-amazon-elizabeth-arden-green-tea-gel-douche-energisant,"Elizabeth Arden Green Tea gel douche énergisant : 13,55 €",bon-plan,2026-07-18,Amazon,Amazon,"13,55 €",0,0,0,0,Améliorer la visibilité
bon-plan-amazon-emerio-pese-personne-numerique-2026,Emerio Pèse-personne Numérique Step-on à 9€,bon-plan,2026-06-08,Amazon,Amazon,9€,0,0,0,0,Améliorer la visibilité
bon-plan-amazon-ensemble-de-jeux-de-plage-pour-enfants-13-99-euros-juillet-2026,"Ensemble de Jeux de Plage pour Enfants, à 13,99 € sur Amazon",bon-plan,2026-07-03,Amazon,Amazon,"13,99 €",0,0,0,0,Améliorer la visibilité
bon-plan-amazon-erborian-bb-creme-ginseng-5en1-spf20-clair-juillet-2026,"Erborian BB Crème Ginseng 5-en-1 SPF 20 clair à 16,19 € (-32 %)",bon-plan,2026-07-22,Amazon,Amazon,"16,19 €",0,0,0,0,Améliorer la visibilité
bon-plan-amazon-erborian-cc-red-correct-creme-teintee-anti-rougeur-juin-2026,"Erborian CC Red Correct crème teintée anti-rougeur à 15,89 €",bon-plan,2026-07-07,Amazon,Amazon,"15,89 €",0,0,0,0,Améliorer la visibilité
bon-plan-amazon-erborian-water-serum-hydratation-30ml-juillet-2026,"Erborian Water Serum hydratation intense 30 ml à 20,99 €",bon-plan,2026-07-10,Amazon,Amazon,"20,99 €",0,0,0,0,Améliorer la visibilité
bon-plan-amazon-essence-i-love-extreme-volume-crazy-mascara-juin-2026,"Essence I Love Extreme Volume Crazy mascara à 3,59 €",bon-plan,2026-07-10,Amazon,Amazon,"3,59 €",0,0,0,0,Améliorer la visibilité
bon-plan-amazon-etiaxil-deodorant-anti-transpirant-lot-2-juillet-2026,"Etiaxil déodorant anti-transpirant lot de 2 : 12,80 €",bon-plan,2026-07-12,Amazon,Amazon,"12,80 €",0,0,0,0,Améliorer la visibilité
bon-plan-amazon-etiaxil-detranspirant-peaux-sensibles-15ml-juillet-2026,"Etiaxil détranspirant peaux sensibles 15 ml : 8,25 €",bon-plan,2026-07-12,Amazon,Amazon,"8,25 €",0,0,0,0,Améliorer la visibilité
bon-plan-amazon-ever-advanced-chariot-plage-pliable-xxl-225l-150kg-juillet-2026,"EVER ADVANCED chariot de plage pliable XXL 225 L à 149,99 €",bon-plan,2026-07-09,Amazon,Amazon,"149,99 €",0,0,0,0,Améliorer la visibilité
bon-plan-amazon-evoluderm-coffret-monoi-tahiti-5-produits-juin-2026,Evoluderm Coffret Monoï de Tahiti 5 soins corps à 34 €,bon-plan,2026-07-26,Amazon,Amazon,34 €,0,0,0,0,Améliorer la visibilité
bon-plan-amazon-evoluderm-coffret-tendresse-bebe-4-produits-juin-2026,Evoluderm Coffret Tendresse Bébé 4 produits à 30 €,bon-plan,2026-07-07,Amazon,Amazon,"30,00 €",0,0,0,0,Améliorer la visibilité
bon-plan-amazon-fairy-platinum-plus-tablettes-lave-vaisselle-130-juin-2026,"Fairy Platinum Plus 130 tablettes lave-vaisselle à 23,70 €",bon-plan,2026-06-21,Amazon,Amazon,"23,70 €",0,0,0,0,Améliorer la visibilité
bon-plan-amazon-faszin-lisseur-cheveux-titane-ions-39-euros-mai-2026,"Lisseur cheveux Faszin plaques titane + 10 millions d'ions négatifs à 39,98 € sur Amazon (-60%)",bon-plan,2026-05-17,Amazon,Amazon,"39,98 € au lieu de 99,99 €",0,0,0,0,Améliorer la visibilité
bon-plan-amazon-fauteuil-piscine-gonflable-4-en-1-lot-2-juin-2026,"Lot 2 fauteuils gonflables piscine 4 en 1 à 11,99 €",bon-plan,2026-06-13,Amazon,Amazon,"11,99 €",0,0,0,0,Améliorer la visibilité
bon-plan-amazon-fbsport-paddle-gonflable-335cm-160kg-anti-derapant,"FBSPORT paddle gonflable 335 cm 160 kg pack complet : 169,99 €",bon-plan,2026-07-17,Amazon,Amazon,"169,99 €",0,0,0,0,Améliorer la visibilité
bon-plan-amazon-feandrea-bac-litiere-chat-xl-parois-hautes,"Feandrea bac à litière chat XL parois hautes + pelle : 14,99 €",bon-plan,2026-07-17,Amazon,Amazon,"14,99 €",0,0,0,0,Améliorer la visibilité
bon-plan-amazon-feandrea-bac-litiere-chat-xxl-couvercle-basculant,"Feandrea bac litière chat XXL couvercle basculant : 28,79 €",bon-plan,2026-07-17,Amazon,Amazon,"28,79 €",0,0,0,0,Améliorer la visibilité
bon-plan-amazon-feandrea-sac-transport-chat-chien-pliable-taille-m,"Feandrea sac transport chat chien pliable M à 33,99 €",bon-plan,2026-07-22,Amazon,Amazon,"33,99 €",0,0,0,0,Améliorer la visibilité
bon-plan-amazon-finishing-touch-flawless-face-epilateur-duvet-visage-juin-2026,"Finishing Touch Flawless Face épilateur duvet visage à 9,99 €",bon-plan,2026-06-21,Amazon,Amazon,"9,99 €",0,0,0,0,Améliorer la visibilité
bon-plan-amazon-finishing-touch-flawless-salon-nails-lime-ongles-electrique-juin-2026,"Finishing Touch Flawless Salon Nails lime ongles électrique à 9,99 €",bon-plan,2026-06-21,Amazon,Amazon,"9,99 €",0,0,0,0,Améliorer la visibilité
bon-plan-amazon-fisher-price-coussin-eveil-paresseux-musical-vibrations-grr01,"Fisher-Price coussin d'éveil paresseux vibrations : 12,37 €",bon-plan,2026-07-17,Amazon,Amazon,"12,37 €",0,0,0,0,Améliorer la visibilité
bon-plan-amazon-fisher-price-telephone-rouge-anime-80e-anniversaire-juin-2026,"Fisher-Price Téléphone Rouge animé édition 80 ans à 9,23 €",bon-plan,2026-07-02,Amazon,Amazon,"9,23 €",0,0,0,0,Améliorer la visibilité
bon-plan-amazon-fiskars-desherbeur-xact-1m-acier-inoxydable-mai-2026,"Bon plan Amazon : Fiskars Désherbeur Xact 1 m (bras acier inoxydable, poignée plastique, sans se baisser) à 49,99 € (-14 %)",bon-plan,2026-05-19,Amazon,Amazon,"49,99 € au lieu de 57,99 € (-14 %)",0,0,0,0,Améliorer la visibilité
bon-plan-amazon-fitbit-charge-6-bracelet-activite-juin-2026,"Fitbit Charge 6 bracelet d'activité + 3 mois Premium à 84,95€ (-30%)",bon-plan,2026-06-15,Amazon,Amazon,"84,95€ au lieu de 120,98€ (-30%)",0,0,0,0,Améliorer la visibilité
bon-plan-amazon-flamingo-lexie-maison-toilette-chat-litiere-2026,"Flamingo Lexie Maison de Toilette Chat Fermée 39x56cm à 15,99€",bon-plan,2026-06-08,Amazon,Amazon,"15,99€",0,0,0,0,Améliorer la visibilité
bon-plan-amazon-flexispot-bureau-assis-debout-electrique-140x60cm-juillet-2026,"FLEXISPOT Bureau assis-debout électrique 140 × 60 cm : 199,99 €",bon-plan,2026-07-01,Amazon,Amazon,"199,99 €",0,0,0,0,Améliorer la visibilité
bon-plan-amazon-foreo-issa-4-baby-brosse-dents-bebe-mai-2026,"FOREO ISSA 4 Baby brosse à dents bébé sonique silicone à 24,50 € (-39 %)",bon-plan,2026-07-07,Amazon,Amazon,"24,50 € au lieu de 39,90 €",0,0,0,0,Améliorer la visibilité
bon-plan-amazon-foreo-kiwi-masque-points-noirs-juin-2026,"FOREO KIWI masque actif pores et points noirs 100g à 16,90€",bon-plan,2026-06-16,Amazon,Amazon,"16,90€",0,0,0,0,Améliorer la visibilité
bon-plan-amazon-foreo-luna-serum-cuir-chevelu-double-peptide-juin-2026,"FOREO LUNA sérum cuir chevelu double peptide à 28,39€",bon-plan,2026-06-16,Amazon,Amazon,"28,39€",0,0,0,0,Améliorer la visibilité
bon-plan-amazon-foreo-supercharged-brume-essentielle-barriere-juin-2026,"FOREO SUPERCHARGED brume essentielle barrière 110ml à 22,11€",bon-plan,2026-06-16,Amazon,Amazon,"22,11€",0,0,0,0,Améliorer la visibilité
bon-plan-amazon-foreo-supercharged-eye-contour-booster-juin-2026,"FOREO SUPERCHARGED Eye & Lip Contour Booster à 31,90€",bon-plan,2026-06-16,Amazon,Amazon,"31,90€",0,0,0,0,Améliorer la visibilité
bon-plan-amazon-fretta-extracteur-jus-presse-froid-76mm-goulotte-juillet-2026,"Fretta extracteur jus presse froid grande goulotte 76 mm à 104,49 € (-35 %)",bon-plan,2026-07-06,Amazon,Amazon,"104,49 € (au lieu de 159,99 €)",0,0,0,0,Améliorer la visibilité
bon-plan-amazon-funyet-pc-portable-15-6-16go-256go-promo-2026,"PC Portable 15.6 pouces 16Go RAM 256Go SSD a 319,99E (-60%) sur Amazon",bon-plan,2026-03-24,Amazon,Amazon,"319,99E",0,0,0,0,Améliorer la visibilité
bon-plan-amazon-furbo-mini-360-camera-animal-domestique-mai-2026,Furbo Mini 360º New Pet Camera à 29 € sur Amazon (-38%),bon-plan,2026-07-07,Amazon,Amazon,"29 € au lieu de 46,55 €",0,0,0,0,Améliorer la visibilité
bon-plan-amazon-gabby-maison-magique-poupee-60cm-15-accessoires-mai-2026,"Bon plan Amazon : Gabby et la Maison Magique Le Film — Maison de poupée 60 cm + figurine + 15 accessoires (DreamWorks) à 52,19 €",bon-plan,2026-05-19,Amazon,Amazon,"52,19 € au lieu de 54,99 € (-5 %)",0,0,0,0,Améliorer la visibilité
bon-plan-amazon-garmin-vivosmart-5-vert-d-eau-bracelet-activite-mai-2026,"Garmin Vívosmart 5 vert d'eau bracelet activité S/M à 132,49 €",bon-plan,2026-06-17,Amazon,Amazon,"132,49 €",0,0,0,0,Améliorer la visibilité
bon-plan-amazon-garnier-ambre-solaire-natural-bronzer-lait-175ml-juillet-2026,"Garnier Ambre Solaire Natural Bronzer lait autobronzant 175 ml à 8,95 €",bon-plan,2026-07-22,Amazon,Amazon,"8,95 €",0,0,0,0,Améliorer la visibilité
bon-plan-amazon-garnier-fructis-methode-boucles-gelee-hydratation-370ml-juillet-2026,"Garnier Fructis Méthode Boucles gelée 370 ml à 6,69 €",bon-plan,2026-07-15,Amazon,Amazon,"6,69 €",0,0,0,0,Améliorer la visibilité
bon-plan-amazon-garnier-good-coloration-vegan-sans-ammoniaque-chatain-cacao-juillet-2026,"Garnier Good coloration vegan sans ammoniaque châtain cacao à 11,09 €",bon-plan,2026-07-15,Amazon,Amazon,"11,09 €",0,0,0,0,Améliorer la visibilité
bon-plan-amazon-garnier-hyaluron-creme-sorbet-fresh-plump-hydratante,"Garnier Hyaluron crème sorbet Fresh & Plump 85 ml : 4,19 €",bon-plan,2026-07-18,Amazon,Amazon,"4,19 €",0,0,0,0,Améliorer la visibilité
bon-plan-amazon-garnier-hyaluron-creme-sorbet-hydratante-repulpante-fresh-plump-2026,"Garnier Hyaluron Crème Sorbet Hydratante Repulpante Fresh & Plump à 5,59 €",bon-plan,2026-07-24,Amazon,Amazon,"5,59 €",0,0,0,0,Améliorer la visibilité
bon-plan-amazon-garnier-pure-active-serum-charbon-niacinamide-2026,"Garnier Pure Active sérum charbon + niacinamide à 6,99 €",bon-plan,2026-06-30,Amazon,Amazon,"6,99 €",0,0,0,0,Améliorer la visibilité
bon-plan-amazon-garnier-salicylique-creme-sorbet-fresh-matte-matifiante,"Garnier Salicylique crème sorbet Fresh & Matte 85 ml : 4,19 €",bon-plan,2026-07-18,Amazon,Amazon,"4,19 €",0,0,0,0,Améliorer la visibilité
bon-plan-amazon-garnier-skinactive-creme-sorbet-vitamine-c-hydratante-anti-tache-2026,"Garnier SkinActive Crème Sorbet Vitamine C Hydratante Anti-Taches à 5,99 €",bon-plan,2026-07-24,Amazon,Amazon,"5,99 €",0,0,0,0,Améliorer la visibilité
bon-plan-amazon-garnier-ultra-doux-avocat-karite-creme-cheveux-boucles,"Garnier Ultra Doux Avocat Karité crème cheveux bouclés : 4,74 €",bon-plan,2026-07-18,Amazon,Amazon,"4,74 €",0,0,0,0,Améliorer la visibilité
bon-plan-amazon-garnier-ultra-doux-coffret-lissante-eau-de-riz-juin-2026,"Garnier Ultra Doux coffret routine lissante eau de riz à 12,99 €",bon-plan,2026-07-07,Amazon,Amazon,"12,99 €",0,0,0,0,Améliorer la visibilité
bon-plan-amazon-garnier-ultra-doux-routine-boucles-avocat-karite-juin-2026,"Garnier Ultra Doux routine boucles avocat karité à 12,34 €",bon-plan,2026-06-30,Amazon,Amazon,"12,34 €",0,0,0,0,Améliorer la visibilité
bon-plan-amazon-geant-bouee-dinosaure-275115100cm-bouee-28-78-euros-juillet-2026,"Géant Bouée Dinosaure, 275×115×100cm Bouee à 28,78 € sur Amazon",bon-plan,2026-07-03,Amazon,Amazon,"28,78 €",0,0,0,0,Améliorer la visibilité
bon-plan-amazon-generico-ventilateur-poussette-3-vitesses-juin-2026,"Genérico ventilateur portable poussette 3 vitesses USB à 28,40€",bon-plan,2026-06-16,Amazon,Amazon,"28,40€",0,0,0,0,Améliorer la visibilité
bon-plan-amazon-geox-kiddartah-bottines-cheville-garcon-noir-militaire,"Geox J Kiddartah bottines garçon imperméables : 34,47 €",bon-plan,2026-07-17,Amazon,Amazon,"34,47 €",0,0,0,0,Améliorer la visibilité
bon-plan-amazon-geske-microcurrent-face-lifter-6en1-2026,"Geske MicroCurrent Face Lifter 6-en-1 SmartApp à 36,98€",bon-plan,2026-06-08,Amazon,Amazon,"36,98€",0,0,0,0,Améliorer la visibilité
bon-plan-amazon-get-trend-minecraft-sac-a-dos-garcon-bandouliere-reglable,"Get Trend Minecraft sac à dos garçon : 24,83 €",bon-plan,2026-07-18,Amazon,Amazon,"24,83 €",0,0,0,0,Améliorer la visibilité
bon-plan-amazon-get-trend-minecraft-trousse-scolaire-garcon-compartiments,"Get Trend Minecraft trousse scolaire garçon : 16,99 €",bon-plan,2026-07-18,Amazon,Amazon,"16,99 €",0,0,0,0,Améliorer la visibilité
bon-plan-amazon-ghb-babyphone-camera-lcd-vision-nocturne-juin-2026,"GHB babyphone caméra LCD vision nocturne 2100 mAh à 39,99 €",bon-plan,2026-07-07,Amazon,Amazon,"39,99 €",0,0,0,0,Améliorer la visibilité
bon-plan-amazon-ghd-helios-seche-cheveux-2200w-technologie-ionique-juin-2026,"Sèche-cheveux ghd Helios 2200W ionique à 138,69 € (-45%)",bon-plan,2026-06-17,Amazon,Amazon,"138,69 € au lieu de 249,99 €",0,0,0,0,Améliorer la visibilité
bon-plan-amazon-gilet-de-natation-enfants-2-25-99-euros-juillet-2026,"Gilet de Natation Enfants 2 à 25,99 € sur Amazon",bon-plan,2026-07-03,Amazon,Amazon,"25,99 €",0,0,0,0,Améliorer la visibilité
bon-plan-amazon-gillette-labs-body-plus-intimate-tondeuse-i5-38-euros-mai-2026,"Gillette Labs Body + Intimate i5 tondeuse à 38,90 € (-40 %)",bon-plan,2026-07-22,Amazon,Amazon,"38,90€ au lieu de 64,50€ (-40%)",0,0,0,0,Améliorer la visibilité
bon-plan-amazon-girmi-mixeur-plongeant-mx04-400w-mai-2026,"Bon plan Amazon : Mixeur plongeant Girmi MX04 400 W (2 vitesses, pied démontable, lames inox) à 12,90 € au lieu de 19,90 € (-35 %)",bon-plan,2026-05-19,Amazon,Amazon,"12,90 € au lieu de 19,90 € (-35 %)",0,0,0,0,Améliorer la visibilité
bon-plan-amazon-gisele-denis-pack-bronzage-solaire-visage-corps-juillet-2026,"Gisèle Denis pack bronzage solaire visage 40 ml + corps 200 ml à 24,95 €",bon-plan,2026-07-22,Amazon,Amazon,"24,95 €",0,0,0,0,Améliorer la visibilité
bon-plan-amazon-good-gout-lait-infantile-2eme-age-lot-3-juin-2026,"Good Goût lait infantile 2ème âge lot de 3 à 29,99€",bon-plan,2026-06-14,Amazon,Amazon,"29,99€ le lot de 3 (~10€/boîte)",0,0,0,0,Améliorer la visibilité
bon-plan-amazon-goodtel-tablette-10-pouces-android-13-clavier-souris-69-euros-mai-2026,"GOODTEL Tablette 10 pouces Android 13 avec clavier + souris + étui à 69,48 € sur Amazon (-59%)",bon-plan,2026-05-16,Amazon,Amazon,"69,48 € au lieu de 169,49 €",0,0,0,0,Améliorer la visibilité
bon-plan-amazon-google-fitbit-air-moniteur-activite-lavande-mai-2026,"Bon plan Amazon : Google Fitbit Air, moniteur d'activité physique avec suivi sportif, fréquence cardiaque, sommeil et coaching IA personnalisé, coloris Lavande à 99,99€",bon-plan,2026-05-28,Amazon,Amazon,"99,99 €",0,0,0,0,Améliorer la visibilité
bon-plan-amazon-grilliance-kit-barbecue-38-pcs-accessoires-grill-juin-2026,"Grilliance Kit Barbecue 38 pcs accessoires grill à 32,48 €",bon-plan,2026-06-21,Amazon,Amazon,"32,48 €",0,0,0,0,Améliorer la visibilité
bon-plan-amazon-grownsy-chauffe-biberon-9en1-sterilisateur-lcd-mai-2026,"Grownsy chauffe-biberon stérilisateur 9-en-1 LCD à 45,12 €",bon-plan,2026-07-21,Amazon,Amazon,"45,12 €",0,0,0,0,Améliorer la visibilité
bon-plan-amazon-grownsy-sterilisateur-biberon-sechage-mai-2026,"Bon plan Amazon : Grownsy stérilisateur biberon électrique avec séchage à 56,42€",bon-plan,2026-05-21,Amazon,Amazon,"56,42€ au lieu de 59,39€ (-5%)",0,0,0,0,Améliorer la visibilité
bon-plan-amazon-haan-spray-nettoyant-mains-aloe-vera-lot-3-juin-2026,HAAN spray nettoyant mains aloe vera lot 3 parfums à 22 €,bon-plan,2026-06-19,Amazon,Amazon,"22,00 €",0,0,0,0,Améliorer la visibilité
bon-plan-amazon-havaianas-top-brasil-blanc-tongs-14-euros-mai-2026,"Tongs Havaianas Top Brasil blanches taille 43 mixtes à 14,68 € sur Amazon (-33%)",bon-plan,2026-05-17,Amazon,Amazon,"14,68 € au lieu de 22 €",0,0,0,0,Améliorer la visibilité
bon-plan-amazon-heybly-arbre-chat-grand-panier-couchette-cachee,"Heybly arbre à chat grand panier + couchette cachée : 36,09 €",bon-plan,2026-07-17,Amazon,Amazon,"36,09 €",0,0,0,0,Améliorer la visibilité
bon-plan-amazon-hianjoo-ventilateur-poussette-camping-led-juin-2026,"Hianjoo ventilateur USB 5200mAh poussette + lampe LED camping à 18,99€",bon-plan,2026-06-16,Amazon,Amazon,"18,99€",0,0,0,0,Améliorer la visibilité
bon-plan-amazon-hiraliy-brumisateur-exterieur-trepied-8m-juin-2026,"HIRALIY brumisateur extérieur trépied 85-146cm + 8m tuyau à 42,99€",bon-plan,2026-06-16,Amazon,Amazon,"42,99€",0,0,0,0,Améliorer la visibilité
bon-plan-amazon-homca-oreiller-ergonomique-cervical-memoire-mai-2026,"Bon plan Amazon : HOMCA Oreiller Ergonomique Cervical 2-en-1 (mémoire de forme, 60×40×12/14 cm) à 39,62 € — gris",bon-plan,2026-05-19,Amazon,Amazon,"39,62 € au lieu de 41,70 € (-5 %)",0,0,0,0,Améliorer la visibilité
bon-plan-amazon-homcom-7pcs-module-motricite-bebe-blocs-mousse-57-euros-mai-2026,"Bon plan Amazon HOMCOM 7 PCS : module motricité bébé, parcours blocs de construction en mousse EPE multicolore à 57,90€ au lieu de 82,90€ (-30%)",bon-plan,2026-05-27,Amazon,Amazon,"57,90€ au lieu de 82,90€ (-30%)",0,0,0,0,Améliorer la visibilité
bon-plan-amazon-homvana-humidificateur-air-bebe-3l6-silencieux-juin-2026,"Homvana humidificateur d'air bébé 3,6 L silencieux à 33,49 €",bon-plan,2026-07-07,Amazon,Amazon,"33,49 €",0,0,0,0,Améliorer la visibilité
bon-plan-amazon-honeywell-ht900-turboforce-power-ventilateur,"Honeywell HT900 TurboForce ventilateur table silencieux : 32,90 €",bon-plan,2026-07-17,Amazon,Amazon,"32,90 €",0,0,0,0,Améliorer la visibilité
bon-plan-amazon-honeywell-hyf260e4-ventilateur-tour-quietset-juin-2026,"Honeywell HYF260E4 ventilateur tour QuietSet à 69,99 €",bon-plan,2026-06-19,Amazon,Amazon,"69,99 €",0,0,0,0,Améliorer la visibilité
bon-plan-amazon-honeywell-hyf290e4-ventilateur-tour-quietset-noir-juin-2026,"Honeywell HYF290E4 ventilateur tour QuietSet noir à 74,99 €",bon-plan,2026-06-19,Amazon,Amazon,"74,99 €",0,0,0,0,Améliorer la visibilité
bon-plan-amazon-honeywell-turboforce-ht900ne4-ventilateur-table-juin-2026,"Honeywell TurboForce HT900NE4 ventilateur table à 27,99€",bon-plan,2026-06-16,Amazon,Amazon,"27,99€",0,0,0,0,Améliorer la visibilité
bon-plan-amazon-honeywell-turboforce-power-ht900-juillet-2026,"Honeywell TurboForce Power HT900 ventilateur à 32,90 €",bon-plan,2026-07-10,Amazon,Amazon,"32,90 €",0,0,0,0,Améliorer la visibilité
bon-plan-amazon-hp-laserjet-m207dw-imprimante-laser-recto-verso-juillet-2026,"HP LaserJet M207dw imprimante laser recto-verso : 99,73 €",bon-plan,2026-07-01,Amazon,Amazon,"99,73 €",0,0,0,0,Améliorer la visibilité
bon-plan-amazon-hp-smart-tank-7606-imprimante-multifonction-couleur-juillet-2026,"HP Smart Tank 7606 imprimante multifonction couleur : 299,99 €",bon-plan,2026-07-01,Amazon,Amazon,"299,99 €",0,0,0,0,Améliorer la visibilité
bon-plan-amazon-huggies-pure-99-eau-lingettes-1008-mai-2026,"Huggies Pure 99% eau lingettes bébé 1008 (18 x 56) sans parfum à 15,84 € sur Amazon (-34%)",bon-plan,2026-05-18,Amazon,Amazon,"15,84 € au lieu de 24 €",0,0,0,0,Améliorer la visibilité
bon-plan-amazon-huiike-paddle-gonflable-162-euros-avril-2026,Amazon : paddle gonflable HUIIKE kit complet à 162€ au lieu de 239€ (-32%),bon-plan,2026-04-04,Amazon,Amazon,"162,49€",0,0,0,0,Améliorer la visibilité
bon-plan-amazon-huiike-paddle-gonflable-adulte-pagaie-ailerons-pompe-239-euros-mai-2026,"Bon plan Amazon HUIIKE : paddle gonflable adulte 305×84×15 cm avec accessoires (pagaie, ailerons, pompe) à 239,99€ jusqu'à 130 kg",bon-plan,2026-05-27,Amazon,Amazon,"239,99€",0,0,0,0,Améliorer la visibilité
bon-plan-amazon-hydrafacial-machine-professionnel-7-en-1-juin-2026,Hydrafacial Machine Professionnel 7-en-1 maison à 228 €,bon-plan,2026-06-30,Amazon,Amazon,228 €,0,0,0,0,Améliorer la visibilité
bon-plan-amazon-hydratis-pastilles-effervescentes-fruits-des-bois-juillet-2026,"HYDRATIS pastilles effervescentes fruits des bois à 8,79 €",bon-plan,2026-07-09,Amazon,Amazon,"8,79 €",0,0,0,0,Améliorer la visibilité
bon-plan-amazon-hydropulseur-jet-dentaire-320ml-ipx7-mai-2026,"Hydropulseur jet dentaire 320 ml IPX7 à 23,99 € (−76 %)",bon-plan,2026-06-05,Amazon,Amazon,"23,99 € au lieu de 99,99 € (-76 %)",0,0,0,0,Améliorer la visibilité
bon-plan-amazon-ibergrif-hachoir-manuel-m501-coupe-mixeur-oignon-8-euros-mai-2026,"Bon Plan Amazon : Ibergrif M501 Hachoir Manuel Coupe Légumes Sans BPA à 7,99€",bon-plan,2026-05-30,Amazon,Amazon,"7,99€",0,0,0,0,Améliorer la visibilité
bon-plan-amazon-ingenuity-balancelle-toutconfort-everston-6-vitesses-mai-2026,"Balancelle bébé Ingenuity Toutconfort Everston 6 vitesses, 8 mélodies à 71,99 € sur Amazon (-31%)",bon-plan,2026-05-18,Amazon,Amazon,"71,99 € au lieu de 104,12 €",0,0,0,0,Améliorer la visibilité
bon-plan-amazon-ingenuity-tapis-eveil-cozy-spot-loamy-arche-bois-mai-2026,"Tapis d'éveil Ingenuity Cozy Spot Loamy + arche bois + 5 jouets à 34,99 € sur Amazon (-30%)",bon-plan,2026-05-18,Amazon,Amazon,"34,99 € au lieu de 49,99 €",0,0,0,0,Améliorer la visibilité
bon-plan-amazon-inofia-matelas-180x200-7-zones-279-euros-mai-2026,"Matelas Inofia NidFrais 180x200 cm 28 cm 7 zones ressorts ensachés à 279,99 € sur Amazon (-34%)",bon-plan,2026-05-17,Amazon,Amazon,"279,99 € au lieu de 423,99 €",0,0,0,0,Améliorer la visibilité
bon-plan-amazon-intex-bouee-flamant-rose-chevaucher-juin-2026,"Intex bouée Flamant Rose gonflable à chevaucher à 12,99€",bon-plan,2026-06-16,Amazon,Amazon,"12,99€",0,0,0,0,Améliorer la visibilité
bon-plan-amazon-intex-bouee-scooter-1-place-piscine-juin-2026,"Bouée scooter Intex 1 place à chevaucher à 7,99 €",bon-plan,2026-07-07,Amazon,Amazon,"7,99 €",0,0,0,0,Améliorer la visibilité
bon-plan-amazon-intex-kayak-explorer-k2-2-pers-juin-2026,"Intex Set Kayak Explorer K2 2 personnes à 133,99€",bon-plan,2026-06-16,Amazon,Amazon,"133,99€",0,0,0,0,Améliorer la visibilité
bon-plan-amazon-intex-piscine-metal-frame-junior-3x2-juin-2026,"Intex piscine Metal Frame Junior tubulaire 3x2x0,75m à 88,49€",bon-plan,2026-06-16,Amazon,Amazon,"88,49€",0,0,0,0,Améliorer la visibilité
bon-plan-amazon-intex-set-bateau-challenger-3-personnes-juin-2026,"Intex Set Bateau Challenger 3 places + rames + gonfleur à 79,88€",bon-plan,2026-06-16,Amazon,Amazon,"79,88€",0,0,0,0,Améliorer la visibilité
bon-plan-amazon-iowodo-montre-connectee-bluetooth-promo-2026,"IOWODO Montre Connectée à 17,24 € au lieu de 59,99 € (-71 %)",bon-plan,2026-07-07,Amazon,Amazon,"17,24 €",0,0,0,0,Améliorer la visibilité
bon-plan-amazon-iris-ohyama-woozoo-hd15n-ventilateur-bureau-silencieux-juin-2026,"Iris Ohyama Woozoo HD15N ventilateur silencieux bureau à 28,79€",bon-plan,2026-06-16,Amazon,Amazon,"28,79€",0,0,0,0,Améliorer la visibilité
bon-plan-amazon-iris-ohyama-woozoo-ventilateur-table-30db-juin-2026,"Iris Ohyama Woozoo ventilateur table 30 dB télécommande à 69,99 €",bon-plan,2026-06-19,Amazon,Amazon,"69,99 €",0,0,0,0,Améliorer la visibilité
bon-plan-amazon-irobot-roomba-plus-415-combo-autowash-lidar-juillet-2026,iRobot Roomba Plus 415 Combo + AutoWash à 329 € (-34 %),bon-plan,2026-07-06,Amazon,Amazon,329 € (au lieu de 499 €),0,0,0,0,Améliorer la visibilité
bon-plan-amazon-jane-dual-porte-bebe-ergonomique-3-positions-naissance-15kg-mai-2026,"Porte-bébé Jané Dual ergonomique 3 positions dès la naissance à 34,99 € sur Amazon (-10%)",bon-plan,2026-05-18,Amazon,Amazon,"34,99 € au lieu de 38,94 €",0,0,0,0,Améliorer la visibilité
bon-plan-amazon-jeanne-en-provence-coffret-fleur-oranger-juin-2026,"Jeanne en Provence Coffret Fleur d'Oranger 3 produits à 9,90 €",bon-plan,2026-06-18,Amazon,Amazon,"9,90 €",0,0,0,0,Améliorer la visibilité
bon-plan-amazon-jiexi-table-extensible-6-chaises-rembourrees-414-euros-mai-2026,"Bon Plan Amazon : Ensemble Table Extensible 130-170 cm + 6 Chaises Rembourrées JIEXI à 414,25€",bon-plan,2026-05-30,Amazon,Amazon,"414,25€ au lieu de 436,05€ (-5%)",0,0,0,0,Améliorer la visibilité
bon-plan-amazon-jisulife-ventilateur-portatif-4500mah-46h-juin-2026,"JISULIFE ventilateur portatif 4500 mAh 46 h autonomie à 18,99 €",bon-plan,2026-06-19,Amazon,Amazon,"18,99 €",0,0,0,0,Améliorer la visibilité
bon-plan-amazon-john-frieda-intense-reparation-demelant-250ml-juillet-2026,"John Frieda Soin Intense + Réparation Démêlant à 5,33 € (-40 %)",bon-plan,2026-07-24,Amazon,Amazon,"5,33 € (au lieu de 8,90 €, -40 %)",0,0,0,0,Améliorer la visibilité
bon-plan-amazon-jojoin-pataugeoire-arc-en-ciel-enfants-juin-2026,"Jojoin pataugeoire arc-en-ciel 120 cm + jouet à 17,99€ (-38%)",bon-plan,2026-06-14,Amazon,Amazon,"17,99€ au lieu de 28,99€ (-38%)",0,0,0,0,Améliorer la visibilité
bon-plan-amazon-jouets-de-plage-enfants-theme-ferme-29pcs-18-30-euros-juillet-2026,"Jouets de Plage Enfants Thème Ferme 29PCS, à 18,30 € sur Amazon",bon-plan,2026-07-03,Amazon,Amazon,"18,30 €",0,0,0,0,Améliorer la visibilité
bon-plan-amazon-jummico-litiere-chat-autonettoyante-xxl-juillet-2026,"JUMMICO Litière chat autonettoyante XXL 15 kg : 169,99 €",bon-plan,2026-07-22,Amazon,Amazon,"169,99 €",0,0,0,0,Améliorer la visibilité
bon-plan-amazon-jummico-tonnelle-3x3-pliante-toile-oxford-beige-juillet-2026,"Tonnelle JUMMICO 3×3 pliante toile Oxford : 100,60 €",bon-plan,2026-07-08,Amazon,Amazon,"100,60 €",0,0,0,0,Améliorer la visibilité
bon-plan-amazon-juskys-trolley-ensemble-5-valises-juillet-2026,"Juskys Trolley Ensemble 5 valises 60 + 34 L : 59,99 €",bon-plan,2026-07-01,Amazon,Amazon,"59,99 €",0,0,0,0,Améliorer la visibilité
bon-plan-amazon-kandoo-lingettes-melon-pack-240-mai-2026,"Kandoo Lingettes humides melon pack 240 unités (4 x 60) à 8,44 € sur Amazon (-5%)",bon-plan,2026-05-18,Amazon,Amazon,"8,44 € au lieu de 8,89 €",0,0,0,0,Améliorer la visibilité
bon-plan-amazon-keenstone-grille-pain-4-tranches-ecran-tactile-79-euros-avril-2026,"Amazon : grille-pain Keenstone 4 tranches écran tactile à 79,99€ (-20%)",bon-plan,2026-04-04,Amazon,Amazon,"79,99€",0,0,0,0,Améliorer la visibilité
bon-plan-amazon-kenwood-multipro-go-fdp22-processeur-juin-2026,"Kenwood MultiPro Go FDP22 processeur alimentaire compact à 59,90 € (-17 %)",bon-plan,2026-06-11,Amazon,Amazon,"59,90 € au lieu de 72,26 € (-17 %)",0,0,0,0,Améliorer la visibilité
bon-plan-amazon-kerargan-trio-ultra-reparateur-keratine-3x500ml-juin-2026,"Kerargan Trio Ultra Réparateur Kératine 3x500 ml à 52,91 €",bon-plan,2026-07-25,Amazon,Amazon,"52,91 €",0,0,0,0,Améliorer la visibilité
bon-plan-amazon-kerastase-curl-manifesto-gelee-curl-contour-juin-2026,"Bon Plan Kérastase : Curl Manifesto Gelée Curl Contour 9,79€ Juin 2026",bon-plan,2026-06-03,Amazon,Amazon,"9,79€",0,0,0,0,Améliorer la visibilité
bon-plan-amazon-kerastase-curl-manifesto-shampoing-bain-hydratation-juin-2026,"Kérastase Curl Manifesto bain hydratation à 18,52 €",bon-plan,2026-06-05,Amazon,Amazon,"18,52 €",0,0,0,0,Améliorer la visibilité
bon-plan-amazon-kerastase-genesis-bain-hydra-fortifiant-anti-chute-juin-2026,"Kérastase Genesis bain hydra-fortifiant anti-chute à 21,75 €",bon-plan,2026-07-07,Amazon,Amazon,"21,75 €",0,0,0,0,Améliorer la visibilité
bon-plan-amazon-kerastase-gloss-absolu-glaze-drops-juin-2026,"Bon Plan Kérastase : Gloss Absolu Glaze Drops 9,79€ Juin 2026",bon-plan,2026-06-03,Amazon,Amazon,"9,79€",0,0,0,0,Améliorer la visibilité
bon-plan-amazon-kerastase-nutritive-8h-magic-night-serum-juillet-2026,"Kérastase Nutritive 8H Magic Night Serum à 14,99 €",bon-plan,2026-07-10,Amazon,Amazon,"14,99 €",0,0,0,0,Améliorer la visibilité
bon-plan-amazon-kesser-armoire-camping-cuisine-structure-aluminium-juillet-2026,"KESSER armoire camping cuisine alu + sac transport à 82,80 €",bon-plan,2026-07-09,Amazon,Amazon,"82,80 €",0,0,0,0,Améliorer la visibilité
bon-plan-amazon-kesser-glaciere-roulettes-40l-thermoelectrique-12v-230v,"KESSER glacière 40 L à roulettes 12 V + 230 V : 97,80 €",bon-plan,2026-07-17,Amazon,Amazon,"97,80 €",0,0,0,0,Améliorer la visibilité
bon-plan-amazon-kibon-eventails-pliants-bambou-juillet-2026,"Kibon éventails pliants bambou avec pampille à 5,99 €",bon-plan,2026-07-10,Amazon,Amazon,"5,99 €",0,0,0,0,Améliorer la visibilité
bon-plan-amazon-kiko-skin-lover-fond-teint-serum-2026,Kiko Skin Lover Serum Foundation longue tenue à 6 €,bon-plan,2026-07-08,Amazon,Amazon,6 €,0,0,0,0,Améliorer la visibilité
bon-plan-amazon-kinderkraft-i-grow-2-pro-siege-auto-i-size-juin-2026,"Kinderkraft I-GROW 2 PRO siège auto i-Size 40-150 cm à 151,09 €",bon-plan,2026-07-07,Amazon,Amazon,"151,09 €",0,0,0,0,Améliorer la visibilité
bon-plan-amazon-kinderkraft-tummie-chaise-haute-2-en-1-juin-2026,"Kinderkraft TUMMIE chaise haute 2-en-1 à 83,90 €",bon-plan,2026-07-07,Amazon,Amazon,"83,90 €",0,0,0,0,Améliorer la visibilité
bon-plan-amazon-kindle-colorsoft-signature-32go-ecran-couleur-190-euros,"Kindle Colorsoft Signature 32Go écran couleur à 189,99€",bon-plan,2026-06-23,Amazon,Amazon,"189,99 euros",0,0,0,0,Améliorer la visibilité
bon-plan-amazon-kindle-nouvelle-generation-16go-noir-sans-publicites-100-euros,"Amazon Kindle nouvelle génération 16Go noir sans pub à 99,99€",bon-plan,2026-06-23,Amazon,Amazon,"99,99 euros",0,0,0,0,Améliorer la visibilité
bon-plan-amazon-kindle-scribe-32go-stylet-premium-amazon-2026,"Amazon Kindle Scribe 32 Go avec stylet premium inclus à 269,99 €",bon-plan,2026-06-26,Amazon,Amazon,"269,99 €",0,0,0,0,Améliorer la visibilité
bon-plan-amazon-king-c-gillette-kit-barbe-3en1-baume-trousse-juin-2026,"Bon Plan King C. Gillette Kit Barbe : Nettoyant 3-en-1 + Baume + Trousse 16,90€",bon-plan,2026-07-15,Amazon,Amazon,"16,90€",0,0,0,0,Améliorer la visibilité
bon-plan-amazon-king-c-gillette-tondeuse-barbe-pro-sans-fil-4-sabots-mai-2026,"King C. Gillette tondeuse barbe pro sans fil 4 sabots à 31,93 €",bon-plan,2026-07-14,Amazon,Amazon,"31,93 €",0,0,0,0,Améliorer la visibilité
bon-plan-amazon-kinspory-mallette-dessin-enfant-290-pieces-juillet-2026,"KINSPORY Mallette dessin 290 pièces coloriage enfant : 19,99 €",bon-plan,2026-07-01,Amazon,Amazon,"19,99 €",0,0,0,0,Améliorer la visibilité
bon-plan-amazon-kit-buccal-2-en-1-brosse-hydropulseur-juin-2026,"Kit nettoyage buccal 2-en-1 brosse + hydropulseur à 49,09€",bon-plan,2026-07-07,Amazon,Amazon,"49,09€",0,0,0,0,Améliorer la visibilité
bon-plan-amazon-klarfit-goldie-stroller-remorque-velo-chien-juillet-2026,"Klarfit Goldie Stroller remorque vélo chien : 124,70 €",bon-plan,2026-07-01,Amazon,Amazon,"124,70 €",0,0,0,0,Améliorer la visibilité
bon-plan-amazon-klarstein-arcticblend-machine-glacons-3-en-1-juin-2026,"Klarstein ArcticBlend machine à glaçons 3-en-1 20kg/24h à 303,23€",bon-plan,2026-06-16,Amazon,Amazon,"303,23€",0,0,0,0,Améliorer la visibilité
bon-plan-amazon-klarstein-chauffage-infrarouge-600w-radiateur-mural-juillet-2026,"Klarstein Chauffage infrarouge 600 W mural : 109,10 €",bon-plan,2026-07-01,Amazon,Amazon,"109,10 €",0,0,0,0,Améliorer la visibilité
bon-plan-amazon-klarstein-climatiseur-mobile-12000-btu-3-en-1-silencieux-juin-2026,Klarstein climatiseur mobile 12000 BTU 3-en-1 silencieux à 607 €,bon-plan,2026-06-19,Amazon,Amazon,"607,99 €",0,0,0,0,Améliorer la visibilité
bon-plan-amazon-klarstein-hot-spot-slimcurve-radiateur-2-en-1-convection-infrarouge-juillet-2026,"KLARSTEIN Hot Spot Slimcurve radiateur 2-en-1 : 77,15 €",bon-plan,2026-07-01,Amazon,Amazon,"77,15 €",0,0,0,0,Améliorer la visibilité
bon-plan-amazon-klarstein-kraftwerk-smart-climatiseur-12000-btu-wifi-juin-2026,Klarstein Kraftwerk Smart climatiseur 12000 BTU WiFi à 464 €,bon-plan,2026-06-19,Amazon,Amazon,"464,78 €",0,0,0,0,Améliorer la visibilité
bon-plan-amazon-klarstein-rafraichisseur-air-4-en-1-6l-juin-2026,"Klarstein rafraîchisseur d'air 4-en-1 6 L 444 m³/h à 141,68 €",bon-plan,2026-06-19,Amazon,Amazon,"141,68 €",0,0,0,0,Améliorer la visibilité
bon-plan-amazon-klarstein-smart-climatiseur-4-en-1-12000-btu-juin-2026,Klarstein Smart climatiseur 4-en-1 12000 BTU mode nuit à 535 €,bon-plan,2026-06-19,Amazon,Amazon,"535,79 €",0,0,0,0,Améliorer la visibilité
bon-plan-amazon-klarstein-sweet-sundae-sorbetiere-compresseur-juin-2026,"Klarstein Sweet Sundae sorbetière compresseur 40min à 314,65 €",bon-plan,2026-07-18,Amazon,Amazon,"314,65 €",0,0,0,0,Améliorer la visibilité
bon-plan-amazon-klarstein-sweetswirl-sorbetiere-3en1-milkshakes-juin-2026,"Klarstein SweetSwirl sorbetière 3-en-1 milkshakes écran tactile à 364,08 €",bon-plan,2026-07-18,Amazon,Amazon,"364,08 €",0,0,0,0,Améliorer la visibilité
bon-plan-amazon-kono-set-3-valises-75cm-extensible-juillet-2026,"Kono Set 3 valises 75 cm extensible silencieuses : 99,99 €",bon-plan,2026-07-01,Amazon,Amazon,"99,99 €",0,0,0,0,Améliorer la visibilité
bon-plan-amazon-krups-dolce-gusto-mini-me-cafetiere-capsules-50-euros-mai-2026,"Bon Plan Amazon : Krups Nescafé Dolce Gusto Mini Me Cafetière à Capsules à 49,99€",bon-plan,2026-07-18,Amazon,Amazon,"49,99€ au lieu de 54,84€ (-9%)",0,0,0,0,Améliorer la visibilité
bon-plan-amazon-krups-essential-blanche-broyeur-grain-juin-2026,KRUPS Essential blanche broyeur grain 2 expressos à 299€ (-25%),bon-plan,2026-07-18,Amazon,Amazon,"299€ au lieu de 399,99€ (-25%)",0,0,0,0,Améliorer la visibilité
bon-plan-amazon-l-oreal-paris-revitalift-creme-jour-anti-rides-extra-fermete-2026,"L'Oréal Paris Revitalift Crème Jour Anti-Rides Extra-Fermeté à 7,68 €",bon-plan,2026-07-24,Amazon,Amazon,"7,68 €",0,0,0,0,Améliorer la visibilité
bon-plan-amazon-la-roche-13-21-euros-juillet-2026,"La Roche à 13,21 € sur Amazon",bon-plan,2026-07-03,Amazon,Amazon,"13,21 €",0,0,0,0,Améliorer la visibilité
bon-plan-amazon-lacoste-tiebreaker-montre-quartz-homme-juin-2026,"Lacoste Tiebreaker montre quartz homme à 84,99 €",bon-plan,2026-06-21,Amazon,Amazon,"84,99 €",0,0,0,0,Améliorer la visibilité
bon-plan-amazon-lansinoh-100-coussinets-allaitement-jetables-anti-fuite,"Lansinoh 100 coussinets d'allaitement anti-fuite à 12,90 €",bon-plan,2026-07-22,Amazon,Amazon,"12,90 €",0,0,0,0,Améliorer la visibilité
bon-plan-amazon-lashcocaine-serum-croissance-cils-juillet-2026,"LASHCOCAÏNE sérum croissance cils longs à 29,99 €",bon-plan,2026-07-10,Amazon,Amazon,"29,99 €",0,0,0,0,Améliorer la visibilité
bon-plan-amazon-lavazza-momento-dolce-cafe-grains-1kg-mai-2026,"Bon plan Amazon : Lavazza Momento Dolce — Café en Grains 1 kg (Arabica + Robusta, intensité 7/10, machines automatiques) à 16,70 € (-14 %)",bon-plan,2026-05-19,Amazon,Amazon,"16,70 € au lieu de 19,40 € (-14 %)",0,0,0,0,Améliorer la visibilité
bon-plan-amazon-lc-dolida-masque-sommeil-bluetooth-mai-2026,"LC-dolida Masque de Sommeil Bluetooth V5.4 Écouteurs Sans Fil à 20,09 € sur Amazon (-33%)",bon-plan,2026-05-22,Amazon,Amazon,"20,09 € au lieu de 29,99 €",0,0,0,0,Améliorer la visibilité
bon-plan-amazon-le-petit-marseillais-gel-douche-aloe-vera-bio-400ml-juin-2026,"Le Petit Marseillais gel douche aloe vera bio 400 ml à 2,27 €",bon-plan,2026-06-19,Amazon,Amazon,"2,27 €",0,0,0,0,Améliorer la visibilité
bon-plan-amazon-le-petit-olivier-creme-jour-nuit-anti-age-huile-d-argan-vitamine-2026,"Le Petit Olivier Crème Jour & Nuit Anti-Âge - Huile d'Argan, Vitamine C & Aci… à 9,92 €",bon-plan,2026-07-24,Amazon,Amazon,"9,92 €",0,0,0,0,Améliorer la visibilité
bon-plan-amazon-le-petit-olivier-soin-de-jour-hydratant-huile-d-olive-peaux-norm-2026,"Le Petit Olivier Soin de Jour - Hydratant - Huile d'Olive - Peaux Normales à… à 6,30 €",bon-plan,2026-07-24,Amazon,Amazon,"6,30 €",0,0,0,0,Améliorer la visibilité
bon-plan-amazon-lefant-m210-robot-aspi-fin-poils-animaux-juillet-2026,"Lefant M210 aspirateur robot ultra-fin à 89,98 € (-70 %)",bon-plan,2026-07-06,Amazon,Amazon,"89,98 € (au lieu de 299,99 €)",0,0,0,0,Améliorer la visibilité
bon-plan-amazon-lefant-m3-max-robot-aspi-laveur-20000pa-serpilliere-rotative-juillet-2026,"Lefant M3 Max robot aspi laveur 20 000 Pa à 329,98 € (-67 %)",bon-plan,2026-07-06,Amazon,Amazon,"329,98 € (au lieu de 999,99 €)",0,0,0,0,Améliorer la visibilité
bon-plan-amazon-lefant-m3-max-robot-aspirateur-laveur-340-euros-2026,"Lefant M3 Max Robot Aspirateur Laveur à 329,99 € sur Amazon",bon-plan,2026-06-11,Amazon,Amazon,"329,99 €",0,0,0,0,Améliorer la visibilité
bon-plan-amazon-lefant-m3-robot-aspirateur-laveur-mai-2026,"Bon plan Amazon : Lefant M3 robot aspirateur laveur 12 000 Pa à 299,99€ (-70%)",bon-plan,2026-05-24,Amazon,Amazon,"299,99€ au lieu de 999,99€ (-70%)",0,0,0,0,Améliorer la visibilité
bon-plan-amazon-lefant-robot-aspirateur-laveur-4000pa-lidar-2026,"Lefant Robot Aspirateur Laveur 4000Pa LiDAR à 94,30€",bon-plan,2026-06-08,Amazon,Amazon,"94,30€",0,0,0,0,Améliorer la visibilité
bon-plan-amazon-lego-botanicals-marguerites-bouquet-artificiel-juin-2026,"LEGO Botanicals Marguerites bouquet artificiel à 11,39 €",bon-plan,2026-07-02,Amazon,Amazon,"11,39 €",0,0,0,0,Améliorer la visibilité
bon-plan-amazon-lenbest-4-pistolets-eau-150ml-10m-juin-2026,"Lot 4 pistolets à eau lenbest 150 ml — 10 m portée à 9,99 €",bon-plan,2026-06-13,Amazon,Amazon,"9,99 €",0,0,0,0,Améliorer la visibilité
bon-plan-amazon-lenbest-pataugeoire-bebe-auvent-juin-2026,"Lenbest pataugeoire bébé avec auvent et jet à 16,99€ (-36%)",bon-plan,2026-06-14,Amazon,Amazon,"16,99€ au lieu de 26,58€ (-36%)",0,0,0,0,Améliorer la visibilité
bon-plan-amazon-lendoo-matelas-de-camping-tapis-de-camp-24-36-euros-juillet-2026,"LENDOO Matelas de Camping, Tapis de Camp à 24,36 € sur Amazon",bon-plan,2026-07-03,Amazon,Amazon,"24,36 €",0,0,0,0,Améliorer la visibilité
bon-plan-amazon-lenovo-ideapad-slim-3-chromebook-14m868-mai-2026,"Lenovo IdeaPad Slim 3 Chromebook 14M868 à 199,99 € (-50%)",bon-plan,2026-06-17,Amazon,Amazon,"199,99 € au lieu de 399,99 € (-50%)",0,0,0,0,Améliorer la visibilité
bon-plan-amazon-levis-kids-batwing-onesie-bonnet-chaussons-bebe-garcon-juin-2026,"Levi's Kids Batwing Onesie + bonnet + chaussons bébé à 18,83 €",bon-plan,2026-06-21,Amazon,Amazon,"18,83 €",0,0,0,0,Améliorer la visibilité
bon-plan-amazon-levoit-ventilateur-colonne-silencieux-20db-juin-2026,"LEVOIT ventilateur colonne silencieux 20dB DC 12 vitesses à 83,99€",bon-plan,2026-06-16,Amazon,Amazon,"83,99€",0,0,0,0,Améliorer la visibilité
bon-plan-amazon-levoit-ventilateur-colonne-silencieux-juillet-2026,"LEVOIT ventilateur colonne silencieux 12 vitesses à 109,99 €",bon-plan,2026-07-10,Amazon,Amazon,"109,99 €",0,0,0,0,Améliorer la visibilité
bon-plan-amazon-levoit-ventilateur-colonne-table-20db-dc-mai-2026,"Bon plan Amazon : Levoit ventilateur colonne 20 dB ultra silencieux de table moteur DC, puissance jusqu'à 7 m/s, 4 vitesses, oscillation 90°, minuterie 12h, télécommande à 53,99€ (au lieu de 56,99€, -5%)",bon-plan,2026-05-28,Amazon,Amazon,"53,99 € (au lieu de 56,99 €, -5%)",0,0,0,0,Améliorer la visibilité
bon-plan-amazon-levoit-ventilateur-pied-20db-8-vitesses-juin-2026,"Levoit ventilateur sur pied 20 dB 8 vitesses 1740 m³/h à 79,99 €",bon-plan,2026-06-19,Amazon,Amazon,"79,99 €",0,0,0,0,Améliorer la visibilité
bon-plan-amazon-levoit-ventilateur-sur-pied-20db-puissant-2465-m3-h-mai-2026,"Bon plan Amazon : LEVOIT ventilateur sur pied 20 dB silencieux et puissant 2465 m³/h, flux d'air 7,5 m/s, télécommande, oscillation 90°+120°, 4 modes 12 vitesses, minuterie 12h à 108,28€ (au lieu de 113,98€, -5%)",bon-plan,2026-05-28,Amazon,Amazon,"108,28 € (au lieu de 113,98 €, -5%)",0,0,0,0,Améliorer la visibilité
bon-plan-amazon-lictin-lime-ongle-electrique-bebe-25-en-1-juillet-2026,"Lictin lime à ongle électrique bébé 25 en 1 : 28,49 €",bon-plan,2026-07-21,Amazon,Amazon,"28,49 €",0,0,0,0,Améliorer la visibilité
bon-plan-amazon-lierac-huile-pailletee-sublimatrice-100ml-juin-2026,"Lierac huile pailletée sublimatrice 100 ml à 23,87 €",bon-plan,2026-06-05,Amazon,Amazon,"23,87 €",0,0,0,0,Améliorer la visibilité
bon-plan-amazon-lierac-sunissime-serum-autobronzant-visage-30ml-juillet-2026,"Lierac Sunissime sérum autobronzant visage 30 ml à 16,90 € (-50 %)",bon-plan,2026-07-22,Amazon,Amazon,"16,90 €",0,0,0,0,Améliorer la visibilité
bon-plan-amazon-lihao-ombrelle-poussette-universelle-72cm-360-noir,"LIHAO ombrelle poussette universelle 72 cm 360° à 20,99 €",bon-plan,2026-07-22,Amazon,Amazon,"20,99 €",0,0,0,0,Améliorer la visibilité
bon-plan-amazon-lileno-lot-4-oreillers-40x40-mai-2026,"Bon plan Amazon : LILENO Home lot de 4 oreillers 40x40 cm à 19,90€",bon-plan,2026-05-24,Amazon,Amazon,"19,90€ les 4 (~ 5€ l'unité)",0,0,0,0,Améliorer la visibilité
bon-plan-amazon-lingettes-bebe-sensibles-1008-by-amazon-mai-2026,"Lingettes bébé sensibles by Amazon 1008 lingettes (18 x 56) non parfumées à 23,74 € sur Amazon (-13%)",bon-plan,2026-05-18,Amazon,Amazon,"23,74 € au lieu de 27,30 €",0,0,0,0,Améliorer la visibilité
bon-plan-amazon-lionelo-annet-tour-poussette-canne-22kg-mai-2026,"Bon plan Amazon : LIONELO Annet tour poussette canne universelle jusqu'à 22 kg à 127,44€ (-14%)",bon-plan,2026-05-21,Amazon,Amazon,"127,44€ au lieu de 147,90€ (-14%)",0,0,0,0,Améliorer la visibilité
bon-plan-amazon-lionelo-aurora-lit-bebe-cododo-3-en-1-cododo-berceau-mai-2026,"Lionelo Aurora Lit bébé 3-en-1 cododo + berceau + lit indépendant à 89,99 € sur Amazon (-10%)",bon-plan,2026-05-18,Amazon,Amazon,"89,99 € au lieu de 99,99 €",0,0,0,0,Améliorer la visibilité
bon-plan-amazon-lip-smacker-collection-coca-cola-6-baumes-juin-2026,"Lip Smacker collection Coca-Cola 6 baumes à lèvres à 12,99 €",bon-plan,2026-06-19,Amazon,Amazon,"12,99 €",0,0,0,0,Améliorer la visibilité
bon-plan-amazon-lisciani-princesses-disney-ecole-dessin-projecteur-juillet-2026,"Lisciani Princesses Disney École de Dessins projecteur : 27,78 €",bon-plan,2026-07-01,Amazon,Amazon,"27,78 €",0,0,0,0,Améliorer la visibilité
bon-plan-amazon-lisciani-puzzle-disney-roi-lion-24-pieces-juillet-2026,"Lisciani Puzzle Disney Roi Lion 24 pièces + feutres : 5,07 €",bon-plan,2026-07-01,Amazon,Amazon,"5,07 €",0,0,0,0,Améliorer la visibilité
bon-plan-amazon-lisseur-cheveux-ceramique-ion-juillet-2026,"Lisseur cheveux céramique ion écran LCD : 19,99 €",bon-plan,2026-07-12,Amazon,Amazon,"19,99 €",0,0,0,0,Améliorer la visibilité
bon-plan-amazon-lit-camping-pliable-matelas-charge-200kg-juillet-2026,"Lit de camping pliable matelas + poches, 200 kg de charge à 69,99 €",bon-plan,2026-07-09,Amazon,Amazon,"69,99 €",0,0,0,0,Améliorer la visibilité
bon-plan-amazon-logitech-g29-se-volant-course-pedalier-driving-force-229-euros-mai-2026,"Bon plan Amazon Logitech G G29 SE Driving Force : volant de course + pédalier + levier de vitesse à 229,99€ au lieu de 315,79€ (-27%) — PS5, PS4, PC, Mac",bon-plan,2026-05-27,Amazon,Amazon,"229,99€ au lieu de 315,79€ (-27%)",0,0,0,0,Améliorer la visibilité
bon-plan-amazon-looxmeer-siege-auto-chien-securise-impermeable,"Looxmeer siège auto chien imperméable anti-griffes : 24,69 €",bon-plan,2026-07-17,Amazon,Amazon,"24,69 €",0,0,0,0,Améliorer la visibilité
bon-plan-amazon-loreal-cc-creme-magic-5-en-1-anti-rougeurs-juillet-2026,"L'Oréal CC crème Magic 5-en-1 anti-rougeurs 30 ml à 11,72 €",bon-plan,2026-07-15,Amazon,Amazon,"11,72 €",0,0,0,0,Améliorer la visibilité
bon-plan-amazon-loreal-color-riche-satin-40y-rouge-paris-mai-2026,"L'Oréal Color Riche Satin 40Y Le Rouge Paris à 9,45 € sur Amazon (-36%)",bon-plan,2026-05-22,Amazon,Amazon,"9,45 € au lieu de 14,70 €",0,0,0,0,Améliorer la visibilité
bon-plan-amazon-loreal-creme-jour-anti-age-triple-puissance-2026,"L'Oréal Crème Jour Anti-Âge Triple Puissance Pro-Rétinol à 9,29 €",bon-plan,2026-06-18,Amazon,Amazon,"9,29 €",0,0,0,0,Améliorer la visibilité
bon-plan-amazon-loreal-elseve-routine-cheveux-boucles-huile-amla-juin-2026,"L'Oréal Elsève routine cheveux bouclés huile Amla 3 produits à 13,50 €",bon-plan,2026-07-07,Amazon,Amazon,"13,50 €",0,0,0,0,Améliorer la visibilité
bon-plan-amazon-loreal-men-expert-barberclub-trousse-3-produits-juin-2026,"L'Oréal Men Expert BarberClub Trousse 3 produits à 17,89 €",bon-plan,2026-06-30,Amazon,Amazon,"17,89 €",0,0,0,0,Améliorer la visibilité
bon-plan-amazon-loreal-men-expert-pate-sos-anti-imperfections-2026,"L'Oréal Men Expert Pâte S.O.S Anti-Imperfections à 6,84€ (-5%)",bon-plan,2026-06-08,Amazon,Amazon,"6,84€",0,0,0,0,Améliorer la visibilité
bon-plan-amazon-loreal-men-expert-xxxl-gel-douche-shampoing-juin-2026,"L'Oréal Men Expert XXXL 3-en-1 gel douche shampoing à 11,28 €",bon-plan,2026-06-19,Amazon,Amazon,"11,28 €",0,0,0,0,Améliorer la visibilité
bon-plan-amazon-loreal-midnight-coffret-luxe-anti-age-creme-serum,"L'Oréal Midnight coffret duo crème + sérum : 41,99 €",bon-plan,2026-07-18,Amazon,Amazon,"41,99 €",0,0,0,0,Améliorer la visibilité
bon-plan-amazon-loreal-paris-mascara-volume-longueur-yeux-sensibles-mai-2026,"L'Oréal Paris Mascara Volume & Longueur yeux sensibles à 10,60 €",bon-plan,2026-06-30,Amazon,Amazon,"10,60 € au lieu de 13,25 € (~-20 %)",0,0,0,0,Améliorer la visibilité
bon-plan-amazon-loreal-paris-revitalift-creme-jour-mai-2026,"Bon plan Amazon : L'Oréal Paris Revitalift Crème de Jour anti-âge à 4,61€ (-15%)",bon-plan,2026-05-20,Amazon,Amazon,"4,61€ au lieu de 5,40€ (-15%)",0,0,0,0,Améliorer la visibilité
bon-plan-amazon-loreal-paris-routine-anti-age-raffermissante-triple-action-mai-2026,"Bon plan Amazon : L'Oréal Paris Routine Anti-âge Raffermissante Triple Action (crème jour + nuit + sérum) à 21,20€ (-20%)",bon-plan,2026-05-20,Amazon,Amazon,"21,20€ au lieu de 26,51€ (-20%)",0,0,0,0,Améliorer la visibilité
bon-plan-amazon-loreal-paris-serum-correcteur-cernes-lumineux-mai-2026,"Bon plan Amazon : L'Oréal Paris Sérum Correcteur Lumineux cernes & hydratation à 10,20€ (-35%)",bon-plan,2026-05-20,Amazon,Amazon,"10,20€ au lieu de 15,79€ (-35%)",0,0,0,0,Améliorer la visibilité
bon-plan-amazon-loreal-revitalift-filler-serum-contour-yeux-triple-bille,"L'Oréal Revitalift Filler sérum yeux 20 ml : 14,40 €",bon-plan,2026-07-18,Amazon,Amazon,"14,40 €",0,0,0,0,Améliorer la visibilité
bon-plan-amazon-loreal-revitalift-laser-x3-creme-jour-triple-action,"L'Oréal Revitalift Laser X3 crème jour 50 ml : 11,28 €",bon-plan,2026-07-18,Amazon,Amazon,"11,28 €",0,0,0,0,Améliorer la visibilité
bon-plan-amazon-loreal-true-match-nude-plumping-tinted-serum-light-medium,"L'Oréal True Match Nude Plumping sérum teinté : 13,79 €",bon-plan,2026-07-18,Amazon,Amazon,"13,79 €",0,0,0,0,Améliorer la visibilité
bon-plan-amazon-lot-3-vaporisateurs-brumisateurs-manuels-juillet-2026,"Lot de 3 vaporisateurs brumisateurs manuels à 24,98 €",bon-plan,2026-07-10,Amazon,Amazon,"24,98 €",0,0,0,0,Améliorer la visibilité
bon-plan-amazon-love-eye-masque-sommeil-bluetooth-mai-2026,"Masque de sommeil LOVE EYE Bluetooth à 21,84 € (−45 %)",bon-plan,2026-06-05,Amazon,Amazon,"21,84 € au lieu de 39,99 € (-45 %)",0,0,0,0,Améliorer la visibilité
bon-plan-amazon-lovea-demelant-sans-rincage-monoi-karite-150ml-juillet-2026,"Lovea démêlant sans rinçage monoï & karité 150 ml à 4,16 €",bon-plan,2026-07-15,Amazon,Amazon,"4,16 €",0,0,0,0,Améliorer la visibilité
bon-plan-amazon-lulia-tire-lait-electrique-4-modes-9-niveaux-mai-2026,"Lulia tire-lait électrique 4 modes & 9 niveaux à 30,95 €",bon-plan,2026-06-18,Amazon,Amazon,"30,95 € au lieu de 34,29€ (-10%)",0,0,0,0,Améliorer la visibilité
bon-plan-amazon-luvtoy-matelas-gonflable-piscine-porte-gobelets-juin-2026,"Matelas Gonflable Piscine LUVTOY avec porte-gobelets à 21,99 €",bon-plan,2026-06-13,Amazon,Amazon,"21,99 €",0,0,0,0,Améliorer la visibilité
bon-plan-amazon-luxeol-shampoing-epaississant-algue-rouge-juin-2026,"LUXÉOL shampoing épaississant +35% épaisseur à 11,77 €",bon-plan,2026-06-20,Amazon,Amazon,"11,77 €",0,0,0,0,Améliorer la visibilité
bon-plan-amazon-luxeol-shampooing-densite-cheveux-phase-pousse-juin-2026,"LUXÉOL shampooing densité cheveux phase pousse à 10,63 €",bon-plan,2026-06-20,Amazon,Amazon,"10,63 €",0,0,0,0,Améliorer la visibilité
bon-plan-amazon-luxeol-shampooing-solaire-200ml-juin-2026,LUXÉOL Shampooing Solaire 200 ml à 8 €,bon-plan,2026-07-07,Amazon,Amazon,"8,00 €",0,0,0,0,Améliorer la visibilité
bon-plan-amazon-luxeol-spray-refresh-boucles-250ml-juillet-2026,"Luxéol Spray Refresh Boucles 250 ml : 17,90 €",bon-plan,2026-07-12,Amazon,Amazon,"17,90 €",0,0,0,0,Améliorer la visibilité
bon-plan-amazon-luxja-couches-bain-bebe-2pcs-lavable-reutilisable-mai-2026,"LUXJA couches de bain bébé lavables x 2 à 14,99 €",bon-plan,2026-05-29,Amazon,Amazon,"14,99 € (lot de 2 = 7,50€ par couche)",0,0,0,0,Améliorer la visibilité
bon-plan-amazon-machine-pain-kitchen-in-the-box-12-programmes-juin-2026,"Machine à pain Kitchen in the box 12 programmes à 75,99€",bon-plan,2026-07-18,Amazon,Amazon,"75,99€",0,0,0,0,Améliorer la visibilité
bon-plan-amazon-machine-pates-electrique-9-disques-juin-2026,Machine à pâtes électrique 9 disques spaghetti fettuccine penne à 70€,bon-plan,2026-07-18,Amazon,Amazon,70€,0,0,0,0,Améliorer la visibilité
bon-plan-amazon-makeup-revolution-reloaded-iconic-3-palette-15-nuances-juin-2026,"Makeup Revolution Reloaded Iconic 3.0 palette 15 nuances à 4,75 €",bon-plan,2026-07-07,Amazon,Amazon,"4,75 €",0,0,0,0,Améliorer la visibilité
bon-plan-amazon-mam-lot-2-biberons-easy-start-anti-colique-320ml-juin-2026,"MAM lot 2 biberons Easy Start anti-colique 320 ml à 17,04 €",bon-plan,2026-07-07,Amazon,Amazon,"17,04 €",0,0,0,0,Améliorer la visibilité
bon-plan-amazon-mamizo-table-enfant-2-chaises-bureau-bois-rangement-rouleau-papier-123-euros-mai-2026,"MAMIZO table enfant + 2 chaises bois à 123,99 € (−7 %)",bon-plan,2026-06-05,Amazon,Amazon,"123,99 € au lieu de 132,99 € (-7 %)",0,0,0,0,Améliorer la visibilité
bon-plan-amazon-mammotion-luba-mini-2-awd-1500-robot-tondeuse-juin-2026,Mammotion Luba Mini 2 AWD 1500 robot tondeuse LiDAR à 1 699 €,bon-plan,2026-07-22,Amazon,Amazon,"1 699,00 €",0,0,0,0,Améliorer la visibilité
bon-plan-amazon-mammotion-luba-mini-2-awd-robot-tondeuse-sans-fil-mai-2026,"Bon plan Amazon : MAMMOTION LUBA Mini 2 AWD robot tondeuse sans fil à 1599€ (-36%, économie 900€)",bon-plan,2026-05-21,Amazon,Amazon,1599€ au lieu de 2499€ (-36% — économie 900€),0,0,0,0,Améliorer la visibilité
bon-plan-amazon-mammotion-yuka-mini-2-500-robot-tondeuse-juin-2026,Mammotion Yuka Mini 2 500 robot tondeuse 500 m² à 549 €,bon-plan,2026-06-19,Amazon,Amazon,"549,00 €",0,0,0,0,Améliorer la visibilité
bon-plan-amazon-mammotion-yuka-mini-2-800-robot-tondeuse-lidar-949-euros-mai-2026,Robot tondeuse Mammotion YUKA Mini 2 800 LiDAR à 799 € (-50%),bon-plan,2026-06-17,Amazon,Amazon,799 € au lieu de 1 599 €,0,0,0,0,Améliorer la visibilité
bon-plan-amazon-manba-machine-glace-pilee-granita-broyeur-juin-2026,"MANBA machine glace pilée et granité broyeur portable à 26,59€",bon-plan,2026-06-16,Amazon,Amazon,"26,59€",0,0,0,0,Améliorer la visibilité
bon-plan-amazon-manucurist-vernis-jelly-sugar-plum-juillet-2026,Manucurist Vernis Jelly Sugar Plum Green 15 ml à 14 €,bon-plan,2026-07-10,Amazon,Amazon,"14,00 €",0,0,0,0,Améliorer la visibilité
bon-plan-amazon-maped-coffret-origin-compas-3-pieces-made-in-france-juin-2026,"Maped coffret Origin compas 3 pièces Made in France à 4,44 €",bon-plan,2026-06-22,Amazon,Amazon,"4,44 €",0,0,0,0,Améliorer la visibilité
bon-plan-amazon-maped-color-peps-kit-coloriage-150-pieces-coffret,"Maped Color'Peps kit coloriage 150 pièces : 21,99 €",bon-plan,2026-07-18,Amazon,Amazon,"21,99 €",0,0,0,0,Améliorer la visibilité
bon-plan-amazon-maped-color-peps-malette-coloriage-bebe-1-an-feutres-craies,"Maped malette coloriage bébé dès 1 an + poster : 13,99 €",bon-plan,2026-07-18,Amazon,Amazon,"13,99 €",0,0,0,0,Améliorer la visibilité
bon-plan-amazon-maped-color-peps-oops-24-crayons-effacables-embout-gomme,"Maped Oops 24 crayons de couleur effaçables embout gomme : 5,10 €",bon-plan,2026-07-18,Amazon,Amazon,"5,10 €",0,0,0,0,Améliorer la visibilité
bon-plan-amazon-maped-jungle-color-peps-24-feutres-lavables-pointe-moyenne,"Maped Jungle Color'Peps 24 feutres lavables : 5,90 €",bon-plan,2026-07-18,Amazon,Amazon,"5,90 €",0,0,0,0,Améliorer la visibilité
bon-plan-amazon-maped-trousse-scolaire-tropical-ronde-juin-2026,"Maped trousse scolaire Tropical ronde 22,5 cm à 5,11 €",bon-plan,2026-06-22,Amazon,Amazon,"5,11 €",0,0,0,0,Améliorer la visibilité
bon-plan-amazon-marilou-bio-coffret-bulle-creme-visage-jour-30ml-creme-visage-nu-2026,"Marilou Bio Coffret Bulle - Crème Visage Jour 30Ml, Crème Visage Nuit 30… à 19,99 €",bon-plan,2026-07-24,Amazon,Amazon,"19,99 €",0,0,0,0,Améliorer la visibilité
bon-plan-amazon-marilou-bio-creme-hydatante-visage-de-nuit-bio-beurre-de-karite-2026,"Marilou Bio Crème Hydatante Visage de Nuit Bio - Beurre de Karité et Alo… à 4,99 €",bon-plan,2026-07-24,Amazon,Amazon,"4,99 €",0,0,0,0,Améliorer la visibilité
bon-plan-amazon-mario-kart-world-nintendo-switch-2-mai-2026,"Mario Kart World pour Nintendo Switch 2 à 65,99 € sur Amazon (-27 %)",bon-plan,2026-07-24,Amazon,Amazon,"65,99 € (au lieu de 89,99 €, -27 %)",0,0,0,0,Améliorer la visibilité
bon-plan-amazon-massageur-mains-pieds-chauffant-vibration-3en1-2026,"Massageur 3-en-1 Mains, Pieds & Cou Chauffant + Vibration à 20,63€",bon-plan,2026-06-08,Amazon,Amazon,"20,63€",0,0,0,0,Améliorer la visibilité
bon-plan-amazon-masseur-cou-4d-cervicales-chauffant-juin-2026,"Appareil massage cervicales 4D chauffant à 49,99 € sur Amazon",bon-plan,2026-06-11,Amazon,Amazon,"49,99 €",0,0,0,0,Améliorer la visibilité
bon-plan-amazon-maxi-cosi-emerald-360-s-i-size-siege-auto-pivotant-juin-2026,"Maxi-Cosi Emerald 360 S i-Size siège auto pivotant à 285,90 €",bon-plan,2026-07-07,Amazon,Amazon,"285,90 €",0,0,0,0,Améliorer la visibilité
bon-plan-amazon-maybelline-efface-age-correcteur-08-buff-2026,"Maybelline L'Efface Âge Correcteur Anti-Cernes 08 Buff à 6,34€ (-5%)",bon-plan,2026-06-08,Amazon,Amazon,"6,34€",0,0,0,0,Améliorer la visibilité
bon-plan-amazon-maybelline-lash-sensational-mascara-2026,"Maybelline Lash Sensational Mascara à 5,21 €",bon-plan,2026-07-15,Amazon,Amazon,"5,21 €",0,0,0,0,Améliorer la visibilité
bon-plan-amazon-maybelline-mascara-cils-sensational-waterproof-noir-juillet-2026,"Maybelline mascara Cils Sensational waterproof noir à 6,93 €",bon-plan,2026-07-15,Amazon,Amazon,"6,93 €",0,0,0,0,Améliorer la visibilité
bon-plan-amazon-medicube-age-r-booster-pro-2026,Medicube Age-R Booster Pro 6-in-1 : notre avis complet,beaute,2026-07-10,Amazon,Amazon,150 €,0,0,0,0,Améliorer la visibilité
bon-plan-amazon-medicube-age-r-booster-pro-6-en-1-mai-2026,"Bon plan Amazon : Medicube Age-R Booster Pro 6-en-1 — appareil beauté Glass Skin coréen à 120,03 € (rose)",bon-plan,2026-05-19,Amazon,Amazon,"120,03 € au lieu de 126,35 € (-5 %)",0,0,0,0,Améliorer la visibilité
bon-plan-amazon-medicube-body-peel-shot-hypochlorous-acid-exfoliant-corps-juillet-2026,"Medicube Body Peel Shot exfoliant corps à 14,50 €",bon-plan,2026-07-15,Amazon,Amazon,"14,50 €",0,0,0,0,Améliorer la visibilité
bon-plan-amazon-medicube-salmon-dna-pdrn-jelly-mask-mai-2026,"Medicube Salmon DNA PDRN Jelly Mask à 10,28 € (-10 %) : masque nuit Glass Glow K-beauty",bon-plan,2026-07-26,Amazon,Amazon,"10,28 € au lieu de 11,39 € (-10 %)",0,0,0,0,Améliorer la visibilité
bon-plan-amazon-medicube-salmon-dna-pdrn-serum-peptide-rose-juin-2026,"Medicube Salmon DNA PDRN sérum peptide rose à 11,68 €",bon-plan,2026-07-26,Amazon,Amazon,"11,68 €",0,0,0,0,Améliorer la visibilité
bon-plan-amazon-medicube-zero-pore-blackhead-mud-masque-purifiant-juin-2026,"Medicube Zero Pore Blackhead Mud masque purifiant à 15,70 €",bon-plan,2026-07-07,Amazon,Amazon,"15,70 €",0,0,0,0,Améliorer la visibilité
bon-plan-amazon-medicube-zero-pore-pads-70-unites-mai-2026,"Medicube Zero Pore Pads : 70 tampons AHA à 12,06 € (-7 %)",bon-plan,2026-07-26,Amazon,Amazon,"12,06 € au lieu de 13,03 € (-7 %)",0,0,0,0,Améliorer la visibilité
bon-plan-amazon-medion-deshumidificateur-air-app-commande-vocale-juillet-2026,"MEDION Déshumidificateur air App + commande vocale : 179,95 €",bon-plan,2026-07-01,Amazon,Amazon,"179,95 €",0,0,0,0,Améliorer la visibilité
bon-plan-amazon-medion-machine-granite-2-6l-juin-2026,"MEDION machine à granité 2,6L 5 modes compresseur à 199,95€",bon-plan,2026-06-14,Amazon,Amazon,"199,95€",0,0,0,0,Améliorer la visibilité
bon-plan-amazon-medion-sorbetiere-yaourtiere-juin-2026,"MEDION sorbetière + yaourtière 1,5L 150W à 159,95€ (-20%)",bon-plan,2026-06-14,Amazon,Amazon,"159,95€ au lieu de 199,99€ (-20%)",0,0,0,0,Améliorer la visibilité
bon-plan-amazon-melvita-creme-corps-hydra-perfectrice-or-vegetal-juin-2026,"Melvita crème corps Hydra-Perfectrice Or Végétal 200ml à 14,69€",bon-plan,2026-06-16,Amazon,Amazon,"14,69€",0,0,0,0,Améliorer la visibilité
bon-plan-amazon-meross-diffuseur-huiles-essentielles-connecte-wifi-alexa-google,"Meross diffuseur huiles essentielles connecté WiFi à 33,99 €",bon-plan,2026-07-22,Amazon,Amazon,"33,99 €",0,0,0,0,Améliorer la visibilité
bon-plan-amazon-mexerris-balai-lave-sol-vaporisateur-microfibre-juin-2026,"MEXERRIS balai lave sol vaporisateur microfibre à 20,98€",bon-plan,2026-06-16,Amazon,Amazon,"20,98€",0,0,0,0,Améliorer la visibilité
bon-plan-amazon-mgvih-ventilateur-portable-mini-usb-rechargeable-14-euros-mai-2026,"Bon Plan Amazon : Mini Ventilateur Portable USB Rechargeable Silencieux à 13,99€",bon-plan,2026-05-30,Amazon,Amazon,"13,99€ au lieu de 17,99€ (-22%)",0,0,0,0,Améliorer la visibilité
bon-plan-amazon-midea-refroidisseur-air-4-en-1-ventilateur-5l-juillet-2026,"Midea Refroidisseur d'air 4-en-1 ventilateur + eau 5 L : 132,94 €",bon-plan,2026-07-01,Amazon,Amazon,"132,94 €",0,0,0,0,Améliorer la visibilité
bon-plan-amazon-midea-ventilateur-colonne-silencieux-45w-tour-97cm-mai-2026,"Bon plan Amazon : Ventilateur colonne Midea silencieux 45W tour noir 97 cm avec contrôle électronique, design compact 32×32 cm à 62,99€ (au lieu de 69,99€, -10%)",bon-plan,2026-05-28,Amazon,Amazon,"62,99 € (au lieu de 69,99 €, -10%)",0,0,0,0,Améliorer la visibilité
bon-plan-amazon-minecraft-coffret-72-crayons-couleur-officiel-coloriage-enfant,"Minecraft coffret 72 crayons de couleur : 20,93 €",bon-plan,2026-07-18,Amazon,Amazon,"20,93 €",0,0,0,0,Améliorer la visibilité
bon-plan-amazon-minecraft-kit-fournitures-scolaires-trousse-papeterie,"Minecraft kit fournitures scolaires trousse + papeterie : 19,39 €",bon-plan,2026-07-18,Amazon,Amazon,"19,39 €",0,0,0,0,Améliorer la visibilité
bon-plan-amazon-minecraft-malette-dessin-peinture-40-pieces-enfant,"Minecraft malette dessin + peinture 40+ pièces enfant : 20,46 €",bon-plan,2026-07-18,Amazon,Amazon,"20,46 €",0,0,0,0,Améliorer la visibilité
bon-plan-amazon-minecraft-set-crayons-papeterie-8-pieces-creeper,"Minecraft set crayons papeterie 8 pièces Creeper : 8,95 €",bon-plan,2026-07-18,Amazon,Amazon,"8,95 €",0,0,0,0,Améliorer la visibilité
bon-plan-amazon-mini-climatiseur-mural-telecommande-unite-refroidissement-portable-juillet-2026,"Mini climatiseur mural + télécommande portable : 179,42 €",bon-plan,2026-07-01,Amazon,Amazon,"179,42 €",0,0,0,0,Améliorer la visibilité
bon-plan-amazon-mini-climatiseur-portable-4-en-1-silencieux-juin-2026,"Mini climatiseur portable 4-en-1 silencieux 500 ml à 27,99 €",bon-plan,2026-06-19,Amazon,Amazon,"27,99 €",0,0,0,0,Améliorer la visibilité
bon-plan-amazon-mini-climatiseur-usb-portable-24-99-euros-vs-articblast-62-99-euros-juillet-2026,"Mini clim USB portable : 24,99 € ou ArticBlast 62,99 € ?",bon-plan,2026-07-02,Amazon,Amazon,"à partir de 24,99 €",0,0,0,0,Améliorer la visibilité
bon-plan-amazon-mini-frigo-cosmetique-6l-miroir-led-rose-juin-2026,"Mini Frigo Cosmétique 6L miroir LED rose à 46,99 €",bon-plan,2026-06-30,Amazon,Amazon,"46,99 €",0,0,0,0,Améliorer la visibilité
bon-plan-amazon-minthouz-ventilateur-usb-portable-8000mah-juin-2026,"Minthouz ventilateur USB portable batterie 8000 mAh à 28,99 €",bon-plan,2026-06-19,Amazon,Amazon,"28,99 €",0,0,0,0,Améliorer la visibilité
bon-plan-amazon-mixa-autobronzant-lait-corps-hale-dore-juillet-2026,"Mixa Autobronzant Lait Corps hâle doré 250 ml à 6,31 €",bon-plan,2026-07-22,Amazon,Amazon,"6,31 €",0,0,0,0,Améliorer la visibilité
bon-plan-amazon-mixa-autobronzant-lait-corps-peaux-mates-juillet-2026,"MIXA Autobronzant lait corps peaux mates 250 ml à 6,39 €",bon-plan,2026-07-22,Amazon,Amazon,"6,39 €",0,0,0,0,Améliorer la visibilité
bon-plan-amazon-mixa-creme-anti-grisaille-nourrissante-400ml-juillet-2026,"MIXA crème hydratante anti-grisaille 400 ml à 5,57 €",bon-plan,2026-07-22,Amazon,Amazon,"5,57 €",0,0,0,0,Améliorer la visibilité
bon-plan-amazon-mixa-creme-anti-reactions-peaux-reactives-panthenol-peptides-2026,"Mixa Crème Anti-Réactions Peaux Réactives Panthénol Peptides à 9,99 €",bon-plan,2026-07-24,Amazon,Amazon,"9,99 €",0,0,0,0,Améliorer la visibilité
bon-plan-amazon-mixa-creme-anti-secheresse-acide-hyaluronique-squalane-hydrate-4-2026,"Mixa Crème Anti-Sécheresse Acide Hyaluronique Squalane Hydrate 48… à 9,50 €",bon-plan,2026-07-24,Amazon,Amazon,"9,50 €",0,0,0,0,Améliorer la visibilité
bon-plan-amazon-mixa-creme-cica-reparation-400ml-juin-2026,"Mixa Crème Cica Réparation 400 ml à 5,04 €",bon-plan,2026-06-17,Amazon,Amazon,"5,04 €",0,0,0,0,Améliorer la visibilité
bon-plan-amazon-mjamjam-quetschie-nourriture-humide-chat-2026,"MjAMjAM Quetschie Nourriture Humide Chat Poulet & Fraise à 11,54€",bon-plan,2026-07-07,Amazon,Amazon,"11,54€",0,0,0,0,Améliorer la visibilité
bon-plan-amazon-mms-crispy-bonbons-chocolat-16x77g-juillet-2026,"M&M's CRISPY chocolat lait riz soufflé lot 16 × 77 g : 21,36 €",bon-plan,2026-07-01,Amazon,Amazon,"21,36 €",0,0,0,0,Améliorer la visibilité
bon-plan-amazon-mms-peanut-bonbons-cacahuetes-lot-16-juillet-2026,"M&M's PEANUT bonbons chocolat lait & cacahuètes lot 16 : 15,81 €",bon-plan,2026-07-01,Amazon,Amazon,"15,81 €",0,0,0,0,Améliorer la visibilité
bon-plan-amazon-mobiclinic-bac-litiere-chat-couvert-xxl-double-entree,"Mobiclinic bac à litière chat couvert XXL 2 entrées : 28,99 €",bon-plan,2026-07-17,Amazon,Amazon,"28,99 €",0,0,0,0,Améliorer la visibilité
bon-plan-amazon-moby-system-chaise-haute-magnolia-2-en-1-juin-2026,"Moby-System chaise haute Magnolia 2-en-1 dès 6 mois à 34,99 €",bon-plan,2026-07-21,Amazon,Amazon,"34,99 €",0,0,0,0,Améliorer la visibilité
bon-plan-amazon-mojawo-chaise-pliante-peche-camping-porte-gobelet-juillet-2026,"Mojawo chaise pliante pêche camping avec porte-gobelet à 11,99 €",bon-plan,2026-07-09,Amazon,Amazon,"11,99 €",0,0,0,0,Améliorer la visibilité
bon-plan-amazon-moko-gilet-bain-brassard-natation-enfant-sifflet-mai-2026,"Bon plan Amazon MoKo Gilet de Bain Enfant Brassard Natation Dessin Animé + Sifflet d'urgence à 23,46€ au lieu de 26,09€ (-10%) — boucle en D",bon-plan,2026-05-29,Amazon,Amazon,"23,46 € (au lieu de 26,09 €, -10%)",0,0,0,0,Améliorer la visibilité
bon-plan-amazon-momcozy-chauffe-biberon-portable-sans-fil-500ml-juin-2026,"Momcozy chauffe-biberon nomade sans fil 500 ml à 72,99 €",bon-plan,2026-07-07,Amazon,Amazon,"72,99 €",0,0,0,0,Améliorer la visibilité
bon-plan-amazon-momcozy-couverture-emmaillotage-bebe-lot-2-juillet-2026,"Momcozy couverture emmaillotage bébé lot de 2 : 29,99 €",bon-plan,2026-07-12,Amazon,Amazon,"29,99 €",0,0,0,0,Améliorer la visibilité
bon-plan-amazon-momcozy-glaciere-lait-maternel-portable-650ml-juin-2026,"Momcozy Glacière Lait Maternel Portable 650 ml à 89,99 €",bon-plan,2026-07-07,Amazon,Amazon,"89,99 €",0,0,0,0,Améliorer la visibilité
bon-plan-amazon-momcozy-machine-bruit-blanc-db03-34-sons-veilleuse-portable,"Momcozy machine à bruit blanc DB03 34 sons + veilleuse à 42,99 €",bon-plan,2026-07-22,Amazon,Amazon,"42,99 €",0,0,0,0,Améliorer la visibilité
bon-plan-amazon-momcozy-nutri-chauffe-biberon-9-en-1-juin-2026,"Momcozy Nutri chauffe-biberon 9-en-1 maison à 59,99 €",bon-plan,2026-07-07,Amazon,Amazon,"59,99 €",0,0,0,0,Améliorer la visibilité
bon-plan-amazon-momcozy-organisateur-poussette-landau-mai-2026,"Bon plan Amazon : Momcozy organisateur poussette & landau universel à 22,94€ (-15%)",bon-plan,2026-05-21,Amazon,Amazon,"22,94€ au lieu de 26,99€ (-15%)",0,0,0,0,Améliorer la visibilité
bon-plan-amazon-momcozy-s9-pro-tire-lait-electrique-mains-libres-mai-2026,"Bon plan Amazon : Momcozy S9 Pro tire-lait électrique mains libres à 55,24€ (-15%)",bon-plan,2026-05-21,Amazon,Amazon,"55,24€ au lieu de 64,99€ (-15%)",0,0,0,0,Améliorer la visibilité
bon-plan-amazon-momcozy-sachets-conservation-lait-maternel-180ml-120-poches-17-euros-mai-2026,"Bon plan Amazon Momcozy : lot de 120 sachets de congélation lait maternel 180 ml double fermeture étanche à 17,99€ au lieu de 19,99€ (-10%)",bon-plan,2026-07-07,Amazon,Amazon,"17,99€ au lieu de 19,99€ (-10%)",0,0,0,0,Améliorer la visibilité
bon-plan-amazon-monster-high-poupee-compagnie-accessoires,Monster High poupée + compagnie + accessoires à 15 €,bon-plan,2026-07-14,Amazon,Amazon,"15,00 €",0,0,0,0,Améliorer la visibilité
bon-plan-amazon-moule-air-fryer-ninja-af500eu-10-4l-juillet-2026,"Lot 3 moules Air Fryer Ninja 10,4 L AF500EU à 12,85 €",bon-plan,2026-07-24,Amazon,Amazon,"12,85 €",0,0,0,0,Améliorer la visibilité
bon-plan-amazon-moule-silicone-air-fryer-ninja-af400eu-af300eu-juillet-2026,"Moule silicone Air Fryer Ninja AF400EU / AF300EU : 22,04 €",bon-plan,2026-07-01,Amazon,Amazon,"22,04 €",0,0,0,0,Améliorer la visibilité
bon-plan-amazon-moule-silicone-air-fryer-ninja-foodi-max-af400eu-juillet-2026,"Moule silicone Air Fryer Ninja Foodi MAX AF400EU à 30,86 €",bon-plan,2026-07-24,Amazon,Amazon,"30,86 €",0,0,0,0,Améliorer la visibilité
bon-plan-amazon-moulinex-blendforce-lm420510-blender-juin-2026,"Moulinex Blendforce LM420510 blender 800 W à 39,99 € (-27 %)",bon-plan,2026-06-11,Amazon,Amazon,"39,99 € au lieu de 55,07 € (-27 %)",0,0,0,0,Améliorer la visibilité
bon-plan-amazon-moulinex-dolci-machine-glaces-10-programmes-mai-2026,"Bon plan Amazon : Moulinex Dolci machine à glaces 10 programmes MJ6038F0 à 164,81€",bon-plan,2026-05-25,Amazon,Amazon,"164,81€ au lieu de 173,50€",0,0,0,0,Améliorer la visibilité
bon-plan-amazon-moulinex-dolci-mj604af0-glaces-3-bols-juin-2026,"Moulinex Dolci MJ604AF0 3 bols machine à glaces à 179,99 € sur Amazon",bon-plan,2026-06-11,Amazon,Amazon,"179,99 € au lieu de 189,99 € (-5 %)",0,0,0,0,Améliorer la visibilité
bon-plan-amazon-moulinex-easy-soup-lm841110-blender-chauffant-juin-2026,"Moulinex Easy Soup LM841110 blender chauffant à 79,99 € (-27 %)",bon-plan,2026-06-11,Amazon,Amazon,"79,99 € au lieu de 109,02 € (-27 %)",0,0,0,0,Améliorer la visibilité
bon-plan-amazon-moulinex-frutelia-plus-centrifugeuse-950ml-38-euros-mai-2026,"Bon Plan Amazon : Moulinex Frutelia Plus Centrifugeuse 950 ml 350W à 37,99€",bon-plan,2026-05-30,Amazon,Amazon,"37,99€ au lieu de 59,99€ (-37%)",0,0,0,0,Améliorer la visibilité
bon-plan-amazon-moulinex-i-companion-touch-robot-cuiseur-juin-2026,"Moulinex i-Companion Touch robot cuiseur connecté à 899,99 € sur Amazon",bon-plan,2026-06-11,Amazon,Amazon,"899,99 €",0,0,0,0,Améliorer la visibilité
bon-plan-amazon-moulinex-multicook-fry-multicuiseur-air-fryer-12-programmes-juillet-2026,"Moulinex Multicook & Fry multicuiseur + air fryer : 99,99 €",bon-plan,2026-07-01,Amazon,Amazon,"99,99 €",0,0,0,0,Améliorer la visibilité
bon-plan-amazon-moulinex-presse-agrume-electrique-double-rotation-15-euros-mai-2026,"Bon Plan Amazon : Moulinex Presse-Agrume Électrique Double Rotation Compact à 14,99€",bon-plan,2026-05-30,Amazon,Amazon,"14,99€ au lieu de 29,99€ (-50%)",0,0,0,0,Améliorer la visibilité
bon-plan-amazon-mugler-alien-edp-rechargeable-30ml-juin-2026,"Bon Plan Mugler : Alien EDP Rechargeable 30ml 48,35€ Juin 2026",bon-plan,2026-06-03,Amazon,Amazon,"48,35€",0,0,0,0,Améliorer la visibilité
bon-plan-amazon-multper-ventilateur-camping-10000mah-portable-rechargeable-juillet-2026,"Multper ventilateur camping 10000 mAh portable rechargeable à 36,99 €",bon-plan,2026-07-09,Amazon,Amazon,"36,99 €",0,0,0,0,Améliorer la visibilité
bon-plan-amazon-nania-dune-siege-auto-i-size-pivotant-360-0-12-ans-juin-2026,Nania Dune siège auto i-Size pivotant 360° 0-12 ans à 119 €,bon-plan,2026-07-21,Amazon,Amazon,119 €,0,0,0,0,Améliorer la visibilité
bon-plan-amazon-natural-elements-chardon-marie-120-gelules-12-90-euros-avril-2026,"Amazon : chardon marie Natural Elements 120 gélules à 12,90€ (-24%), élu produit de l'année",bon-plan,2026-04-04,Amazon,Amazon,"12,90€",0,0,0,0,Améliorer la visibilité
bon-plan-amazon-nature-moi-creme-visage-nuit-anti-age-aloe-vera-karite-moringa-2026,"Naturé Moi Crème Visage Nuit Anti-Âge - Aloe Vera, Karité, Moringa à 9,19 €",bon-plan,2026-07-24,Amazon,Amazon,"9,19 €",0,0,0,0,Améliorer la visibilité
bon-plan-amazon-nebulaflow-ventilateur-brumisateur-reservoir-4l-mai-2026,"NebulaFlow ventilateur brumisateur 4 L à 123,48 € (-27%)",bon-plan,2026-06-17,Amazon,Amazon,"123,48 € au lieu de 169,99 € (-27%)",0,0,0,0,Améliorer la visibilité
bon-plan-amazon-nerf-super-soaker-twin-tide-blaster-eau-juin-2026,"Nerf Super Soaker Twin Tide blaster à eau à 9,99€ (-44%)",bon-plan,2026-06-15,Amazon,Amazon,"9,99€ au lieu de 17,99€ (-44%)",0,0,0,0,Améliorer la visibilité
bon-plan-amazon-nescafe-dolce-gusto-genio-s-krups-machine-mai-2026,"Bon plan Amazon : Nescafé Dolce Gusto Genio S Krups (machine à dosettes multi-boissons, fonction XL, arrêt auto, KP243110) à 59,99 € (-24 %)",bon-plan,2026-05-19,Amazon,Amazon,"59,99 € au lieu de 78,90 € (-24 %)",0,0,0,0,Améliorer la visibilité
bon-plan-amazon-nespresso-krups-vertuo-next-rouge-promo-2026,"Nespresso Krups Vertuo Next a 49,99E au lieu de 122E (-59%) sur Amazon",bon-plan,2026-03-24,Amazon,Amazon,"49,99E",0,0,0,0,Améliorer la visibilité
bon-plan-amazon-neutrogena-aqua-gel-hydro-boost-pot-de-2026,"Neutrogena Aqua-Gel Hydro Boost (pot de à 11,13 €",bon-plan,2026-07-24,Amazon,Amazon,"11,13 €",0,0,0,0,Améliorer la visibilité
bon-plan-amazon-nike-air-180-homme-black-alabaster-dusty-cactus,"Nike Air 180 homme sneakers Black Alabaster Cactus : 116,88 €",bon-plan,2026-07-17,Amazon,Amazon,"116,88 €",0,0,0,0,Améliorer la visibilité
bon-plan-amazon-ninja-air-fryer-dual-zone-max-9-5l-juin-2026,"Ninja Air Fryer Dual Zone MAX 9,5L numérique à 149,99€ (-31%)",bon-plan,2026-06-15,Amazon,Amazon,"149,99€ au lieu de 216,19€ (-31%)",0,0,0,0,Améliorer la visibilité
bon-plan-amazon-ninja-air-fryer-max-pro-af180eucp-6l-noir-cuivre-juillet-2026,"Ninja Air Fryer MAX PRO 6,2 L AF180EUCP noir cuivre à 149,99 €",bon-plan,2026-07-24,Amazon,Amazon,"149,99 €",0,0,0,0,Améliorer la visibilité
bon-plan-amazon-ninja-blender-mixeur-2-gobelets-700ml-1000w-deal-du-jour-65-euros-mai-2026,"🔥 DEAL DU JOUR Amazon : Ninja BN495EU Mixeur 1000W + 2 Gobelets 700 ml à 64,99€ (-43%)",bon-plan,2026-05-30,Amazon,Amazon,"64,99€ au lieu de 113,03€ (-43%)",0,0,0,0,Améliorer la visibilité
bon-plan-amazon-ninja-combi-12-en-1-multicuiseur-four-friteuse-juillet-2026,"Ninja Combi 12-en-1 multicuiseur + four + friteuse à 199,99 €",bon-plan,2026-07-24,Amazon,Amazon,"199,99 €",0,0,0,0,Améliorer la visibilité
bon-plan-amazon-ninja-creami-deluxe-machine-glace-sorbetiere-mai-2026,"Bon plan Amazon : Ninja CREAMi Deluxe machine à glace & sorbetière 10 fonctions à 199,99€ (-13%)",bon-plan,2026-05-21,Amazon,Amazon,"199,99€ au lieu de 229,99€ (-13%)",0,0,0,0,Améliorer la visibilité
bon-plan-amazon-ninja-creami-nc302eu-machine-glaces-desserts-juillet-2026,"Ninja CREAMi machine à crème glacée 7 programmes NC302EU 1,4 L à 179,00 € (-28 %)",bon-plan,2026-07-24,Amazon,Amazon,"179,00 € (au lieu de 249,99 €, -28 %)",0,0,0,0,Améliorer la visibilité
bon-plan-amazon-ninja-detect-power-blender-processor-pro-tb401eustgd-juillet-2026,"Ninja Detect Power Blender Processor Pro 3-en-1 TB401EUSTGD à 249,99 €",bon-plan,2026-07-24,Amazon,Amazon,"249,99 €",0,0,0,0,Améliorer la visibilité
bon-plan-amazon-ninja-double-stack-xl-sl451eusd-thermosonde-9-5l-juillet-2026,"Ninja Double Stack XL Air Fryer thermosonde SL451EUSD 9,5 L à 188,38 € (-35 %)",bon-plan,2026-07-24,Amazon,Amazon,"188,38 € (au lieu de 289,99 €, -35 %)",0,0,0,0,Améliorer la visibilité
bon-plan-amazon-ninja-everclad-casserole-inox-20cm-couvercle-juillet-2026,"Ninja EverClad Casserole inox 20 cm + couvercle : 65,99 €",bon-plan,2026-07-01,Amazon,Amazon,"65,99 €",0,0,0,0,Améliorer la visibilité
bon-plan-amazon-ninja-everclad-poele-inox-24cm-tous-feux-juillet-2026,"Ninja EverClad Poêle inox 24 cm tous feux + induction : 49,99 €",bon-plan,2026-07-01,Amazon,Amazon,"49,99 €",0,0,0,0,Améliorer la visibilité
bon-plan-amazon-ninja-extracteur-jus-pression-froid-134-euros-mai-2026,"Ninja JC151EU extracteur de jus pression à froid à 99,99 €",bon-plan,2026-07-24,Amazon,Amazon,"99,99 €",0,0,0,0,Améliorer la visibilité
bon-plan-amazon-ninja-foodi-flexdrawer-10-4l-7-en-1-juin-2026,"Ninja Foodi FlexDrawer 10,4L 7-en-1 dual zone à 174,99€ (-35%)",bon-plan,2026-06-15,Amazon,Amazon,"174,99€ (-35%)",0,0,0,0,Améliorer la visibilité
bon-plan-amazon-ninja-foodi-flexdrawer-af500eu-double-cuve-10-4l-juillet-2026,"Ninja Foodi FlexDrawer AF500EU Air Fryer 10,4 L double cuve à 179,99 € (-33 %)",bon-plan,2026-07-24,Amazon,Amazon,"179,99 € (au lieu de 269,99 €, -33 %)",0,0,0,0,Améliorer la visibilité
bon-plan-amazon-ninja-foodi-op100eu-multicuiseur-6en1-tendercrisp-4-7l-juillet-2026,"Ninja Foodi OP100EU Multicuiseur 6-en-1 TenderCrisp 4,7 L à 160,80 € (-20 %)",bon-plan,2026-07-24,Amazon,Amazon,"160,80 € (au lieu de 199,99 €, -20 %)",0,0,0,0,Améliorer la visibilité
bon-plan-amazon-ninja-luxe-essential-broyeur-2-en-1-juin-2026,"Ninja Luxe Essential broyeur 2-en-1 latte cappuccino à 260,58 € (-42 %)",bon-plan,2026-07-24,Amazon,Amazon,"260,58 € au lieu de 449,99 € (-42 %)",0,0,0,0,Améliorer la visibilité
bon-plan-amazon-ninja-max-dg551eu-grill-friteuse-6-en-1-juillet-2026,"Ninja MAX DG551EU grill intérieur + friteuse 6-en-1 à 209,99 €",bon-plan,2026-07-06,Amazon,Amazon,"209,99 € (au lieu de 229,00 €)",0,0,0,0,Améliorer la visibilité
bon-plan-amazon-ninja-prestige-machine-cafe-filtre-capsules-2en1-mai-2026,"Bon plan Amazon : Ninja Prestige machine à café filtre + capsules 2-en-1 à 209,99€ (-25%)",bon-plan,2026-07-13,Amazon,Amazon,"209,99€ au lieu de 279,99€ (-25%)",0,0,0,0,Améliorer la visibilité
bon-plan-amazon-ninja-sizzle-pro-xl-grill-electrique-plancha-ceramique-mai-2026,"Ninja Sizzle Pro XL grill + plancha céramique à 129,99 €",bon-plan,2026-07-18,Amazon,Amazon,"129,99 €",0,0,0,0,Améliorer la visibilité
bon-plan-amazon-ninja-speedi-10en1-on500eustgd-cuiseur-friteuse-vapeur-juillet-2026,"Ninja Speedi 10-en-1 Cuiseur rapide ON500EUSTGD 5,7 L à 206,99 € (-10 %)",bon-plan,2026-07-24,Amazon,Amazon,"206,99 € (au lieu de 229,99 €, -10 %)",0,0,0,0,Améliorer la visibilité
bon-plan-amazon-ninja-staysharp-ensemble-6-couteaux-inox-aiguiseur-juillet-2026,"Ninja StaySharp Ensemble 6 couteaux inox + aiguiseur : 129,99 €",bon-plan,2026-07-01,Amazon,Amazon,"129,99 €",0,0,0,0,Améliorer la visibilité
bon-plan-amazon-ninja-woodfire-pro-connect-xl-barbecue-fumoir-mai-2026,Ninja Woodfire Pro Connect XL barbecue électrique + fumoir à 456 €,bon-plan,2026-06-05,Amazon,Amazon,456 € — Barbecue électrique XL connecté + fumoir 7-en-1,0,0,0,0,Améliorer la visibilité
bon-plan-amazon-nivea-body-cacao-karite-400ml-pump-juin-2026,"Nivea Body Cacao + Karité 400 ml pump à 10,75 €",bon-plan,2026-06-18,Amazon,Amazon,"10,75 €",0,0,0,0,Améliorer la visibilité
bon-plan-amazon-nivea-coffret-beautiful-time-juin-2026,"Nivea Coffret Beautiful Time soin femme à 15,39 €",bon-plan,2026-06-30,Amazon,Amazon,"15,39 €",0,0,0,0,Améliorer la visibilité
bon-plan-amazon-nivea-men-trousse-sensitive-4-produits-juin-2026,"NIVEA Men trousse Sensitive 4 produits à 20,70 €",bon-plan,2026-06-18,Amazon,Amazon,"20,70 €",0,0,0,0,Améliorer la visibilité
bon-plan-amazon-nivea-sun-spray-activateur-bronzage-spf30-200ml-juillet-2026,"Nivea Sun spray activateur de bronzage SPF30 200 ml à 7,34 €",bon-plan,2026-07-22,Amazon,Amazon,"7,34 €",0,0,0,0,Améliorer la visibilité
bon-plan-amazon-npluseins-drap-housse-bebe-70x140-coton-7-euros-mai-2026,"Drap housse bébé 70x140 cm 100% coton Oeko-Tex Npluseins prune à 7,99 € sur Amazon (-33%)",bon-plan,2026-05-17,Amazon,Amazon,"7,99 € au lieu de 11,87 €",0,0,0,0,Améliorer la visibilité
bon-plan-amazon-nuby-chaise-haute-4-en-1-mai-2026,"Bon plan Amazon : Nuby chaise haute 4-en-1 avec plateau amovible à 127,55€ (-15%)",bon-plan,2026-05-21,Amazon,Amazon,"127,55€ au lieu de 149,99€ (-15%)",0,0,0,0,Améliorer la visibilité
bon-plan-amazon-nuk-first-choice-day-night-tetines-18-36-mois-lot-4-mai-2026,"NUK First Choice Day & Night sucettes orthodontiques 18-36 mois lot 4 phosphorescentes à 8,39 € sur Amazon (-20%)",bon-plan,2026-07-07,Amazon,Amazon,"8,39 € au lieu de 10,49 €",0,0,0,0,Améliorer la visibilité
bon-plan-amazon-nuk-magic-cup-tasse-apprentissage-360-antifuites-crabe-rouge-mai-2026,"NUK Magic Cup tasse d'apprentissage 360° antifuites crabe rouge lot 2 à 14,69 € sur Amazon (-28%)",bon-plan,2026-07-07,Amazon,Amazon,"14,69 € au lieu de 20,52 €",0,0,0,0,Améliorer la visibilité
bon-plan-amazon-nuk-micro-express-plus-sterilisateur-biberon-mai-2026,"NUK Micro Express Plus Stérilisateur Biberon Micro-Ondes à 19,19 € sur Amazon (-31%)",bon-plan,2026-05-22,Amazon,Amazon,"19,19 € au lieu de 27,90 €",0,0,0,0,Améliorer la visibilité
bon-plan-amazon-nuk-perfect-match-air-day-night-tetines-0-6-mois-lot-4-mai-2026,"NUK Perfect Match Air Day & Night sucettes orthodontiques 0-6 mois lot 4 phosphorescentes à 11,19 € sur Amazon (-20%)",bon-plan,2026-07-07,Amazon,Amazon,"11,19 € au lieu de 13,99 €",0,0,0,0,Améliorer la visibilité
bon-plan-amazon-nuk-perfect-match-set-biberons-3-mois-mai-2026,"Bon plan Amazon : NUK Perfect Match Set 3 biberons 260 ml 3+ mois à 14,94€ (-33%)",bon-plan,2026-05-20,Amazon,Amazon,"14,94€ au lieu de 22,45€ (-33%)",0,0,0,0,Améliorer la visibilité
bon-plan-amazon-nuk-tasse-apprentissage-6-mois-mai-2026,"Bon plan Amazon : NUK Set tasse d'apprentissage + biberon bec souple 6+ mois à 13,99€ (-30%)",bon-plan,2026-07-07,Amazon,Amazon,"13,99€ au lieu de 19,99€ (-30%)",0,0,0,0,Améliorer la visibilité
bon-plan-amazon-nuliie-joyflow-air-tire-lait-portable-mains-libres-juin-2026,"Nuliie JoyFlow Air tire-lait portable mains libres lot 2 à 62,98 €",bon-plan,2026-06-21,Amazon,Amazon,"62,98 € (lot de 2)",0,0,0,0,Améliorer la visibilité
bon-plan-amazon-nuxe-hair-prodigieux-ritual-coffret-cheveux-4-produits-juillet-2026,"Nuxe Hair Prodigieux Coffret Rituel Cheveux 4 produits à 28,89 € (-4 %)",bon-plan,2026-07-16,Amazon,Amazon,"28,89 €",0,0,0,0,Améliorer la visibilité
bon-plan-amazon-nuxe-merveillance-lift-creme-velours-effet-liftant-juillet-2026,"Nuxe Merveillance Lift Crème Velours Effet Liftant 50 ml à 32,50 € (-9 %)",bon-plan,2026-07-16,Amazon,Amazon,"32,50 €",0,0,0,0,Améliorer la visibilité
bon-plan-amazon-nyx-cant-stop-wont-stop-anticernes-natural-juillet-2026,"NYX Can't Stop Won't Stop anticernes Natural à 8,40 €",bon-plan,2026-07-10,Amazon,Amazon,"8,40 €",0,0,0,0,Améliorer la visibilité
bon-plan-amazon-nyx-smooth-whip-rouge-levres-creme-mat-2026,"NYX Smooth Whip Rouge à Lèvres Crème Mat Fouetté à 7,95€ (-5%)",bon-plan,2026-07-15,Amazon,Amazon,"7,95€",0,0,0,0,Améliorer la visibilité
bon-plan-amazon-oasismile-brosse-dents-electrique-sonique-5-modes-29-euros-mai-2026,"OasiSmile brosse à dents sonique 5 modes à 19,99 € (-67%)",bon-plan,2026-06-18,Amazon,Amazon,"19,99 € au lieu de 59,99 € (-67%)",0,0,0,0,Améliorer la visibilité
bon-plan-amazon-odk-bureau-angle-4-tiroirs-108-euros-avril-2026,Amazon : bureau d'angle ODK 140x80cm avec 4 tiroirs et USB à 108€ (-17%),bon-plan,2026-04-04,Amazon,Amazon,"108,29€",0,0,0,0,Améliorer la visibilité
bon-plan-amazon-olaplex-n7-bonding-oil-huile-capillaire-juillet-2026,"Olaplex N°7 Bonding Oil huile capillaire à 16,49 €",bon-plan,2026-07-12,Amazon,Amazon,"16,49 €",0,0,0,0,Améliorer la visibilité
bon-plan-amazon-olimpia-splendid-dolceclima-slim-8-wwb-climatiseur-portable-8000-btu,"Olimpia Splendid Dolceclima Slim 8 WWB 8 000 BTU : 236,79 €",bon-plan,2026-07-18,Amazon,Amazon,"236,79 €",0,0,0,0,Améliorer la visibilité
bon-plan-amazon-olvy-mini-frigo-cosmetique-4l-miroir-led-rose-juin-2026,"Olvy Mini Frigo Cosmétique 4 L miroir LED rose à 37,99 €",bon-plan,2026-06-21,Amazon,Amazon,"37,99 €",0,0,0,0,Améliorer la visibilité
bon-plan-amazon-omron-x101-nebuliseur-aerosol-juin-2026,"OMRON X101 Easy nébuliseur aérosol à 29,99 € au lieu de 42,99 € (-30 %)",bon-plan,2026-06-11,Amazon,Amazon,"29,99 € au lieu de 42,99 € (-30 %)",0,0,0,0,Améliorer la visibilité
bon-plan-amazon-oneisall-distributeur-croquettes-chat-5l-2-bols-wifi,"oneisall distributeur croquettes chat 5 L 2 bols WiFi : 65,15 €",bon-plan,2026-07-17,Amazon,Amazon,"65,15 €",0,0,0,0,Améliorer la visibilité
bon-plan-amazon-oral-b-io-3-brosse-dents-bleue-juin-2026,"Oral-B iO 3 + 3 brossettes à 64,99 € au lieu de 93,27 € (-30 %)",bon-plan,2026-06-11,Amazon,Amazon,"64,99 € au lieu de 93,27 € (-30 %)",0,0,0,0,Améliorer la visibilité
bon-plan-amazon-oral-b-io-3-duo-brossettes-noir-rose-juin-2026,"Oral-B iO 3 Duo 2 brosses + 2 brossettes noir & rose à 98,50€",bon-plan,2026-06-14,Amazon,Amazon,"98,50€",0,0,0,0,Améliorer la visibilité
bon-plan-amazon-oral-b-io-6-connectee-ecran-juin-2026,"Oral-B iO 6 connectée Bluetooth 5 modes + étui à 119,99€",bon-plan,2026-06-14,Amazon,Amazon,"119,99€",0,0,0,0,Améliorer la visibilité
bon-plan-amazon-oral-b-io-6-duo-brosses-dents-electriques-mai-2026,"Bon plan Amazon : Oral-B iO 6 Duo brosses à dents électriques + 3 brossettes à 190€ (-49%, économie 185€)",bon-plan,2026-06-30,Amazon,Amazon,190€ au lieu de 375€ (-49% — économie 185€),0,0,0,0,Améliorer la visibilité
bon-plan-amazon-oral-b-io-kids-spider-man-juin-2026,"Oral-B iO Kids Spider-Man à 44,99 € au lieu de 75 € (-40 %)",bon-plan,2026-06-11,Amazon,Amazon,"44,99 € au lieu de 75 € (-40 %)",0,0,0,0,Améliorer la visibilité
bon-plan-amazon-oukzon-kit-soins-barbe-10-en-1-shampoing-huile-baume-21-euros-mai-2026,"Oukzon kit soins barbe homme 10-en-1 à 20,30 € (-10%)",bon-plan,2026-06-18,Amazon,Amazon,"20,30 € au lieu de 22,49 € (-10%)",0,0,0,0,Améliorer la visibilité
bon-plan-amazon-oulac-rouge-levres-metallique-or-du-sahara-juin-2026,"Bon Plan Oulac : Rouge à Lèvres Métallique Or du Sahara (10) 6,51€ Juin 2026",bon-plan,2026-07-07,Amazon,Amazon,"6,51€",0,0,0,0,Améliorer la visibilité
bon-plan-amazon-outsunny-douche-solaire-35l-jardin-piscine-juin-2026,"Outsunny douche solaire extérieure 35L jardin piscine à 132,90€",bon-plan,2026-06-16,Amazon,Amazon,"132,90€",0,0,0,0,Améliorer la visibilité
bon-plan-amazon-outsunny-tente-camping-5-pers-tunnel-juillet-2026,"Tente Outsunny 5 personnes tunnel ventilée : 97,90 €",bon-plan,2026-07-08,Amazon,Amazon,"97,90 €",0,0,0,0,Améliorer la visibilité
bon-plan-amazon-outsunny-tente-camping-familiale-5-pers-tunnel-juillet-2026,"Outsunny tente familiale 5 places tunnel ventilée à 97,90 €",bon-plan,2026-07-09,Amazon,Amazon,"97,90 €",0,0,0,0,Améliorer la visibilité
bon-plan-amazon-outsunny-tente-tunnel-2-4-pers-3000mm-3-portes-juillet-2026,"Tente Outsunny 2-4 pers. tunnel 3000 mm : 82,90 € (-17 %)",bon-plan,2026-07-08,Amazon,Amazon,"82,90 € au lieu de 99,90 €",0,0,0,0,Améliorer la visibilité
bon-plan-amazon-outsunny-transat-bain-de-soleil-pliable-39-80-euros-juillet-2026,"Outsunny Transat Bain de Soleil Pliable à 39,80 € sur Amazon",bon-plan,2026-07-03,Amazon,Amazon,"39,80 €",0,0,0,0,Améliorer la visibilité
bon-plan-amazon-overmont-kit-casseroles-camping-14-pcs-aluminium-juillet-2026,"OVERMONT kit casseroles camping 14 pièces à 29,97 €",bon-plan,2026-07-09,Amazon,Amazon,"29,97 €",0,0,0,0,Améliorer la visibilité
bon-plan-amazon-palette-12-anticernes-fards-joues-longue-tenue-juin-2026,"Palette 12 anticernes + fards à joues longue tenue à 11,88 €",bon-plan,2026-06-19,Amazon,Amazon,"11,88 €",0,0,0,0,Améliorer la visibilité
bon-plan-amazon-palnests-bac-litiere-chat-inox-120l-108-euros-2026,"Bac à litière chat inox PalNests XXXL 120 L à 94,99 €",bon-plan,2026-07-07,Amazon,Amazon,"94,99 €",0,0,0,0,Améliorer la visibilité
bon-plan-amazon-pampers-99-eau-lingettes-540-mai-2026,Pampers 99% d'eau lingettes bébé 540 (9 x 60) sans plastique sans parfum à 18 € sur Amazon (-25%),bon-plan,2026-05-18,Amazon,Amazon,18 € au lieu de 24 €,0,0,0,0,Améliorer la visibilité
bon-plan-amazon-pampers-baby-dry-pants-taille-5-160-culottes-juin-2026,"Pampers Baby-Dry Pants T5 160 culottes à 49,83 € (0,31 €/c.)",bon-plan,2026-06-17,Amazon,Amazon,"49,83 €",0,0,0,0,Améliorer la visibilité
bon-plan-amazon-pampers-baby-dry-pants-taille-8-117-culottes-19kg-plus-juin-2026,"Pampers Baby-Dry Pants T8 117 culottes (19 kg+) à 52,50 € (0,45 €/c.)",bon-plan,2026-06-17,Amazon,Amazon,"52,50 €",0,0,0,0,Améliorer la visibilité
bon-plan-amazon-pampers-baby-dry-taille-3-234-couches-pat-patrouille-juin-2026,"Pampers Baby-Dry T3 Pat'Patrouille 234 couches à 44,22 € (0,19 €/couche)",bon-plan,2026-06-17,Amazon,Amazon,"44,22 €",0,0,0,0,Améliorer la visibilité
bon-plan-amazon-pampers-baby-dry-taille-4-222-couches-pat-patrouille-juin-2026,"Pampers Baby-Dry T4 Pat'Patrouille 222 couches à 51,48 € (0,23 €/c.)",bon-plan,2026-06-17,Amazon,Amazon,"51,48 €",0,0,0,0,Améliorer la visibilité
bon-plan-amazon-pampers-baby-dry-taille-5-186-couches-pat-patrouille-juin-2026,"Pampers Baby-Dry T5 Pat'Patrouille 186 couches à 49,50 € (0,27 €/c.)",bon-plan,2026-06-17,Amazon,Amazon,"49,50 €",0,0,0,0,Améliorer la visibilité
bon-plan-amazon-pampers-harmonie-hybrid-kit-couches-lavables-2026,"Pampers Harmonie Hybrid Kit Démarrage Couches Lavables à 19,99€",bon-plan,2026-07-07,Amazon,Amazon,"19,99€",0,0,0,0,Améliorer la visibilité
bon-plan-amazon-pampers-premium-protection-taille-4-174-couches-juin-2026,"Pampers Premium Protection T4 174 couches à 45,54 € (0,26 €/couche)",bon-plan,2026-06-17,Amazon,Amazon,"45,54 €",0,0,0,0,Améliorer la visibilité
bon-plan-amazon-panasonic-es-ey30-epilateur-wet-dry-double-disque-2026,"Panasonic ES-EY30 épilateur Wet & Dry 60 pinces : 93,92 €",bon-plan,2026-07-21,Amazon,Amazon,"93,92 €",0,0,0,0,Améliorer la visibilité
bon-plan-amazon-panier-rangement-bebe-lange-couches-mai-2026,"Panier de rangement bébé en coton (langer, couches) à 19,99 € sur Amazon (-33%)",bon-plan,2026-07-07,Amazon,Amazon,"19,99 € au lieu de 29,99 €",0,0,0,0,Améliorer la visibilité
bon-plan-amazon-pantene-pro-v-robert-indiana-routine-lisse-mai-2026,"Bon plan Amazon : Pantene Pro-V × Robert Indiana — Routine Lisse & Soyeux à 10,53 € (-34%)",bon-plan,2026-06-24,Amazon,Amazon,"9,57 €",0,0,0,0,Améliorer la visibilité
bon-plan-amazon-papafboy-ventilateur-poussette-rotatif-360-juin-2026,"PaPaFboy ventilateur poussette bébé 20h rotatif 360° à 18,99€",bon-plan,2026-06-16,Amazon,Amazon,"18,99€",0,0,0,0,Améliorer la visibilité
bon-plan-amazon-paper-mate-sharpie-kit-papeterie-rentree-12-pieces,"Paper Mate & Sharpie kit papeterie rentrée 12 pièces : 9,59 €",bon-plan,2026-07-18,Amazon,Amazon,"9,59 €",0,0,0,0,Améliorer la visibilité
bon-plan-amazon-pecute-sac-dos-chat-chien-transport-respirant,"Pecute sac à dos chat / petit chien respirant : 32,57 €",bon-plan,2026-07-17,Amazon,Amazon,"32,57 €",0,0,0,0,Améliorer la visibilité
bon-plan-amazon-petit-bateau-body-bebe-fille-2026,"Petit Bateau body bébé fille à 17,60 € (au lieu de 22 €)",bon-plan,2026-07-22,Amazon,Amazon,"17,60 €",0,0,0,0,Améliorer la visibilité
bon-plan-amazon-pewingo-sac-nuit-gigoteuse-bebe-0-5-tog-lot-2-mai-2026,"Gigoteuse bébé PewinGo lot 2 sacs nuit 0.5 TOG coton 0-6 mois à 18,99 € sur Amazon (-24%)",bon-plan,2026-07-07,Amazon,Amazon,"18,99 € au lieu de 24,99 €",0,0,0,0,Améliorer la visibilité
bon-plan-amazon-philips-4-en-1-robot-cuiseur-mixeur-bebe-juin-2026,"Philips 4-en-1 Robot Cuiseur-Mixeur Bébé à 99,99 €",bon-plan,2026-06-21,Amazon,Amazon,"99,99 €",0,0,0,0,Améliorer la visibilité
bon-plan-amazon-philips-avent-babyphone-camera-premium-suivi-ia-sommeil-juin-2026,"Philips Avent Babyphone caméra Premium Suivi IA à 279,99 €",bon-plan,2026-06-21,Amazon,Amazon,"279,99 €",0,0,0,0,Améliorer la visibilité
bon-plan-amazon-philips-avent-babyphone-video-advanced-scd881-juin-2026,"Philips Avent babyphone vidéo Advanced SCD881 2,8 pouces à 119,99 €",bon-plan,2026-06-18,Amazon,Amazon,"119,99 €",0,0,0,0,Améliorer la visibilité
bon-plan-amazon-philips-avent-biberon-natural-response-330ml-love-juin-2026,"Philips Avent biberon Natural Response 330 ml Love à 9,90 €",bon-plan,2026-07-07,Amazon,Amazon,"9,90 €",0,0,0,0,Améliorer la visibilité
bon-plan-amazon-philips-avent-biberons-verre-240ml-lot-2-tetines-t3-juin-2026,"Philips Avent biberons verre 240 ml lot 2 + tétines T3 à 19,40 €",bon-plan,2026-07-07,Amazon,Amazon,"19,40 €",0,0,0,0,Améliorer la visibilité
bon-plan-amazon-philips-avent-chauffe-biberon-rapide-scf358-mai-2026,"Philips Avent chauffe-biberon rapide SCF358 à 28,49 € (-29%)",bon-plan,2026-06-18,Amazon,Amazon,"28,49 € au lieu de 39,90 €",0,0,0,0,Améliorer la visibilité
bon-plan-amazon-philips-avent-coffret-4-biberons-natural-response-260ml-juin-2026,"Philips Avent coffret 4 biberons Natural Response 260 ml à 19,99 €",bon-plan,2026-06-18,Amazon,Amazon,"19,99 €",0,0,0,0,Améliorer la visibilité
bon-plan-amazon-philips-avent-kit-biberons-nouveau-ne-scd838-juin-2026,"Philips Avent kit biberons nouveau-né 4 biberons SCD838 à 34,99 €",bon-plan,2026-06-21,Amazon,Amazon,"34,99 €",0,0,0,0,Améliorer la visibilité
bon-plan-amazon-philips-avent-lot-2-biberons-natural-response-260ml-scy903,"Philips Avent lot 2 biberons Natural Response 260 ml à 11,29 €",bon-plan,2026-07-22,Amazon,Amazon,"11,29 €",0,0,0,0,Améliorer la visibilité
bon-plan-amazon-philips-avent-natural-3-airfree-kit-nouveau-ne-mai-2026,"Philips Avent Natural 3.0 AirFree kit nouveau-né à 28,75 €",bon-plan,2026-06-28,Amazon,Amazon,"28,75 €",0,0,0,0,Améliorer la visibilité
bon-plan-amazon-philips-avent-natural-response-coffret-3-biberons-260ml-mai-2026,"Philips Avent Natural Response coffret cadeau 3 biberons 260 ml tétines T3 à 17,99 € sur Amazon",bon-plan,2026-05-18,Amazon,Amazon,"17,99 € au lieu de 19,15 €",0,0,0,0,Améliorer la visibilité
bon-plan-amazon-philips-avent-pots-conservation-cuillere-sevrage-juin-2026,"Philips Avent pots conservation + cuillère de sevrage à 23,90 €",bon-plan,2026-07-07,Amazon,Amazon,"23,90 €",0,0,0,0,Améliorer la visibilité
bon-plan-amazon-philips-avent-robot-cuiseur-vapeur-mixeur-4-en-1-mai-2026,"Bon plan Amazon : Philips Avent Robot cuiseur vapeur-mixeur 4-en-1 bébé (SCF883/01) à 94,99 € au lieu de 126,69 € (-25 %)",bon-plan,2026-06-23,Amazon,Amazon,"94,99 € au lieu de 126,69 € (-25 %)",0,0,0,0,Améliorer la visibilité
bon-plan-amazon-philips-avent-scd503-26-ecoute-bebe-dect-330m-49-euros-mai-2026,"Bon plan Amazon Philips Avent SCD503/26 : écoute-bébé DECT bidirectionnel 330 m, autonomie 24h, mode Smart ECO, veilleuse à 49,99€ au lieu de 63,79€ (-22%)",bon-plan,2026-07-21,Amazon,Amazon,"49,99€ au lieu de 63,79€ (-22%)",0,0,0,0,Améliorer la visibilité
bon-plan-amazon-philips-avent-sucettes-nuit-ultra-air-lot-2-juin-2026,"Philips Avent sucettes nuit Ultra Air lot 2 (0-6 mois) à 6,90 €",bon-plan,2026-07-07,Amazon,Amazon,"6,90 €",0,0,0,0,Améliorer la visibilité
bon-plan-amazon-philips-avent-sucettes-ultra-air-6-18-mois-lot-4-etui-mai-2026,"Philips Avent Sucettes ultra air orthodontiques 6-18 mois lot 4 + 2 étuis stérilisation à 11,49 € sur Amazon",bon-plan,2026-05-18,Amazon,Amazon,"11,49 € au lieu de 12,59 €",0,0,0,0,Améliorer la visibilité
bon-plan-amazon-philips-avent-tire-lait-electrique-rechargeable-juin-2026,"Philips Avent Tire-lait électrique rechargeable silencieux à 85,49 €",bon-plan,2026-06-21,Amazon,Amazon,"85,49 €",0,0,0,0,Améliorer la visibilité
bon-plan-amazon-philips-bt3619-15-tondeuse-barbe-serie-3000-20-hauteurs-24-euros-mai-2026,"Philips BT3619 tondeuse barbe 20 hauteurs à 24,99 € (−24 %)",bon-plan,2026-07-15,Amazon,Amazon,"24,99€ au lieu de 32,99€ (-24%)",0,0,0,0,Améliorer la visibilité
bon-plan-amazon-philips-epilateur-serie-2000-zones-sensibles-juin-2026,"Philips épilateur série 2000 corps zones sensibles à 29,99€ (-25%)",bon-plan,2026-06-14,Amazon,Amazon,"29,99€ au lieu de 39,99€ (-25%)",0,0,0,0,Améliorer la visibilité
bon-plan-amazon-philips-expresso-5500-lattego-juin-2026,Philips Expresso 5500 broyeur LatteGo 20 boissons à 559€ (-25%),bon-plan,2026-07-18,Amazon,Amazon,"559€ au lieu de 749,99€ (-25%)",0,0,0,0,Améliorer la visibilité
bon-plan-amazon-philips-fer-a-lisser-serie-5000-rose-bhs520-juin-2026,"Bon Plan Philips : Fer à lisser série 5000 ThermoShield BHS520 rose 39,99€ Juin 2026",bon-plan,2026-06-03,Amazon,Amazon,"39,99€",0,0,0,0,Améliorer la visibilité
bon-plan-amazon-philips-i9000-prestige-ultra-xp9401-juin-2026,"Philips i9000 Prestige Ultra XP9401 à 299,89 € au lieu de 549,99 € (-45 %)",bon-plan,2026-06-11,Amazon,Amazon,"299,89 € au lieu de 549,99 € (-45 %)",0,0,0,0,Améliorer la visibilité
bon-plan-amazon-philips-machine-pates-7000-proextrude-juin-2026,"Philips Machine à Pâtes 7000 ProExtrude à 219€ au lieu de 289,99€ (-24%)",bon-plan,2026-07-18,Amazon,Amazon,"219€ au lieu de 289,99€ (-24%)",0,0,0,0,Améliorer la visibilité
bon-plan-amazon-philips-multigroom-3000-tondeuse-7-accessoires-mg3930-juin-2026,"Philips Multigroom 3000 tondeuse tout-en-un 7 accessoires à 29,99 €",bon-plan,2026-06-21,Amazon,Amazon,"29,99 €",0,0,0,0,Améliorer la visibilité
bon-plan-amazon-philips-oneblade-360-authentic-qp2824-mai-2026,"Bon plan Amazon : Philips OneBlade 360 Authentic Barber (3 lames 360° + sabots barbe + kit corps, QP2824/31) à 34,99 € (-26 %)",bon-plan,2026-05-19,Amazon,Amazon,"34,99 € au lieu de 47,32 € (-26 %)",0,0,0,0,Améliorer la visibilité
bon-plan-amazon-philips-oneblade-360-lames-rechange-qp430-60,"Philips OneBlade 360 lames rechange x 3 QP430/60 : 27,99 €",bon-plan,2026-07-17,Amazon,Amazon,"27,99 €",0,0,0,0,Améliorer la visibilité
bon-plan-amazon-philips-oneblade-360-lames-remplacement-pack-4-qp440-juin-2026,"Philips OneBlade 360 lames remplacement pack 4 QP440 à 29,99 €",bon-plan,2026-06-21,Amazon,Amazon,"29,99 €",0,0,0,0,Améliorer la visibilité
bon-plan-amazon-philips-oneblade-360-qp2734-rasoir-tondeuse-barbe-juin-2026,"Philips OneBlade 360 QP2734 rasoir tondeuse barbe à 29,99 €",bon-plan,2026-06-21,Amazon,Amazon,"29,99 €",0,0,0,0,Améliorer la visibilité
bon-plan-amazon-philips-oneblade-360-tondeuse-rasoir-qp2724-31,"Philips OneBlade 360 QP2724/31 tondeuse rasoir barbe : 29,99 €",bon-plan,2026-07-17,Amazon,Amazon,"29,99 €",0,0,0,0,Améliorer la visibilité
bon-plan-amazon-philips-oneblade-intimate-qp1924-mai-2026,"Bon plan Amazon : Philips OneBlade Intimate (rasage poils pubiens, protection peau renforcée, QP1924/30) à 32,29 €",bon-plan,2026-05-19,Amazon,Amazon,"32,29 € au lieu de 33,99 € (-5 %)",0,0,0,0,Améliorer la visibilité
bon-plan-amazon-philips-oneblade-lames-360-pack-5-37-euros-mai-2026,"Lames Philips OneBlade Original 360 pack 5 unités (QP450/50) à 34,99 € sur Amazon (-40%)",bon-plan,2026-06-23,Amazon,Amazon,"34,99 € au lieu de 57,99 €",0,0,0,0,Améliorer la visibilité
bon-plan-amazon-philips-rasoir-i9000-prestige-ultra-skin-iq-juin-2026,"Philips Rasoir i9000 Prestige Ultra Skin IQ Pro à 299,89€ (-45%)",bon-plan,2026-06-15,Amazon,Amazon,"299,89€ (-45%)",0,0,0,0,Améliorer la visibilité
bon-plan-amazon-philips-series-7000-rasoir-wet-dry-juin-2026,"Philips Series 7000 Rasoir Wet & Dry à 119,99 € au lieu de 199,99 € (-40 %)",bon-plan,2026-06-11,Amazon,Amazon,"119,99 € au lieu de 199,99 € (-40 %)",0,0,0,0,Améliorer la visibilité
bon-plan-amazon-philips-series-8000-epilateur-wet-dry-juin-2026,"Philips Series 8000 épilateur Wet & Dry sans fil 9 accessoires à 78,99€",bon-plan,2026-06-14,Amazon,Amazon,"78,99€",0,0,0,0,Améliorer la visibilité
bon-plan-amazon-philips-sonicare-5500-hx7110-brosse-a-dents-electronique-sonique,"Philips Sonicare 5500 HX7110 brosse à dents sonique : 82,99 €",bon-plan,2026-07-17,Amazon,Amazon,"82,99 €",0,0,0,0,Améliorer la visibilité
bon-plan-amazon-philips-sonicare-7100-pack-2-juin-2026,"Philips Sonicare 7100 Pack de 2 connectée 4 modes à 159,99€",bon-plan,2026-06-14,Amazon,Amazon,"159,99€",0,0,0,0,Améliorer la visibilité
bon-plan-amazon-pietuley-29-accessoires-air-fryer-ninja-foodi-flex-juin-2026,"29 accessoires Air Fryer Ninja Foodi Flex 10,4 L à 23,21 €",bon-plan,2026-06-29,Amazon,Amazon,"23,21 €",0,0,0,0,Améliorer la visibilité
bon-plan-amazon-pietuley-3pcs-moule-silicone-air-fryer-ninja-cosori-juillet-2026,"Pietuley Lot 3 moules silicone Air Fryer Ninja / COSORI : 13,93 €",bon-plan,2026-07-01,Amazon,Amazon,"13,93 €",0,0,0,0,Améliorer la visibilité
bon-plan-amazon-play-doh-banc-outils-stamp-n-saw-pate-modeler-juin-2026,"Play-Doh Banc à Outils Stamp N Saw pâte à modeler à 10,49 €",bon-plan,2026-06-21,Amazon,Amazon,"10,49 €",0,0,0,0,Améliorer la visibilité
bon-plan-amazon-poderm-2en1-traitement-mycose-ongles-pack-duo-juin-2026,"Bon Plan Poderm : 2en1 Traitement Mycose Ongles Pack Duo (Sérum + Booster) 29,95€ Juin 2026",bon-plan,2026-07-07,Amazon,Amazon,"29,95€",0,0,0,0,Améliorer la visibilité
bon-plan-amazon-poderm-vernis-tea-tree-base-coat-8ml-juillet-2026,"PODERM Vernis Soin Tea Tree Base Coat 8 ml à 8,96 €",bon-plan,2026-07-10,Amazon,Amazon,"8,96 €",0,0,0,0,Améliorer la visibilité
bon-plan-amazon-poperfun-ventilateur-poussette-5200mah-juin-2026,"POPERFUN ventilateur poussette 5200mAh 40h autonomie à 17,99€",bon-plan,2026-06-16,Amazon,Amazon,"17,99€",0,0,0,0,Améliorer la visibilité
bon-plan-amazon-powerbar-black-line-fuel-90-orange-10x94g-juillet-2026,"Powerbar Black Line Fuel 90 Orange (10 × 94 g) : 24,99 €",bon-plan,2026-07-01,Amazon,Amazon,"24,99 €",0,0,0,0,Améliorer la visibilité
bon-plan-amazon-powerbar-recovery-active-chocolate-1210g-juillet-2026,"Powerbar Recovery Active Chocolate 1 210 g : 19,99 €",bon-plan,2026-07-01,Amazon,Amazon,"19,99 €",0,0,0,0,Améliorer la visibilité
bon-plan-amazon-preservatifs-lot-50-7-varietes-mai-2026,"Préservatifs lot de 50 (7 variétés et tailles) à 8,03 € sur Amazon (-33%)",bon-plan,2026-05-22,Amazon,Amazon,"8,03 € au lieu de 11,95 €",0,0,0,0,Améliorer la visibilité
bon-plan-amazon-propos-nature-macerat-paquerette-bio-100ml,"Propos'Nature macérât de pâquerette bio 100 ml : 9,54 €",bon-plan,2026-07-18,Amazon,Amazon,"9,54 €",0,0,0,0,Améliorer la visibilité
bon-plan-amazon-proraso-coffret-vintage-gino-rasage-juin-2026,"Proraso coffret Vintage Gino kit rasage 3 produits à 22,94€",bon-plan,2026-06-16,Amazon,Amazon,"22,94€",0,0,0,0,Améliorer la visibilité
bon-plan-amazon-pulpe-de-vie-creme-hydratante-visage-bio-2026,"Pulpe de Vie Crème Hydratante Visage Bio à 13,32 €",bon-plan,2026-07-24,Amazon,Amazon,"13,32 €",0,0,0,0,Améliorer la visibilité
bon-plan-amazon-pytrarty-trousse-roblox-grande-capacite-papeterie,"PYTRARTY trousse Roblox grande capacité papeterie : 14,99 €",bon-plan,2026-07-18,Amazon,Amazon,"14,99 €",0,0,0,0,Améliorer la visibilité
bon-plan-amazon-quiksilver-bob-bushmaster-bleu-15-euros-mai-2026,"Bob Quiksilver Bushmaster 100% coton bleu Insignia S-M à 15,98 € sur Amazon (-54%)",bon-plan,2026-05-17,Amazon,Amazon,"15,98 € au lieu de 35 €",0,0,0,0,Améliorer la visibilité
bon-plan-amazon-quiksilver-poncho-plage-homme-27-euros-mai-2026,"Poncho de plage Quiksilver Hoody Towel velours coton noir à 27,39 € sur Amazon (-54%)",bon-plan,2026-05-17,Amazon,Amazon,"27,39 € au lieu de 60 €",0,0,0,0,Améliorer la visibilité
bon-plan-amazon-quiksilver-tshirt-colors-in-stereo-blanc-11-euros-mai-2026,"T-shirt Quiksilver Colors in Stereo coton blanc Snow White M à 11,41 € sur Amazon (-43%)",bon-plan,2026-05-17,Amazon,Amazon,"11,41 € au lieu de 19,99 €",0,0,0,0,Améliorer la visibilité
bon-plan-amazon-rainbow-high-junior-high-rock-poupee-articulee,Rainbow High Junior High Rock poupée articulée à 11 €,bon-plan,2026-07-14,Amazon,Amazon,"11,00 €",0,0,0,0,Améliorer la visibilité
bon-plan-amazon-refroidisseur-air-silencieux-chambre-juillet-2026,"Refroidisseur d'air silencieux chambre 3 vitesses : 44,99 €",bon-plan,2026-07-12,Amazon,Amazon,"44,99 €",0,0,0,0,Améliorer la visibilité
bon-plan-amazon-remington-beard-kit-mb4046-tondeuse-barbe-juin-2026,"Remington Beard Kit MB4046 tondeuse barbe titanium à 29,99 €",bon-plan,2026-06-21,Amazon,Amazon,"29,99 €",0,0,0,0,Améliorer la visibilité
bon-plan-amazon-remington-bkt4000-tondeuse-femme-juin-2026,"Remington BKT4000 tondeuse femme étanche à 19,99 € (-31 %)",bon-plan,2026-07-07,Amazon,Amazon,"19,99 € au lieu de 28,82 € (-31 %)",0,0,0,0,Améliorer la visibilité
bon-plan-amazon-remington-colorcut-hc5035-tondeuse-cheveux-juin-2026,"Remington ColorCut HC5035 tondeuse cheveux à 15,49 € (-34 %)",bon-plan,2026-07-07,Amazon,Amazon,"15,49 € au lieu de 23,48 € (-34 %)",0,0,0,0,Améliorer la visibilité
bon-plan-amazon-remington-d3199-seche-cheveux-ionique-2200w-juin-2026,"Remington D3199 sèche-cheveux ionique 2200 W à 17,99 €",bon-plan,2026-06-21,Amazon,Amazon,"17,99 €",0,0,0,0,Améliorer la visibilité
bon-plan-amazon-remington-epilateur-visage-bareme-juin-2026,"Remington épilateur visage BareMe 2-en-1 étanche à 17,99€ (-40%)",bon-plan,2026-06-14,Amazon,Amazon,"17,99€ au lieu de 29,99€ (-40%)",0,0,0,0,Améliorer la visibilité
bon-plan-amazon-remington-lisseur-cheveux-s8540-keratine-amande-juillet-2026,"Remington lisseur cheveux S8540 kératine + huile d'amande à 23,03 €",bon-plan,2026-07-15,Amazon,Amazon,"23,03 €",0,0,0,0,Améliorer la visibilité
bon-plan-amazon-remington-mb4046-beard-kit-tondeuse-barbe-juin-2026,"Remington MB4046 Beard Kit tondeuse barbe à 29,99 € (-30 %)",bon-plan,2026-06-11,Amazon,Amazon,"29,99 € au lieu de 42,99 € (-30 %)",0,0,0,0,Améliorer la visibilité
bon-plan-amazon-remington-s8540-lisseur-ceramique-keratine-huile-amande,"Remington S8540 lisseur céramique kératine + huile amande : 23,03 €",bon-plan,2026-07-17,Amazon,Amazon,"23,03 €",0,0,0,0,Améliorer la visibilité
bon-plan-amazon-remington-stylist-tondeuse-cheveux-pro-juin-2026,"Remington Stylist tondeuse cheveux pro lames céramique à 27,99€",bon-plan,2026-06-14,Amazon,Amazon,"27,99€",0,0,0,0,Améliorer la visibilité
bon-plan-amazon-remington-tondeuse-barbe-multifonction-10-22-99-euros-juillet-2026,"Remington Edge tondeuse barbe multifonction 10-en-1 à 22,99 €",bon-plan,2026-07-26,Amazon,Amazon,"22,99 €",0,0,0,0,Améliorer la visibilité
bon-plan-amazon-remington-tondeuse-colorcut-11-sabots-juin-2026,"Remington Tondeuse Cheveux ColorCut 11 sabots colorés à 15,49€",bon-plan,2026-07-07,Amazon,Amazon,"15,49€",0,0,0,0,Améliorer la visibilité
bon-plan-amazon-remington-wfs200-bareme-epilateur-visage-femme-juin-2026,"Remington BareMe WFS200 épilateur visage femme à 17,99 € sur Amazon",bon-plan,2026-06-11,Amazon,Amazon,"17,99 €",0,0,0,0,Améliorer la visibilité
bon-plan-amazon-remorque-velo-90l-reflechissants-juin-2026,"Remorque vélo / chariot 90 L avec réflecteurs à 63,64€ (-33%)",bon-plan,2026-06-15,Amazon,Amazon,"63,64€ au lieu de 94,99€ (-33%)",0,0,0,0,Améliorer la visibilité
bon-plan-amazon-revlon-equave-soin-demelant-bi-phase-protection-solaire-juin-2026,"Revlon Equave soin démêlant bi-phase protection solaire à 8,49 €",bon-plan,2026-06-20,Amazon,Amazon,"8,49 €",0,0,0,0,Améliorer la visibilité
bon-plan-amazon-revlon-orofluido-elixir-argan-85ml-juillet-2026,Revlon Orofluido Elixir huile d'Argan 85 ml à 15 €,bon-plan,2026-07-10,Amazon,Amazon,"15,00 €",0,0,0,0,Améliorer la visibilité
bon-plan-amazon-revlon-pro-restart-curls-activateur-boucles-200ml-juin-2026,"Bon Plan Revlon Pro : Re/Start Curls Activateur Boucles Tonique 200ml 16,79€ Juin 2026",bon-plan,2026-06-30,Amazon,Amazon,"16,79€",0,0,0,0,Améliorer la visibilité
bon-plan-amazon-revlon-uniqone-masque-spray-sans-rincage-150ml-juin-2026,"Revlon UniqOne masque spray sans rinçage 150 ml à 8,96 €",bon-plan,2026-07-10,Amazon,Amazon,"8,96 €",0,0,0,0,Améliorer la visibilité
bon-plan-amazon-rexona-femme-clean-scent-stick-anti-transpirant-juillet-2026,"Rexona Femme Clean Scent stick anti-transpirant 45 ml à 3,75 €",bon-plan,2026-07-10,Amazon,Amazon,"3,75 €",0,0,0,0,Améliorer la visibilité
bon-plan-amazon-roborock-q10-s5-aspirateur-laveur-station-juin-2026,"Roborock Q10 S5+ aspirateur robot laveur à 249,97 € au lieu de 359,99 €",bon-plan,2026-06-11,Amazon,Amazon,"249,97 € au lieu de 359,99 € (-31 %)",0,0,0,0,Améliorer la visibilité
bon-plan-amazon-roborock-q7-l5-plus-robot-aspi-station-vidange-auto-juillet-2026,"Roborock Q7 L5+ robot aspirateur laveur station à 189,99 € (-37 %)",bon-plan,2026-07-06,Amazon,Amazon,"189,99 € (au lieu de 299,99 €)",0,0,0,0,Améliorer la visibilité
bon-plan-amazon-roborock-qv-35a-robot-aspirateur-laveur-mai-2026,"Bon plan Amazon : Roborock QV 35A robot aspirateur laveur à 329,98€ (-37%)",bon-plan,2026-05-24,Amazon,Amazon,"329,98€ au lieu de 519,99€ (-37%)",0,0,0,0,Améliorer la visibilité
bon-plan-amazon-robot-cuiseur-vapeur-mixeur-bebe-400ml-juin-2026,"Robot Cuiseur Vapeur Mixeur Bébé 400 ml à 42,99 €",bon-plan,2026-06-21,Amazon,Amazon,"42,99 €",0,0,0,0,Améliorer la visibilité
bon-plan-amazon-robot-laveur-vitre-5600pa-anti-chute-mai-2026,"Bon Plan Amazon : Robot Laveur de Vitre 5600 Pa + 10 Chiffons + Anti-Chute UPS à 99,99€",bon-plan,2026-05-30,Amazon,Amazon,"99,99€",0,0,0,0,Améliorer la visibilité
bon-plan-amazon-robot-piscine-sans-fil-180min-200m2-juillet-2026,"Robot piscine sans fil 200 m² 180 min à 199,99 € (-60 %)",bon-plan,2026-07-06,Amazon,Amazon,"199,99 € (au lieu de 499,99 €)",0,0,0,0,Améliorer la visibilité
bon-plan-amazon-robot-piscine-sans-fil-200m2-180min-autonomie-juin-2026,"Robot piscine sans fil 200 m² à 199,99 € au lieu de 399,99 € (-50 %)",bon-plan,2026-07-07,Amazon,Amazon,"199,99 € au lieu de 399,99 € (-50 %)",0,0,0,0,Améliorer la visibilité
bon-plan-amazon-robot-piscine-sans-fil-200min-232m2-juillet-2026,"Robot piscine sans fil 232 m² 200 min à 179,99 € (-59 %)",bon-plan,2026-07-06,Amazon,Amazon,"179,99 € (au lieu de 436,96 €)",0,0,0,0,Améliorer la visibilité
bon-plan-amazon-robot-piscine-sans-fil-200min-autonomie-232m2-juin-2026,Robot piscine sans fil 200 min autonomie 232 m² à 180 €,bon-plan,2026-06-28,Amazon,Amazon,180 €,0,0,0,0,Améliorer la visibilité
bon-plan-amazon-robot-piscine-sans-fil-y10-120min-juin-2026,"Robot piscine sans fil Y10 autonomie 120 min à 179,99€ (-36%)",bon-plan,2026-06-14,Amazon,Amazon,"179,99€ au lieu de 279,99€ (-36%)",0,0,0,0,Améliorer la visibilité
bon-plan-amazon-rosebaie-kit-huile-ricin-keratine-pousse-juillet-2026,"ROSEBAIE Kit Huile de Ricin + Kératine pousse cheveux à 59,90 €",bon-plan,2026-07-26,Amazon,Amazon,"59,90 €",0,0,0,0,Améliorer la visibilité
bon-plan-amazon-rosebaie-kit-keratine-coco-3-produits-juillet-2026,"ROSEBAIE Kit Kératine Coco 3 produits cheveux abîmés : 59,90 €",bon-plan,2026-07-01,Amazon,Amazon,"59,90 €",0,0,0,0,Améliorer la visibilité
bon-plan-amazon-rosebaie-routine-trio-figue-barbarie-keratine-juillet-2026,"ROSEBAIE Routine Trio Figue de Barbarie + Kératine : 56,90 €",bon-plan,2026-07-14,Amazon,Amazon,"56,90 €",0,0,0,0,Améliorer la visibilité
bon-plan-amazon-rowenta-eclipse-ventilateur-purificateur-qu5030f0-juin-2026,"Rowenta Eclipse 2-en-1 ventilateur purificateur QU5030F0 à 249,99€",bon-plan,2026-06-16,Amazon,Amazon,"249,99€",0,0,0,0,Améliorer la visibilité
bon-plan-amazon-rowenta-eole-silence-force-vu7025f0-colonne-juin-2026,"Rowenta Eole Silence Force VU7025F0 colonne 22dB à 89,99€",bon-plan,2026-06-16,Amazon,Amazon,"89,99€",0,0,0,0,Améliorer la visibilité
bon-plan-amazon-rowenta-force-pro-500-centrale-vapeur-mai-2026,"Rowenta Force Pro 500 centrale vapeur made in France à 169,99 € (-36%)",bon-plan,2026-06-17,Amazon,Amazon,"169,99 € au lieu de 264,99 € (-36%)",0,0,0,0,Améliorer la visibilité
bon-plan-amazon-rowenta-turbo-silence-compact-3d-nomad-ventilateur-juillet-2026,Rowenta Turbo Silence Compact 3D Nomad ventilateur : 126 €,bon-plan,2026-07-01,Amazon,Amazon,"126,00 €",0,0,0,0,Améliorer la visibilité
bon-plan-amazon-rowenta-turbo-silence-ventilateur-pied-12-vitesses-90-euros-mai-2026,"Bon Plan Amazon : Rowenta Turbo Silence Ventilateur sur Pied 35 dB + Télécommande à 89,99€",bon-plan,2026-05-30,Amazon,Amazon,"89,99€ au lieu de 99,99€ (-10%)",0,0,0,0,Améliorer la visibilité
bon-plan-amazon-rowenta-turbo-silence-ventilateur-pied-45db-mai-2026,"Bon plan Amazon : Rowenta Turbo Silence ventilateur sur pied 45 dB à 85,99€ (-34%)",bon-plan,2026-05-21,Amazon,Amazon,"85,99€ au lieu de 129,99€ (-34%)",0,0,0,0,Améliorer la visibilité
bon-plan-amazon-rowenta-x-clean-10-aspirateur-laveur-sans-fil-autonettoyage,"Rowenta X-Clean 10 aspirateur laveur sans fil : 349,99 €",bon-plan,2026-07-17,Amazon,Amazon,"349,99 €",0,0,0,0,Améliorer la visibilité
bon-plan-amazon-runstar-balance-connectee-13-donnees-corporelles-mai-2026,"Bon plan Amazon : RunSTAR Balance Pèse Personne Connectée (13 données corporelles, app, max 180 kg) à 25,49 € (-15 %)",bon-plan,2026-05-19,Amazon,Amazon,"25,49 € au lieu de 29,99 € (-15 %)",0,0,0,0,Améliorer la visibilité
bon-plan-amazon-russell-hobbs-blender-portable-23472-juin-2026,"Russell Hobbs Blender Portable Mixeur 23472-56 à 19,99 € (-47 %)",bon-plan,2026-06-11,Amazon,Amazon,"19,99 € au lieu de 37,99 € (-47 %)",0,0,0,0,Améliorer la visibilité
bon-plan-amazon-russell-hobbs-cuiseur-riz-classic-27080-juin-2026,"Russell Hobbs Cuiseur de Riz Classic à 29,99 € au lieu de 49,73 € (-40 %)",bon-plan,2026-06-11,Amazon,Amazon,"29,99 € au lieu de 49,73 € (-40 %)",0,0,0,0,Améliorer la visibilité
bon-plan-amazon-russell-hobbs-fer-vapeur-steamglide-pro-20562-juin-2026,"Russell Hobbs Fer Steamglide Pro 2600 W à 14,99 € au lieu de 29,99 € (-50 %)",bon-plan,2026-06-11,Amazon,Amazon,"14,99 € au lieu de 29,99 € (-50 %)",0,0,0,0,Améliorer la visibilité
bon-plan-amazon-russell-hobbs-grille-pain-textures-plus-juin-2026,"Russell Hobbs Grille pain Textures+ 2 fentes 850 W à 19,99 € (-18 %)",bon-plan,2026-07-18,Amazon,Amazon,"19,99 € au lieu de 24,34 € (-18 %)",0,0,0,0,Améliorer la visibilité
bon-plan-amazon-russell-hobbs-presse-agrumes-inox-juin-2026,"Russell Hobbs presse-agrumes électrique inox à 19,99€ (-45%)",bon-plan,2026-06-14,Amazon,Amazon,"19,99€ au lieu de 36,11€ (-45%)",0,0,0,0,Améliorer la visibilité
bon-plan-amazon-sac-a-dos-enfant-fille-personnalise-broderie-prenom-juin-2026,"Mini sac à dos enfant fille personnalisé brodé prénom à 10,95 €",bon-plan,2026-07-22,Amazon,Amazon,"10,95 €",0,0,0,0,Améliorer la visibilité
bon-plan-amazon-samsung-galaxy-a56-5g-128go-8go-ram-graphite-juin-2026,Samsung Galaxy A56 5G 128 Go 8 Go RAM Graphite à 313 €,bon-plan,2026-07-07,Amazon,Amazon,313 €,0,0,0,0,Améliorer la visibilité
bon-plan-amazon-samsung-galaxy-z-fold6-256go-rose-juillet-2026,"Samsung Galaxy Z Fold6 256 Go Rose : 999,00 € (-42 %)",bon-plan,2026-07-08,Amazon,Amazon,"999,00 € au lieu de 1 724,78 €",0,0,0,0,Améliorer la visibilité
bon-plan-amazon-savic-zephos-2-open-litiere-chat-gris-2026,"Savic Zephos 2 Open Litière Chat à 19,59€",bon-plan,2026-06-08,Amazon,Amazon,"19,59€",0,0,0,0,Améliorer la visibilité
bon-plan-amazon-savon-le-naturel-marseille-1l-juillet-2026,"Savon Le Naturel Marseille recharge 1 L : 4,73 €",bon-plan,2026-07-12,Amazon,Amazon,"4,73 €",0,0,0,0,Améliorer la visibilité
bon-plan-amazon-schallwerk-mini-plus-casque-anti-bruit-bebe-juillet-2026,"Schallwerk Mini+ casque anti-bruit bébé 0-36 mois : 29,99 €",bon-plan,2026-07-12,Amazon,Amazon,"29,99 €",0,0,0,0,Améliorer la visibilité
bon-plan-amazon-schmidt-jeu-famille-51281-2026,"Schmidt Jeu de Famille 51281 à 5,70€ (-5%)",bon-plan,2026-06-08,Amazon,Amazon,"5,70€",0,0,0,0,Améliorer la visibilité
bon-plan-amazon-scholl-creme-pieds-anti-crevasses-60ml-juillet-2026,"Scholl Crème Pieds Anti-Crevasses 60 ml à 3,89 €",bon-plan,2026-07-10,Amazon,Amazon,"3,89 €",0,0,0,0,Améliorer la visibilité
bon-plan-amazon-scotch-batons-colle-permanente-blanche-lot-8-sticks,"Scotch bâtons de colle permanente blanche lot 8 sticks : 4,45 €",bon-plan,2026-07-18,Amazon,Amazon,"4,45 €",0,0,0,0,Améliorer la visibilité
bon-plan-amazon-scrapcooking-mini-waffle-factory-gingerbreadman-juin-2026,"ScrapCooking Mini Waffle Factory Gingerbreadman à 15,12 € (-15 %)",bon-plan,2026-06-11,Amazon,Amazon,"15,12 € au lieu de 17,90 € (-15 %)",0,0,0,0,Améliorer la visibilité
bon-plan-amazon-senseflow-sf101-pro-diffuseur-sans-eau-100-vegetal,"SenseFlow SF101 Pro diffuseur sans eau 100 % végétal à 30,28 €",bon-plan,2026-07-22,Amazon,Amazon,"30,28 €",0,0,0,0,Améliorer la visibilité
bon-plan-amazon-sensilight-mini-epilateur-ipl-mai-2026,"Sensilight Mini Épilateur IPL Haute Performance à 99,90 € (-57 %)",bon-plan,2026-07-26,Amazon,Amazon,"99,90 € au lieu de 229,90 € (-57 %)",0,0,0,0,Améliorer la visibilité
bon-plan-amazon-senya-my-little-ice-machine-glace-700w-mai-2026,"Bon plan Amazon : SENYA My Little Ice machine à glace 700W à 159,99€ au lieu de 189,99€ (-16%)",bon-plan,2026-06-14,Amazon,Amazon,"159,99€ au lieu de 189,99€ (-16%)",0,0,0,0,Améliorer la visibilité
bon-plan-amazon-serenelife-climatiseur-mobile-silencieux-7k-btu-3-en-1-juillet-2026,"SereneLife Climatiseur mobile 7 000 BTU 3-en-1 : 259,99 €",bon-plan,2026-07-01,Amazon,Amazon,"259,99 €",0,0,0,0,Améliorer la visibilité
bon-plan-amazon-set-vaisselle-disney-minnie-enfant-mai-2026,"Bon plan Amazon : Set de vaisselle Disney Minnie pour enfant à 17,28€ (-13%)",bon-plan,2026-07-21,Amazon,Amazon,"17,28€ au lieu de 19,90€ (-13%)",0,0,0,0,Améliorer la visibilité
bon-plan-amazon-severin-hm-3820-batteur-electrique-300w-juin-2026,"Severin HM 3820 batteur électrique 300 W à 19,99 € (-33 %)",bon-plan,2026-06-11,Amazon,Amazon,"19,99 € au lieu de 29,82 € (-33 %)",0,0,0,0,Améliorer la visibilité
bon-plan-amazon-severin-multi-gril-ceramique-plancha-juin-2026,"SEVERIN SEVINI LITE multi-gril céramique 2-en-1 à 34,99€ (-30%)",bon-plan,2026-06-15,Amazon,Amazon,"34,99€ au lieu de 49,99€ (-30%)",0,0,0,0,Améliorer la visibilité
bon-plan-amazon-shark-cryoglow-masque-facial-led-refroidissement-anti-age,"Shark CryoGlow masque LED refroidissement anti-âge : 369,95 €",bon-plan,2026-07-17,Amazon,Amazon,"369,95 €",0,0,0,0,Améliorer la visibilité
bon-plan-amazon-shark-steam-mop-s8201eucp-balai-vapeur-tampons-rotatifs-juillet-2026,"Shark Steam Mop balai vapeur 2 tampons rotatifs à 109,99 € (-39 %)",bon-plan,2026-07-06,Amazon,Amazon,"109,99 € (au lieu de 179,99 €)",0,0,0,0,Améliorer la visibilité
bon-plan-amazon-simpeak-ventilateur-usb-mini-portable-bureau-bleu-mai-2026,"Bon plan Amazon : Simpeak ventilateur USB mini portable silencieux de bureau, 3 vitesses réglables, alimenté par USB, coloris bleu à 11,98€ (au lieu de 13,26€, -10%)",bon-plan,2026-05-28,Amazon,Amazon,"11,98 € (au lieu de 13,26 €, -10%)",0,0,0,0,Améliorer la visibilité
bon-plan-amazon-skyn-preservatifs-king-size-lot-20-10-euros-mai-2026,"Préservatifs SKYN King Size lot 20 sans latex à 9,91 € (-41%)",bon-plan,2026-06-18,Amazon,Amazon,"9,91 € au lieu de 16,70 €",0,0,0,0,Améliorer la visibilité
bon-plan-amazon-sloosh-bouees-gonflables-lot-2-chaises-piscine-juin-2026,"Lot de 2 chaises gonflables piscine SLOOSH à 29,63 €",bon-plan,2026-06-13,Amazon,Amazon,"29,63 €",0,0,0,0,Améliorer la visibilité
bon-plan-amazon-smart-air-traceur-tag-lot-4-apple-find-my-juin-2026,"Smart Air Tag traceur lot 4 compatible Apple Find My à 24,99 €",bon-plan,2026-06-21,Amazon,Amazon,"24,99 €",0,0,0,0,Améliorer la visibilité
bon-plan-amazon-smartwatch-militaire-gps-2-06-appel-bluetooth-juillet-2026,"Montre connectée militaire GPS + appel Bluetooth à 32,99 € (-75 %)",bon-plan,2026-07-24,Amazon,Amazon,"32,99 € (au lieu de 129,99 €)",0,0,0,0,Améliorer la visibilité
bon-plan-amazon-so-bio-etic-creme-veloutee-nourrissante-corps-peau-normale-2026,"So'Bio Etic Crème veloutée nourrissante corps - Peau normale à 7,26 €",bon-plan,2026-07-24,Amazon,Amazon,"7,26 €",0,0,0,0,Améliorer la visibilité
bon-plan-amazon-so-bio-etic-mon-lait-d-anesse-creme-onctueuse-nourrissante-2026,"So'Bio Etic Mon Lait D'Ânesse Crème Onctueuse Nourrissante à 17,88 €",bon-plan,2026-07-24,Amazon,Amazon,"17,88 €",0,0,0,0,Améliorer la visibilité
bon-plan-amazon-sol-de-janeiro-jet-set-bum-bum-juillet-2026,"Sol de Janeiro coffret Jet Set Bum Bum : 22,50 €",bon-plan,2026-07-12,Awin,awin1.com,"22,50 € sur Lookfantastic (au lieu de 38,50 €)",0,0,0,0,Améliorer la visibilité
bon-plan-amazon-songmics-chaises-de-camping-chaises-de-39-99-euros-juillet-2026,"SONGMICS Chaises de Camping, Chaises de à 39,99 € sur Amazon",bon-plan,2026-07-03,Amazon,Amazon,"39,99 €",0,0,0,0,Améliorer la visibilité
bon-plan-amazon-songmics-chariot-de-transport-pliable-39-09-euros-juillet-2026,"SONGMICS Chariot de Transport Pliable, à 39,09 € sur Amazon",bon-plan,2026-07-03,Amazon,Amazon,"39,09 €",0,0,0,0,Améliorer la visibilité
bon-plan-amazon-songmics-parasol-160-bleu-tablette-gpu0080q01-juin-2026,"SONGMICS parasol 160cm UPF 50+ bleu avec tablette à 25,99€",bon-plan,2026-06-16,Amazon,Amazon,"25,99€",0,0,0,0,Améliorer la visibilité
bon-plan-amazon-songmics-parasol-200x125-taupe-gpu25br-juin-2026,"SONGMICS parasol 200x125 cm UPF 50+ inclinable taupe à 32,99 €",bon-plan,2026-06-16,Amazon,Amazon,"32,99 €",0,0,0,0,Améliorer la visibilité
bon-plan-amazon-songmics-parasol-200x125-upf50-inclinable-juin-2026,"Parasol SONGMICS 200 × 125 cm UPF 50+ inclinable à 29,74 €",bon-plan,2026-06-13,Amazon,Amazon,"29,74 €",0,0,0,0,Améliorer la visibilité
bon-plan-amazon-sony-playstation-pulse-elite-5-casque-sans-fil-109-euros-mai-2026,"Bon plan Amazon Sony Pulse Elite 5 PlayStation : casque sans fil 30h d'autonomie, micro rétractable, réduction de bruit IA à 109€ au lieu de 148,98€ (-27%)",bon-plan,2026-05-27,Amazon,Amazon,"109€ au lieu de 148,98€ (-27%)",0,0,0,0,Améliorer la visibilité
bon-plan-amazon-sophie-girafe-boulier-spirale-poussette-textile-juin-2026,"Sophie la Girafe boulier spirale poussette dès 3 mois à 16,90 €",bon-plan,2026-07-07,Amazon,Amazon,"16,90 €",0,0,0,0,Améliorer la visibilité
bon-plan-amazon-sophie-la-girafe-eau-de-soin-parfumee-juin-2026,"Sophie la Girafe Eau de Soin Parfumée bébé à 21,98 €",bon-plan,2026-06-21,Amazon,Amazon,"21,98 €",0,0,0,0,Améliorer la visibilité
bon-plan-amazon-sorbetiere-compresseur-1l-acmeenjoy-juin-2026,"Sorbetière à compresseur autoréfrigérante 1L à 98,79 €",bon-plan,2026-07-18,Amazon,Amazon,"98,79 €",0,0,0,0,Améliorer la visibilité
bon-plan-amazon-sorbetiere-electrique-2l-acier-inox-60-euros-mai-2026,"Bon Plan Amazon : Sorbetière Électrique 2L Turbine à Glace Acier Inox à 59,99€",bon-plan,2026-05-30,Amazon,Amazon,"59,99€",0,0,0,0,Améliorer la visibilité
bon-plan-amazon-sorbetiere-italienne-500ml-yaourt-glace-mai-2026,Bon plan Amazon : sorbetière italienne maison 500 ml yaourt glacé à 88€,bon-plan,2026-05-25,Amazon,Amazon,"88,00€",0,0,0,0,Améliorer la visibilité
bon-plan-amazon-spopal-douche-portable-camping-etanche-pompe-juillet-2026,"Spopal douche portable camping pompe électrique à 40,99 €",bon-plan,2026-07-09,Amazon,Amazon,"40,99 €",0,0,0,0,Améliorer la visibilité
bon-plan-amazon-sportneer-surfin-balance-board-8-en-1-adultes,"Sportneer Surfin Balance Board 8-en-1 adultes bois : 119,99 €",bon-plan,2026-07-17,Amazon,Amazon,"119,99 €",0,0,0,0,Améliorer la visibilité
bon-plan-amazon-stabilo-boss-arty-23-surligneurs-pastel-fluo,"STABILO BOSS ORIGINAL ARTY 23 surligneurs pastel + fluo : 22,09 €",bon-plan,2026-07-18,Amazon,Amazon,"22,09 €",0,0,0,0,Améliorer la visibilité
bon-plan-amazon-stabilo-boss-naturecolors-8-surligneurs-couleurs-nature,"STABILO BOSS NatureCOLORS 8 surligneurs couleurs nature : 8,73 €",bon-plan,2026-07-18,Amazon,Amazon,"8,73 €",0,0,0,0,Améliorer la visibilité
bon-plan-amazon-stabilo-boss-original-17-99-euros-juillet-2026,"STABILO BOSS ORIGINAL à 17,99 € sur Amazon",bon-plan,2026-07-03,Amazon,Amazon,"17,99 €",0,0,0,0,Améliorer la visibilité
bon-plan-amazon-stabilo-boss-original-19-99-euros-juillet-2026,"STABILO BOSS ORIGINAL à 19,99 € sur Amazon",bon-plan,2026-07-03,Amazon,Amazon,"19,99 €",0,0,0,0,Améliorer la visibilité
bon-plan-amazon-stabilo-swing-cool-surligneurs-18-pastel-naturecolors-2026,"STABILO Swing Cool 18 surligneurs (12 pastel + 6 nature) : 20,60 € (-29 %)",bon-plan,2026-07-21,Amazon,Amazon,"20,60 € (au lieu de 29,00 €)",0,0,0,0,Améliorer la visibilité
bon-plan-amazon-stick-collagene-rose-hydratant-primer-juillet-2026,"Stick collagène rose hydratant visage + primer à 13,82 €",bon-plan,2026-07-10,Amazon,Amazon,"13,82 €",0,0,0,0,Améliorer la visibilité
bon-plan-amazon-stiga-bc760b-debroussailleuse-essence-mai-2026,"Bon plan Amazon : STIGA BC 760 B Débroussailleuse à essence (52,8 cc, largeur coupe 45 cm, affichage numérique) à 519 € (-9 %)",bon-plan,2026-05-19,Amazon,Amazon,519 € au lieu de 568 € (-9 %),0,0,0,0,Améliorer la visibilité
bon-plan-amazon-stiga-tornado-398m-tracteur-jardin-essence-mai-2026,STIGA Tornado 398 M tracteur de jardin essence à 1 614 € (−10 %),bon-plan,2026-06-05,Amazon,Amazon,1 614 € au lieu de 1 800 € (-10 %),0,0,0,0,Améliorer la visibilité
bon-plan-amazon-suaat-tablette-9-pouces-enfant-12go-32go-etui-eva-rouge,"SUAAT tablette 9 pouces enfant 12/32 Go + étui Eva : 79,99 €",bon-plan,2026-07-17,Amazon,Amazon,"79,99 €",0,0,0,0,Améliorer la visibilité
bon-plan-amazon-surfou-electrostimulateur-tens-ems-mai-2026,"SURFOU 3 EN 1 Électrostimulateur TENS/EMS à 21,85 € sur Amazon (-34%)",bon-plan,2026-05-22,Amazon,Amazon,"21,85 € au lieu de 32,90 €",0,0,0,0,Améliorer la visibilité
bon-plan-amazon-svr-spirial-deo-douche-gel-lavant-deodorant-200ml-juillet-2026,SVR Spirial déo-douche gel lavant déodorant 24h 200 ml à 12 €,bon-plan,2026-07-15,Amazon,Amazon,"12,00 €",0,0,0,0,Améliorer la visibilité
bon-plan-amazon-swiffer-wetjet-kit-demarrage-balai-spray-juin-2026,Le kit ménage qui fait tout en 5 min pour 22€ (économise 6€),bon-plan,2026-06-03,Amazon,Amazon,"22,78€ au lieu de 28,83€ (-21%) — Kit complet",0,0,0,0,Améliorer la visibilité
bon-plan-amazon-swiffer-wetjet-nettoyant-sol-5l-agrumes-juin-2026,"Swiffer WetJet nettoyant sol 5 L parfum agrumes à 14,40 €",bon-plan,2026-06-21,Amazon,Amazon,"14,40 €",0,0,0,0,Améliorer la visibilité
bon-plan-amazon-taaj-trousse-ayurveda-6-soins-routine-beaute-juin-2026,"TAAJ Trousse Ayurveda 6 soins routine beauté à 19,90 €",bon-plan,2026-07-26,Amazon,Amazon,"19,90 €",0,0,0,0,Améliorer la visibilité
bon-plan-amazon-tablette-10-pouces-android-15-gemini-30go-ram-128go-rom,"Tablette 10 pouces Android 15 Gemini AI 128 Go WiFi 6 : 109,99 €",bon-plan,2026-07-17,Amazon,Amazon,"109,99 €",0,0,0,0,Améliorer la visibilité
bon-plan-amazon-tablette-enfants-skyegg-8-pouces-android-mai-2026,"Tablette enfants SKYEGG 8 pouces Android à 55,99 € (−63 %)",bon-plan,2026-06-05,Amazon,Amazon,"55,99 € au lieu de 149,99 € (-63 %)",0,0,0,0,Améliorer la visibilité
bon-plan-amazon-tabtime-montre-rappel-alarme-vibrante-10-alarmes-mai-2026,"TabTime montre rappel d'alarme vibrante à 29,99 € (−20 %)",bon-plan,2026-07-02,Amazon,Amazon,"29,99 € (-20%)",0,0,0,0,Améliorer la visibilité
bon-plan-amazon-tanns-cartable-35cm-signatures-camille-bleu-marine-juin-2026,"Tann's cartable 35 cm Les Signatures Camille bleu marine à 55,46 €",bon-plan,2026-06-22,Amazon,Amazon,"55,46 €",0,0,0,0,Améliorer la visibilité
bon-plan-amazon-tanns-cartable-38cm-fantaisies-antonia-bleu-juin-2026,"Tann's cartable 38 cm Les Fantaisies Antonia bleu à 70,28 €",bon-plan,2026-06-22,Amazon,Amazon,"70,28 €",0,0,0,0,Améliorer la visibilité
bon-plan-amazon-tapis-rafraichissant-chat-chien-juillet-2026,"Tapis rafraîchissant chat/chien lavable : 11,99 €",bon-plan,2026-07-12,Amazon,Amazon,"11,99 €",0,0,0,0,Améliorer la visibilité
bon-plan-amazon-taurus-sirocco-18-ventilateur-sol-120w-juillet-2026,"Taurus Sirocco 18 : ventilateur de sol 120 W à 129,90 €",bon-plan,2026-07-09,Amazon,Amazon,"129,90 €",0,0,0,0,Améliorer la visibilité
bon-plan-amazon-tectake-2-chaises-longues-ergonomique-balancement-juin-2026,"Lot 2 chaises longues tectake ergonomiques à bascule à 85,79 €",bon-plan,2026-06-13,Amazon,Amazon,"85,79 €",0,0,0,0,Améliorer la visibilité
bon-plan-amazon-tectake-2-chaises-longues-pliantes-pare-soleil-juin-2026,"Set 2 chaises longues pliantes tectake avec pare-soleil à 69,25 €",bon-plan,2026-06-13,Amazon,Amazon,"69,25 €",0,0,0,0,Améliorer la visibilité
bon-plan-amazon-tectake-2-chaises-longues-table-aluminium-resine-tressee-juin-2026,"Ensemble jardin tectake 2 chaises longues + table aluminium à 249,90 €",bon-plan,2026-06-13,Amazon,Amazon,"249,90 €",0,0,0,0,Améliorer la visibilité
bon-plan-amazon-tectake-chaise-pliante-camping-fauteuil-29-88-euros-juillet-2026,"tectake® Chaise Pliante Camping Fauteuil à 29,88 € sur Amazon",bon-plan,2026-07-03,Amazon,Amazon,"29,88 €",0,0,0,0,Améliorer la visibilité
bon-plan-amazon-tectake-meuble-rangement-cuisine-camping-pliable-aluminium-juillet-2026,"tectake meuble rangement cuisine camping pliable alu 89,90 €",bon-plan,2026-07-09,Amazon,Amazon,"89,90 €",0,0,0,0,Améliorer la visibilité
bon-plan-amazon-tectake-parasol-deporte-3-5m-uv50-pivotant-360-jardin-mai-2026,"Bon plan Amazon tectake Parasol déporté 3,5 × 3,5 m pivotant 360° UV 50+ à 75,90€ au lieu de 84,90€ (-11%) — double-toit + housse incluse",bon-plan,2026-05-29,Amazon,Amazon,"75,90 € (au lieu de 84,90 €, -11%)",0,0,0,0,Améliorer la visibilité
bon-plan-amazon-tectake-salon-jardin-10-personnes-resine-tressee-juin-2026,"Salon de jardin tectake 10 places résine tressée à 439,90 €",bon-plan,2026-06-13,Amazon,Amazon,"439,90 €",0,0,0,0,Améliorer la visibilité
bon-plan-amazon-tefal-cocotte-fonte-aluminium-24cm-induction-38-euros-mai-2026,"Bon Plan Amazon : Tefal Cocotte en Fonte d'Aluminium 24 cm Induction 4-5 Personnes à 37,99€",bon-plan,2026-05-30,Amazon,Amazon,"37,99€ au lieu de 58,14€ (-35%)",0,0,0,0,Améliorer la visibilité
bon-plan-amazon-tefal-easygrill-barbecue-electrique-2300w-55-euros-mai-2026,"Bon Plan Amazon : Tefal EasyGrill Adjust Barbecue Électrique 2300W Fumée Réduite à 54,99€",bon-plan,2026-05-30,Amazon,Amazon,"54,99€ au lieu de 59,99€ (-8%)",0,0,0,0,Améliorer la visibilité
bon-plan-amazon-tefal-virtuoso-lot-2-poeles-inox-induction-juillet-2026,"Tefal Virtuoso lot 2 poêles inox 24/28 cm à 37,99 € (-37 %)",bon-plan,2026-07-06,Amazon,Amazon,"37,99 € (au lieu de 59,99 €)",0,0,0,0,Améliorer la visibilité
bon-plan-amazon-telescope-astronomique-70-300mm-15-150x-debutant-juin-2026,"Télescope astronomique réfracteur 70/300 mm 15-150X à 69,99 €",bon-plan,2026-06-22,Amazon,Amazon,"69,99 €",0,0,0,0,Améliorer la visibilité
bon-plan-amazon-terre-hermes-deo-stick-alcohol-free-75g-juin-2026,"Bon Plan Terre d'Hermès Déodorant Stick Sans Alcool 75g à 39,99€",bon-plan,2026-07-07,Amazon,Amazon,"39,99€",0,0,0,0,Améliorer la visibilité
bon-plan-amazon-the-ordinary-niacinamide-10-zinc-serum-30ml,"The Ordinary Niacinamide 10 % + Zinc 1 % sérum 30 ml : 4,80 €",bon-plan,2026-07-17,Amazon,Amazon,"4,80 €",0,0,0,0,Améliorer la visibilité
bon-plan-amazon-the-ordinary-tonique-glycolique-7-240ml-juillet-2026,"The Ordinary Tonique Exfoliant Acide Glycolique 7% à 13,20 €",bon-plan,2026-07-10,Amazon,Amazon,"13,20 €",0,0,0,0,Améliorer la visibilité
bon-plan-amazon-tiatua-appareil-photo-instantane-enfant-48mp-juin-2026,"TIATUA appareil photo instantané enfant 48 MP 32 Go à 31,75 €",bon-plan,2026-07-02,Amazon,Amazon,"31,75 €",0,0,0,0,Améliorer la visibilité
bon-plan-amazon-timu-lot-4-trackers-gps-find-my-find-hub-29-euros-mai-2026,"Lot 4 trackers GPS TIMU (Find My + Find Hub) à 21,99 € (−73 %)",bon-plan,2026-06-05,Amazon,Amazon,"21,99 € au lieu de 79,99 € (-73 %)",0,0,0,0,Améliorer la visibilité
bon-plan-amazon-tineco-floor-one-s5-ventes-flash-printemps-2026,"Tineco Floor One S5 à 179,99 € au lieu de 519 € (-65%)",bon-plan,2026-07-18,Amazon,Amazon,"179,99 €",0,0,0,0,Améliorer la visibilité
bon-plan-amazon-tlsunny-barbecue-charbon-chariot-couvercle-juin-2026,"TLSUNNY Barbecue charbon chariot couvercle 6-8 pers. à 132,99 €",bon-plan,2026-06-21,Amazon,Amazon,"132,99 €",0,0,0,0,Améliorer la visibilité
bon-plan-amazon-togou2s-empreinte-main-famille-plexiglas-mai-2026,"Bon plan Amazon : TOGOU2S Empreinte Main Famille 4 plaques plexiglas + 5 couleurs à 18,94€",bon-plan,2026-05-21,Amazon,Amazon,"18,94€ au lieu de 19,94€ (-5%)",0,0,0,0,Améliorer la visibilité
bon-plan-amazon-tommee-tippee-biberons-natural-start-anti-colique-lot-6-260ml-mai-2026,"Tommee Tippee Biberons Natural Start anti-colique lot 6 x 260 ml à 28,39 € sur Amazon (-20%)",bon-plan,2026-05-18,Amazon,Amazon,"28,39 € au lieu de 35,51 €",0,0,0,0,Améliorer la visibilité
bon-plan-amazon-tondeuse-cheveux-hommes-t-zero-ecart-led-juillet-2026,"Tondeuse cheveux hommes T Zéro écart LED à 20,75 €",bon-plan,2026-07-12,Amazon,Amazon,"20,75 €",0,0,0,0,Améliorer la visibilité
bon-plan-amazon-topfinel-rideau-voilage-lin-beige-140x240-juin-2026,"Topfinel rideau voilage lin beige 140x240cm lot de 2 à 20,95€",bon-plan,2026-06-16,Amazon,Amazon,"20,95€ le lot de 2",0,0,0,0,Améliorer la visibilité
bon-plan-amazon-topicrem-ultra-hydratant-lait-corps-2x500ml-juin-2026,"Topicrem Ultra Hydratant lait corps 2 x 500 ml à 17,89 €",bon-plan,2026-07-07,Amazon,Amazon,"17,89 €",0,0,0,0,Améliorer la visibilité
bon-plan-amazon-tospass-housse-couette-satin-200x200-dore-beige-19-euros-mai-2026,"Tospass Parure de lit satin 200×200 (housse couette + 2 taies) doré beige à 19,99 € sur Amazon (-44%)",bon-plan,2026-05-16,Amazon,Amazon,"19,99 € au lieu de 35,71 €",0,0,0,0,Améliorer la visibilité
bon-plan-amazon-totsy-baby-reducteur-lit-bebe-minky-cocon-beige-etoiles-43-euros-mai-2026,"Bon plan Amazon Totsy Baby : réducteur de lit bébé 90×50 cm en Minky polyvalent (nid d'ange, couffin, naissance) à 43,68€ au lieu de 50,99€ (-14%)",bon-plan,2026-05-27,Amazon,Amazon,"43,68€ au lieu de 50,99€ (-14%)",0,0,0,0,Améliorer la visibilité
bon-plan-amazon-traceur-gps-voiture-2026-smart-tag-bluetooth-juillet-2026,"Traceur GPS voiture Smart Tag Bluetooth mondial : 29,98 €",bon-plan,2026-07-01,Amazon,Amazon,"29,98 €",0,0,0,0,Améliorer la visibilité
bon-plan-amazon-tristar-bouilloire-wk-3384-mai-2026,"Bon plan Amazon : Tristar WK-3384 bouilloire à 12,99€ au lieu de 19,36€ (-33%)",bon-plan,2026-05-24,Amazon,Amazon,"12,99€ au lieu de 19,36€ (-33%)",0,0,0,0,Améliorer la visibilité
bon-plan-amazon-tristar-climatiseur-mobile-7000-btu-ac5478-juin-2026,"Tristar climatiseur mobile 7000 BTU 3-en-1 AC-5478 à 199,99€",bon-plan,2026-06-16,Amazon,Amazon,"199,99€",0,0,0,0,Améliorer la visibilité
bon-plan-amazon-tru-barber-tondeuse-cheveux-sans-fil-juin-2026,"Bon Plan TRU BARBER : Tondeuse Cheveux Sans Fil Pro 27,58€ Juin 2026",bon-plan,2026-06-03,Amazon,Amazon,"27,58€",0,0,0,0,Améliorer la visibilité
bon-plan-amazon-tsar-bomba-montre-automatique-homme-tonneau-mai-2026,"Bon plan Amazon : TSAR BOMBA Montre Automatique Homme — Tonneau Luxe (mouvement japonais, fibre de carbone, étanche 50M) à 467,49 € (-15 %)",bon-plan,2026-05-19,Amazon,Amazon,"467,49 € au lieu de 549,99 € (-15 %)",0,0,0,0,Améliorer la visibilité
bon-plan-amazon-tuxunqing-sac-isotherme-pliable-pique-nique-mai-2026,"Bon plan Amazon : TUXUNQING sac isotherme pliable 7,5 L à 8,98€ au lieu de 12,99€ (-31%)",bon-plan,2026-05-25,Amazon,Amazon,"8,98€ au lieu de 12,99€ (-31%)",0,0,0,0,Améliorer la visibilité
bon-plan-amazon-ufesa-narvik-rafraichisseur-air-evaporatif-65w-juillet-2026,"Ufesa Narvik rafraîchisseur air 65 W à 79,99 €",bon-plan,2026-07-09,Amazon,Amazon,"79,99 €",0,0,0,0,Améliorer la visibilité
bon-plan-amazon-ufesa-nuuk-plus-climatiseur-mobile-3en1-juillet-2026,"Ufesa Nuuk+ climatiseur mobile 3-en-1 à 99,99 €",bon-plan,2026-07-09,Amazon,Amazon,"99,99 €",0,0,0,0,Améliorer la visibilité
bon-plan-amazon-ufesa-tondeuse-multi-groomer-7-accessoires-2026,"Ufesa Tondeuse Multi Groomer 7 accessoires à 20,19 €",bon-plan,2026-07-26,Amazon,Amazon,"20,19 €",0,0,0,0,Améliorer la visibilité
bon-plan-amazon-unp-tente-6-personnes-impermeable-double-couche-juillet-2026,"Tente UNP 6 personnes imperméable coupe-vent : 135,36 €",bon-plan,2026-07-08,Amazon,Amazon,"135,36 €",0,0,0,0,Améliorer la visibilité
bon-plan-amazon-unp-tente-douche-vestiaire-toilette-portable-juillet-2026,"Tente douche vestiaire toilette portable camping : 85,72 €",bon-plan,2026-07-08,Amazon,Amazon,"85,72 €",0,0,0,0,Améliorer la visibilité
bon-plan-amazon-upandfast-maillot-bain-bebe-manches-longues-upf50-mai-2026,"Bon plan Amazon upandfast Maillot de Bain Bébé garçon manches longues + chapeau UPF 50+ à 19,19€ au lieu de 23,99€ (-20%)",bon-plan,2026-05-29,Amazon,Amazon,"19,19 € (au lieu de 23,99 €, -20%)",0,0,0,0,Améliorer la visibilité
bon-plan-amazon-upandfast-maillot-bain-bebe-zip-protection-upf50-mai-2026,"Bon plan Amazon upandfast Maillot de Bain Bébé avec Zip protection UPF 50+ à 17,59€ au lieu de 21,99€ (-20%) — facile à enfiler, motifs oiseau",bon-plan,2026-05-29,Amazon,Amazon,"17,59 € (au lieu de 21,99 €, -20%)",0,0,0,0,Améliorer la visibilité
bon-plan-amazon-urtala-sac-voyage-pliable-100l-compartiment-chaussures-mai-2026,"Bon plan Amazon : Urtala sac de voyage pliable 100 L à 32,49€ au lieu de 49,99€ (-35%)",bon-plan,2026-05-25,Amazon,Amazon,"32,49€ au lieu de 49,99€ (-35%)",0,0,0,0,Améliorer la visibilité
bon-plan-amazon-valera-sl-5400-t-seche-cheveux-pliant-swiss-light,"Valera SL 5400 T sèche-cheveux pliant ionic tourmaline : 22,78 €",bon-plan,2026-07-18,Amazon,Amazon,"22,78 €",0,0,0,0,Améliorer la visibilité
bon-plan-amazon-ventilateur-climatiseur-portable-rafraichisseur-evaporatif-juillet-2026,"Ventilateur rafraîchisseur évaporatif portable : 29,95 €",bon-plan,2026-07-01,Amazon,Amazon,"29,95 €",0,0,0,0,Améliorer la visibilité
bon-plan-amazon-ventilateur-sur-pied-usb-3-vitesses-juillet-2026,"Ventilateur sur pied USB 3 vitesses silencieux : 38,98 €",bon-plan,2026-07-12,Amazon,Amazon,"38,98 €",0,0,0,0,Améliorer la visibilité
bon-plan-amazon-vevor-machine-glace-roulee-juin-2026,"VEVOR machine à glace roulée commerciale 28×24 cm à 181,90€",bon-plan,2026-06-14,Amazon,Amazon,"181,90€",0,0,0,0,Améliorer la visibilité
bon-plan-amazon-vevor-machine-granite-2-6l-5-programmes-juin-2026,"VEVOR machine à granité 2,6L autonettoyante à 189,90€ (-10%)",bon-plan,2026-06-14,Amazon,Amazon,"189,90€ au lieu de 211,99€ (-10%)",0,0,0,0,Améliorer la visibilité
bon-plan-amazon-vexilar-w15-robot-aspirateur-laveur-10000pa-260-euros-mai-2026,"Vexilar W15 robot aspirateur laveur 10 000 Pa à 208,99 € (−20 %)",bon-plan,2026-07-07,Amazon,Amazon,"208,99 € au lieu de 259,99 € (-20 %)",0,0,0,0,Améliorer la visibilité
bon-plan-amazon-vichy-11-03-euros-juillet-2026,"Vichy Capital Soleil SPF50+ anti-âge visage à 11,03 €",bon-plan,2026-07-10,Amazon,Amazon,"11,03 €",0,0,0,0,Améliorer la visibilité
bon-plan-amazon-vichy-15-68-euros-juillet-2026,"Vichy Capital Soleil spray SPF 50 activateur bronzage à 15,68 €",bon-plan,2026-07-26,Amazon,Amazon,"15,68 €",0,0,0,0,Améliorer la visibilité
bon-plan-amazon-vichy-capital-soleil-creme-3en1-spf50-peaux-mixtes-grasses-juin-2026,"Vichy Capital Soleil crème 3-en-1 SPF50+ 50 ml à 9,36 €",bon-plan,2026-06-05,Amazon,Amazon,"9,36 €",0,0,0,0,Améliorer la visibilité
bon-plan-amazon-vichy-capital-soleil-emulsion-toucher-sec-spf50-juin-2026,"Bon Plan Vichy : Capital Soleil Émulsion Toucher Sec SPF50 8,08€ Juin 2026",bon-plan,2026-06-06,Amazon,Amazon,"8,08€",0,0,0,0,Améliorer la visibilité
bon-plan-amazon-vichy-capital-soleil-lait-autobronzant-visage-corps-juillet-2026,"Vichy Capital Soleil lait auto-bronzant visage & corps à 13,01 €",bon-plan,2026-07-22,Amazon,Amazon,"13,01 €",0,0,0,0,Améliorer la visibilité
bon-plan-amazon-vichy-capital-soleil-teintee-spf50-anti-taches-juillet-2026,"Vichy Capital Soleil teintée SPF50 anti-taches à 11,25 €",bon-plan,2026-07-12,Amazon,Amazon,"11,25 €",0,0,0,0,Améliorer la visibilité
bon-plan-amazon-vichy-capital-soleil-uv-aqua-spray-spf50-17-14-euros-juillet-2026,"Vichy Capital Soleil UV Aqua Spray SPF50 à 17,14 € sur Amazon",bon-plan,2026-07-03,Amazon,Amazon,"17,14 €",0,0,0,0,Améliorer la visibilité
bon-plan-amazon-vichy-dermablend-fond-teint-3d-30ml-spf25-juin-2026,"Vichy Dermablend Fond de teint 3D SPF 25 à 19,95 € (-18 %)",bon-plan,2026-07-26,Amazon,Amazon,"19,95 € au lieu de 24,32 € (-18 %)",0,0,0,0,Améliorer la visibilité
bon-plan-amazon-vichy-mineral-89-fluide-quotidien-boost-19-97-euros-juillet-2026,"Vichy, Minéral 89, Fluide Quotidien Boost à 19,97 € sur Amazon",bon-plan,2026-07-03,Amazon,Amazon,"19,97 €",0,0,0,0,Améliorer la visibilité
bon-plan-amazon-vielit-taies-oreiller-satin-soie-cheveux-mai-2026,"Bon plan Amazon : Vielit lot de 2 taies d'oreiller satin 80x80 pour cheveux à 9,02€",bon-plan,2026-05-25,Amazon,Amazon,"9,02€ le lot de 2 (4,51€ pièce)",0,0,0,0,Améliorer la visibilité
bon-plan-amazon-vinato-diffuseur-550ml-ultrasonique-7-couleurs-led,"VINATO diffuseur 550 ml ultrasonique 7 couleurs LED à 18,99 €",bon-plan,2026-07-22,Amazon,Amazon,"18,99 €",0,0,0,0,Améliorer la visibilité
bon-plan-amazon-vounot-tonnelle-jardin-3x3m-pliable-4-cotes-juillet-2026,"VOUNOT tonnelle jardin 3x3 pliable 4 côtés à 89,90 €",bon-plan,2026-07-09,Amazon,Amazon,"89,99 €",0,0,0,0,Améliorer la visibilité
bon-plan-amazon-wadeo-bache-anti-pluie-3x4-ripstop-camping-juillet-2026,"Bâche WADEO 3×4 m anti-pluie ripstop camping : 50,34 €",bon-plan,2026-07-08,Amazon,Amazon,"50,34 €",0,0,0,0,Améliorer la visibilité
bon-plan-amazon-wahl-micro-lithium-tondeuse-poils-nez-oreilles-juin-2026,"Wahl Micro Lithium tondeuse poils nez oreilles 3-en-1 à 8,99 €",bon-plan,2026-06-21,Amazon,Amazon,"8,99 €",0,0,0,0,Améliorer la visibilité
bon-plan-amazon-wancle-moulin-cafe-28-reglages-juin-2026,"Wancle moulin à café électrique 28 réglages à 32,99€",bon-plan,2026-06-14,Amazon,Amazon,"32,99€",0,0,0,0,Améliorer la visibilité
bon-plan-amazon-waterpik-wp663eu-hydropulseur-ultra-professional-7-embouts-59-euros-mai-2026,"Bon plan Amazon Waterpik Ultra Professional WP-663EU : jet dentaire avec 7 embouts et 10 niveaux de pression à 59,99€ au lieu de 77,99€ (-23%)",bon-plan,2026-05-27,Amazon,Amazon,"59,99€ au lieu de 77,99€ (-23%)",0,0,0,0,Améliorer la visibilité
bon-plan-amazon-waterwipes-sensitive-newborn-lingettes-720-mai-2026,"WaterWipes Sensitive+ Newborn lingettes bébé 720 (12 x 60) 99,9% eau à 33,59 € sur Amazon (-12%)",bon-plan,2026-05-18,Amazon,Amazon,"33,59 € au lieu de 38,28 €",0,0,0,0,Améliorer la visibilité
bon-plan-amazon-waterwipes-sensitive-plus-lingettes-nouveau-nes-bebes-juin-2026,"WaterWipes Sensitive+ lingettes nouveau-nés à 27,19 € (lot famille)",bon-plan,2026-06-17,Amazon,Amazon,"27,19 €",0,0,0,0,Améliorer la visibilité
bon-plan-amazon-weber-compact-kettle-barbecue-charbon-47cm-juin-2026,"Weber Compact Kettle barbecue charbon 47 cm à 76,90 €",bon-plan,2026-06-21,Amazon,Amazon,"76,90 €",0,0,0,0,Améliorer la visibilité
bon-plan-amazon-weleda-baume-massage-vergetures-150ml-juillet-2026,"Weleda Baume Massage Vergetures 150 ml : 13,00 €",bon-plan,2026-07-13,Amazon,Amazon,"13,00 €",0,0,0,0,Améliorer la visibilité
bon-plan-amazon-weleda-creme-de-jour-hydratante-reconfortante-iris-peaux-normale-2026,"Weleda Crème de Jour hydratante réconfortante Iris - Peaux normales… à 9,00 €",bon-plan,2026-07-24,Amazon,Amazon,"9,00 €",0,0,0,0,Améliorer la visibilité
bon-plan-amazon-weleda-creme-de-jour-raffermissante-grenade-peptides-de-maca-2026,"Weleda Crème de Jour raffermissante GRENADE & PEPTIDES DE MACA à 20,45 €",bon-plan,2026-07-24,Amazon,Amazon,"20,45 €",0,0,0,0,Améliorer la visibilité
bon-plan-amazon-weleda-creme-protectrice-adultes-enfants-2026,"Weleda Crème protectrice adultes & enfants à 6,49 €",bon-plan,2026-07-24,Amazon,Amazon,"6,49 €",0,0,0,0,Améliorer la visibilité
bon-plan-amazon-weleda-huile-massage-anti-cellulite-bouleau-100ml-juin-2026,"Weleda huile massage anti-cellulite bouleau 100 ml à 14,89 €",bon-plan,2026-07-07,Amazon,Amazon,"14,89 €",0,0,0,0,Améliorer la visibilité
bon-plan-amazon-weleda-skin-food-creme-de-jour-nourrissante-2026,"Weleda Skin Food Crème de Jour nourrissante à 12,75 €",bon-plan,2026-07-24,Amazon,Amazon,"12,75 €",0,0,0,0,Améliorer la visibilité
bon-plan-amazon-weleda-skin-food-creme-de-nuit-nourrissante-2026,"Weleda Skin Food Crème de Nuit nourrissante à 16,00 €",bon-plan,2026-07-24,Amazon,Amazon,"16,00 €",0,0,0,0,Améliorer la visibilité
bon-plan-amazon-weleda-trousse-maternite-huile-vergetures-juillet-2026,"Weleda Trousse Maternité 3 en 1 : 33,95 €",bon-plan,2026-07-12,Amazon,Amazon,"33,95 €",0,0,0,0,Améliorer la visibilité
bon-plan-amazon-wella-invigo-nutri-enrich-apres-shampoing-coupon-2026,"Wella INVIGO Nutri Enrich Après-shampoing à 10,84€ (-38%)",bon-plan,2026-06-08,Amazon,Amazon,"10,84€",0,0,0,0,Améliorer la visibilité
bon-plan-amazon-wolfwise-tente-douche-pop-up-toilette-cabinet-juillet-2026,"WolfWise tente douche pop up cabinet à 37,99 € (au lieu de 55,99 €)",bon-plan,2026-07-09,Amazon,Amazon,"37,99 €",0,0,0,0,Améliorer la visibilité
bon-plan-amazon-woltu-parasol-135-taupe-jardin-plage-juin-2026,"WOLTU parasol Ø135cm taupe inclinable anti-UV à 30,99€",bon-plan,2026-06-16,Amazon,Amazon,"30,99€",0,0,0,0,Améliorer la visibilité
bon-plan-amazon-xiaomi-poco-m7-256go-snapdragon-685-juin-2026,Xiaomi POCO M7 8+256 Go 144Hz 7000mAh à 119€ (-30%),bon-plan,2026-06-15,Amazon,Amazon,"119€ au lieu de 169,90€ (-30%)",0,0,0,0,Améliorer la visibilité
bon-plan-amazon-xiaomi-smart-band-10-amoled-44mm-21-jours-mai-2026,"Xiaomi Smart Band 10 AMOLED 21 jours d'autonomie à 41,99 € (-24 %)",bon-plan,2026-07-24,Amazon,Amazon,"41,99 € au lieu de 54,99 € (-24 %)",0,0,0,0,Améliorer la visibilité
bon-plan-amazon-ximei-bouee-bebe-siege-gonflable-volant-juin-2026,"XIMEI bouée bébé siège gonflable avec volant 3-48 mois à 13,99€",bon-plan,2026-06-16,Amazon,Amazon,"13,99€",0,0,0,0,Améliorer la visibilité
bon-plan-amazon-yacaisi-ventilateur-main-poussette-rose-juin-2026,"YACAISI mini ventilateur main poussette rose rechargeable à 13,99€",bon-plan,2026-06-16,Amazon,Amazon,"13,99€",0,0,0,0,Améliorer la visibilité
bon-plan-amazon-yaheetech-parasol-268cm-inclinable-manivelle-juin-2026,"Parasol Yaheetech 268 cm inclinable à manivelle à 39,89 €",bon-plan,2026-06-13,Amazon,Amazon,"39,89 €",0,0,0,0,Améliorer la visibilité
bon-plan-amazon-yankee-candle-vanille-citron-vert-grand-juin-2026,"Yankee Candle jarre grande Vanille & Citron Vert 150h à 24,19€ (-31%)",bon-plan,2026-06-15,Amazon,Amazon,"24,19€ au lieu de 34,90€ (-31%)",0,0,0,0,Améliorer la visibilité
bon-plan-amazon-yashe-mini-frigo-chambre-4l-violet-juin-2026,"YASHE Mini Frigo de Chambre 4L violet chaud/froid à 47,49 €",bon-plan,2026-06-21,Amazon,Amazon,"47,49 €",0,0,0,0,Améliorer la visibilité
bon-plan-amazon-yellcetoy-bouee-piscine-enfant-dinosaure-juillet-2026,"Bouée piscine dinosaure Yellcetoy enfant : 6,99 € (-51 %)",bon-plan,2026-07-13,Amazon,Amazon,"6,99 € au lieu de 14,24 €",0,0,0,0,Améliorer la visibilité
bon-plan-amazon-yoleo-banc-musculation-67-euros-avril-2026,"Amazon : banc de musculation YOLEO n°1 des ventes à 67,68€ (-20%)",bon-plan,2026-04-04,Amazon,Amazon,"67,68€",0,0,0,0,Améliorer la visibilité
bon-plan-amazon-yourlite-miroir-maquillage-hollywood-18-ampoules-led-juin-2026,"YOURLITE Miroir Maquillage Hollywood 80x62 cm 18 LED à 89,99 €",bon-plan,2026-07-07,Amazon,Amazon,"89,99 €",0,0,0,0,Améliorer la visibilité
bon-plan-amazon-yuzonc-matelas-camping-autogonflant-oreiller-pompe-juillet-2026,"Yuzonc matelas camping autogonflant oreiller pompe à 28,90 €",bon-plan,2026-07-09,Amazon,Amazon,"28,99 €",0,0,0,0,Améliorer la visibilité
bon-plan-amazon-zdk-videoprojecteur-android-4k-wifi-bluetooth-99-euros-mai-2026,"ZDK Vidéoprojecteur Android 4K/1080p WiFi 6 + Bluetooth 5.2 portable à 99,99 € sur Amazon (-50%)",bon-plan,2026-05-16,Amazon,Amazon,"99,99 € au lieu de 199,99 €",0,0,0,0,Améliorer la visibilité
bon-plan-amazon-ziovo-tablette-enfant-10-pouces-android-15-juin-2026,"Tablette enfant 10 pouces Android 15 à 99,99 € au lieu de 193 € (-48 %)",bon-plan,2026-07-24,Amazon,Amazon,"99,99 € au lieu de 193,07 € (-48 %)",0,0,0,0,Améliorer la visibilité
bon-plan-amazon-zipro-velo-appartement-eclipse-x-89-euros-avril-2026,Amazon : vélo d'appartement ZIPRO Eclipse X à 89€ au lieu de 119€ (-25%),bon-plan,2026-04-04,Amazon,Amazon,"89,10€",0,0,0,0,Améliorer la visibilité
bon-plan-amazon-zlx-paddle-gonflable-2-places-320cm-siege-kayak,"ZLX paddle gonflable 2 places 320 cm siège kayak : 214,34 €",bon-plan,2026-07-17,Amazon,Amazon,"214,34 €",0,0,0,0,Améliorer la visibilité
bon-plan-anua-kpop-demon-hunters-glow-skin-discovery-set-yesstyle-2026,"Anua Kpop Demon Hunters Glow Skin Discovery Set 10 pcs : 21,02 €",bon-plan,2026-07-20,YesStyle,YesStyle,"21,02 € (au lieu de 28,02 €)",0,0,0,0,Améliorer la visibilité
bon-plan-anua-kpop-demon-hunters-invisible-glow-sunscreen-stick-yesstyle-2026,"Anua Kpop Demon Hunters Glow Sunscreen Stick 18 g : 7,38 € (-50 %)",bon-plan,2026-07-20,YesStyle,YesStyle,"7,38 € (au lieu de 14,77 €)",0,0,0,0,Améliorer la visibilité
bon-plan-anua-kpop-demon-hunters-invisible-matte-sunscreen-spf50-yesstyle-2026,"Anua Kpop Demon Hunters Matte Sunscreen 50 ml : 7,08 € (-60 %)",bon-plan,2026-07-20,YesStyle,YesStyle,"7,08 € (au lieu de 17,70 €)",0,0,0,0,Améliorer la visibilité
bon-plan-apple-airpods-4-ecouteurs-bluetooth-reduction-active-bruit-141-euros,Apple AirPods 4 écouteurs Bluetooth ANC à 141€,bon-plan,2026-06-23,Amazon,Amazon,"141,00 euros",0,0,0,0,Améliorer la visibilité
bon-plan-apple-macbook-air-13-pouces-puce-m4-999-euros,Apple MacBook Air 13 pouces puce M4 à 999€,bon-plan,2026-06-23,Amazon,Amazon,"999,00 euros",0,0,0,0,Améliorer la visibilité
bon-plan-arnomed-6-packs-refrigerants-gel-m-l-xl-amazon-2026,"ARNOMED 6 packs réfrigérants gel M L XL chaud/froid micro-onde à 16,14 €",bon-plan,2026-06-26,Amazon,Amazon,"16,14 €",0,0,0,0,Améliorer la visibilité
bon-plan-aromatica-super-tea-tree-trial-kit-3-produits-yesstyle-2026,"Aromatica Super Tea Tree Trial Kit 3 pcs : 10,13 € (-49 %)",bon-plan,2026-07-20,YesStyle,YesStyle,"10,13 € (au lieu de 20,25 €)",0,0,0,0,Améliorer la visibilité
bon-plan-atelier-du-sourcil-browshape-gel-colore-sourcils,"Browshape gel coloré sourcils brosse mascara : 19,44 €",bon-plan,2026-07-19,Awin,tidd.ly,"19,44 €",0,0,0,0,Améliorer la visibilité
bon-plan-atelier-du-sourcil-browstyler-cire-coiffante-sourcils,Browstyler cire coiffante sourcils : 22 €,bon-plan,2026-07-19,Awin,tidd.ly,"22,00 €",0,0,0,0,Améliorer la visibilité
bon-plan-atelier-du-sourcil-coffret-revitalisant-sourcils-cils-revitalash,"Coffret Revitalisant Sourcils Cils RevitaLash : 88,65 €",bon-plan,2026-07-19,Awin,tidd.ly,"88,65 €",0,0,0,0,Améliorer la visibilité
bon-plan-atelier-du-sourcil-coffret-sourcils-sculptant-revitalisant-revitabrow,"Coffret Sourcils RevitaBrow Sculptant Revitalisant : 68,95 €",bon-plan,2026-07-19,Awin,tidd.ly,"68,95 €",0,0,0,0,Améliorer la visibilité
bon-plan-atelier-du-sourcil-coffret-trio-essentiels-cils-revitalash,"Coffret Trio Essentiels Cils RevitaLash : 81,58 €",bon-plan,2026-07-19,Awin,tidd.ly,"81,58 €",0,0,0,0,Améliorer la visibilité
bon-plan-atelier-du-sourcil-coffret-trio-essentiels-sourcils-revitabrow,"Coffret Trio Essentiels Sourcils RevitaBrow : 64,03 €",bon-plan,2026-07-19,Awin,tidd.ly,"64,03 €",0,0,0,0,Améliorer la visibilité
bon-plan-atelier-du-sourcil-ioma-cc-gel-soin-teinte-eclat-parfait,"IOMA CC Gel Soin Teinté Éclat Parfait : 31,20 €",bon-plan,2026-07-19,Awin,tidd.ly,"31,20 €",0,0,0,0,Améliorer la visibilité
bon-plan-atelier-du-sourcil-ioma-eau-de-soin-lumiere-illumine,"IOMA Paris Eau de Soin Lumière : 31,85 €",bon-plan,2026-07-19,Awin,tidd.ly,"31,85 €",0,0,0,0,Améliorer la visibilité
bon-plan-atelier-du-sourcil-ioma-masque-hydratant-oxygenant-visage,"IOMA Paris Masque Hydratant Oxygénant : 29,25 €",bon-plan,2026-07-19,Awin,tidd.ly,"29,25 €",0,0,0,0,Améliorer la visibilité
bon-plan-atelier-du-sourcil-luminabrow-crayon-sourcils-duo,"Luminabrow crayon sourcils duo mat + irisé : 14,63 €",bon-plan,2026-07-19,Awin,tidd.ly,"14,63 €",0,0,0,0,Améliorer la visibilité
bon-plan-atelier-du-sourcil-revitalash-advanced-serum-cils,RevitaLash Advanced sérum revitalisant cils : 66 €,bon-plan,2026-07-19,Awin,tidd.ly,"66,00 €",0,0,0,0,Améliorer la visibilité
bon-plan-atelier-du-sourcil-revitalash-lash-brow-masque-cils-sourcils,"RevitaLash Lash & Brow Masque cils sourcils : 37,13 €",bon-plan,2026-07-19,Awin,tidd.ly,"37,13 €",0,0,0,0,Améliorer la visibilité
bon-plan-atelier-du-sourcil-rouge-a-levres-mat,"Rouge à lèvres mat L'Atelier du Sourcil : 13,30 €",bon-plan,2026-07-19,Awin,tidd.ly,"13,30 €",0,0,0,0,Améliorer la visibilité
bon-plan-atelier-du-sourcil-sublimabrow-crayon-sourcils-retractable,"Sublimabrow crayon sourcils rétractable : 12,18 €",bon-plan,2026-07-19,Awin,tidd.ly,"12,18 €",0,0,0,0,Améliorer la visibilité
bon-plan-atelier-du-sourcil-sublimacils-base-mascara,"Sublimacils base mascara Sympeptide XLash : 20,48 €",bon-plan,2026-07-19,Awin,tidd.ly,"20,48 €",0,0,0,0,Améliorer la visibilité
bon-plan-atelier-du-sourcil-wonderskin-brow-stain-go-encre-sourcils-48h,"Wonderskin Brow Stain & Go encre sourcils 48h : 17,25 €",bon-plan,2026-07-19,Awin,tidd.ly,"17,25 €",0,0,0,0,Améliorer la visibilité
bon-plan-atelier-du-sourcil-wonderskin-hyper-bond-foundation-fond-teint,"Wonderskin Hyper-Bond Foundation fond de teint 24h : 26,25 €",bon-plan,2026-07-19,Awin,tidd.ly,"26,25 €",0,0,0,0,Améliorer la visibilité
bon-plan-atelier-du-sourcil-wonderskin-lip-oil-rehab-huile-levres,"Wonderskin Lip Oil Rehab huile lèvres : 17,85 €",bon-plan,2026-07-19,Awin,tidd.ly,"17,85 €",0,0,0,0,Améliorer la visibilité
bon-plan-atelier-du-sourcil-wonderskin-lip-stain-masque-encre-a-levres,"Wonderskin Lip Stain Masque encre à lèvres : 19,84 €",bon-plan,2026-07-19,Awin,tidd.ly,"19,84 €",0,0,0,0,Améliorer la visibilité
bon-plan-atelier-du-sourcil-wonderskin-peel-reveal-kit-encre-levres,"Wonderskin Peel & Reveal Kit encre à lèvres : 22,50 €",bon-plan,2026-07-19,Awin,tidd.ly,"22,50 €",0,0,0,0,Améliorer la visibilité
bon-plan-atelier-du-sourcil-wonderskin-powerfull-mascara,"Wonderskin Power'Full Mascara Flexicurl O2 : 18,40 €",bon-plan,2026-07-19,Awin,tidd.ly,"18,40 €",0,0,0,0,Améliorer la visibilité
bon-plan-atida-apaisyl-apres-piqures-roll-on-15ml-juillet-2026,"Apaisyl Après-Piqûres Roll-On 15 ml à 7,21 €",bon-plan,2026-07-09,Direct / autre,nwq.atida.fr,"7,21 €",0,0,0,0,Améliorer la visibilité
bon-plan-atida-biogaia-probiotiques-gouttes-vitamine-d-10ml-juillet-2026,"BioGaia Gouttes Probiotiques L. reuteri + Vitamine D 10 ml à 15,42 €",bon-plan,2026-07-09,Direct / autre,nwq.atida.fr,"15,42 €",0,0,0,0,Améliorer la visibilité
bon-plan-atida-biotherm-waterlover-lait-solaire-spf50-200ml-juillet-2026,"Biotherm Waterlover Lait Solaire SPF 50+ 200 ml à 15,99 €",bon-plan,2026-07-09,Direct / autre,nwq.atida.fr,"15,99 €",0,0,0,0,Améliorer la visibilité
bon-plan-atida-duoflect-spot-on-chats-0-5-5kg-3-pipettes-juillet-2026,"DUOFLECT Spot-On Chats 0,5-5 kg 3 pipettes à 16,27 €",bon-plan,2026-07-09,Direct / autre,nwq.atida.fr,"16,27 €",0,0,0,0,Améliorer la visibilité
bon-plan-atida-energie-fruit-concentre-teinte-visage-corps-cacao-bio-100ml-juillet-2026,"Energie Fruit concentré teinté cacao bio 100ml à 5,85 €",bon-plan,2026-07-09,Direct / autre,nwq.atida.fr,"5,85 €",0,0,0,0,Améliorer la visibilité
bon-plan-atida-florame-bougie-anti-moustiques-170g-juillet-2026,"Florame Bougie Anti-Moustiques Bio 170 g à 8,36 €",bon-plan,2026-07-09,Direct / autre,nwq.atida.fr,"8,36 €",0,0,0,0,Améliorer la visibilité
bon-plan-atida-garancia-belle-etoile-creme-nuit-regeneratrice-40ml-juillet-2026,"Garancia À la Belle Étoile crème nuit 40 ml à 45,74 €",bon-plan,2026-07-14,Direct / autre,nwq.atida.fr,"45,74 €",0,0,0,0,Améliorer la visibilité
bon-plan-atida-gum-sonic-daily-brosse-dents-electrique-noire-juillet-2026,"Gum Sonic Daily brosse à dents électrique noire à 8,22 €",bon-plan,2026-07-09,Direct / autre,nwq.atida.fr,"8,22 €",0,0,0,0,Améliorer la visibilité
bon-plan-atida-isdin-fotoprotector-gel-creme-solaire-corps-spf30-250ml-juillet-2026,"ISDIN Fotoprotector Gel-Crème Corps SPF 30 250 ml à 13,99 €",bon-plan,2026-07-09,Direct / autre,nwq.atida.fr,"13,99 €",0,0,0,0,Améliorer la visibilité
bon-plan-atida-mustela-maternite-creme-vergetures-150ml-juillet-2026,"Mustela Crème Prévention Vergetures 150 ml à 16,79 €",bon-plan,2026-07-09,Direct / autre,nwq.atida.fr,"16,79 €",0,0,0,0,Améliorer la visibilité
bon-plan-atida-natessance-huile-coco-bio-200ml-juillet-2026,"Natessance Huile Coco Bio 200 ml à 7,19 €",bon-plan,2026-07-09,Direct / autre,nwq.atida.fr,"7,19 €",0,0,0,0,Améliorer la visibilité
bon-plan-atida-olaplex-n6-creme-coiffante-bond-smoother-100ml-juillet-2026,"Olaplex N°6 Bond Smoother 100ml à 17,57 €",bon-plan,2026-07-09,Direct / autre,nwq.atida.fr,"17,57 €",0,0,0,0,Améliorer la visibilité
bon-plan-atida-oral-b-io-6n-brosse-dents-connectee-bluetooth-juillet-2026,"Oral-B iO 6N brosse à dents connectée Bluetooth 142,56 €",bon-plan,2026-07-09,Direct / autre,nwq.atida.fr,"142,56 €",0,0,0,0,Améliorer la visibilité
bon-plan-atida-paingone-fllow-lite-electrostimulateur-jambes-juillet-2026,"Paingone Fllow Lite électrostimulateur jambes lourdes 187,08 €",bon-plan,2026-07-09,Direct / autre,nwq.atida.fr,"187,08 €",0,0,0,0,Améliorer la visibilité
bon-plan-atida-purina-proplan-sterilised-longevis-chat-senior-3kg-juillet-2026,"Purina Pro Plan Sterilised Longevis Chat Senior 7+ Dinde 3kg à 23,01 €",bon-plan,2026-07-09,Direct / autre,nwq.atida.fr,"23,01 €",0,0,0,0,Améliorer la visibilité
bon-plan-atida-sid-nutrition-collagen-lift-28-ampoules-juillet-2026,"SID Nutrition Collagen Lift 28 Ampoules à 30,00 €",bon-plan,2026-07-09,Direct / autre,nwq.atida.fr,"30,00 €",0,0,0,0,Améliorer la visibilité
bon-plan-atida-talika-lipocils-expert-gel-cils-10ml-juillet-2026,"Talika Lipocils Expert gel cils 10 ml à 21,47 €",bon-plan,2026-07-09,Direct / autre,nwq.atida.fr,"21,47 €",0,0,0,0,Améliorer la visibilité
bon-plan-atida-tena-proskin-flex-change-ceinture-taille-s-22-juillet-2026,"TENA Proskin Flex Change Ceinture Taille S 22u à 14,56 €",bon-plan,2026-07-13,Direct / autre,nwq.atida.fr,"14,56 €",0,0,0,0,Améliorer la visibilité
bon-plan-atida-uriage-bariesun-spray-solaire-spf30-200ml-juillet-2026,"Uriage Bariésun Spray Solaire Invisible SPF 30 200 ml à 10,49 €",bon-plan,2026-07-09,Direct / autre,nwq.atida.fr,"10,49 €",0,0,0,0,Améliorer la visibilité
bon-plan-ausom-k20-trottinette-electrique-pliable-1100w-juin-2026,Ausom K20 trottinette électrique pliable 1100 W 70 km à 409 €,bon-plan,2026-06-27,Direct / autre,ttanalytics.zigbuy.fr,409 € livraison gratuite + paiement 3× ou 4× sans frais (PayPal),0,0,0,0,Améliorer la visibilité
bon-plan-ayybboo-montre-enfant-numerique-led-etanche-cadeau-8-euros,"Ayybboo montre enfant numérique LED étanche à 7,40 €",bon-plan,2026-07-22,Amazon,Amazon,"7,40 €",0,0,0,0,Améliorer la visibilité
bon-plan-babyliss-brosse-soufflante-42-euros-au-lieu-de-80,"BaByliss combo brosse soufflante Air Style 1000 + lisseur Super Smooth 235 à 77,25 €",bon-plan,2026-07-14,Amazon,Amazon,"77,25 €",0,0,0,0,Améliorer la visibilité
bon-plan-babyliss-lisseur-hydro-fusion-st573e-promo-amazon-2026,BaByliss Lisseur Hydro Fusion a -44% sur Amazon : le lisseur ceramique anti-frisottis a moins de 45 euros,bon-plan,2026-06-30,Amazon,Amazon,"44,90€",0,0,0,0,Améliorer la visibilité
bon-plan-baija-coffret-corps-vertige-solaire-bergamote-tubereuse-juin-2026,"Coffret Baïja Vertige Solaire : 2 soins corps (28,80 €) à 20,90 €",bon-plan,2026-07-10,Direct / autre,lk.gt,"20,90 € au lieu de 28,80 €",0,0,0,0,Améliorer la visibilité
bon-plan-bain-soleil-suspendu-tectake-support-parasol-amazon,"Bain de soleil suspendu Tectake + support + parasol à 177,90 €",bon-plan,2026-06-27,Amazon,Amazon,"177,90€",0,0,0,0,Améliorer la visibilité
bon-plan-bakaji-velo-appartement-lcd-8-niveaux-resistance-amazon-2026,"Bakaji vélo d'appartement écran LCD 8 niveaux résistance à 108,32 €",bon-plan,2026-06-26,Amazon,Amazon,"108,32 €",0,0,0,0,Améliorer la visibilité
bon-plan-bakaji-ventilateur-colonne-40cm-3-vitesses-amazon-2026,"Bakaji ventilateur colonne 45 W 40 cm 3 vitesses à 36,27 €",bon-plan,2026-06-26,Amazon,Amazon,"36,27 €",0,0,0,0,Améliorer la visibilité
bon-plan-barbie-poupee-cheveux-blonds-robe-rose-promo-amazon-2026,"Barbie Poupée Cheveux Blonds Robe Rose a -36% sur Amazon : 7,99 euros au lieu de 12,47 euros",bon-plan,2026-07-02,Amazon,Amazon,"7,99€",0,0,0,0,Améliorer la visibilité
bon-plan-bateau-gonflable-intex-explorer-pro-50-amazon,"Bateau gonflable Intex Explorer Pro 50 sans rames à 7,79 €",bon-plan,2026-07-07,Amazon,Amazon,"7,79€",0,0,0,0,Améliorer la visibilité
bon-plan-beaba-lunettes-soleil-enfant-4-6-ans-uv-amazon-2026,"Béaba lunettes de soleil enfant 4-6 ans UV cat 3 à 19,89 €",bon-plan,2026-06-26,Amazon,Amazon,"19,89 €",0,0,0,0,Améliorer la visibilité
bon-plan-beauty-of-joseon-calming-serum-apaisant-yesstyle-2026,"BoJ Calming Serum apaisant : 11,91 € (-29 %) YesStyle",bon-plan,2026-07-20,YesStyle,YesStyle,"11,91 € (au lieu de 17,00 €)",0,0,0,0,Améliorer la visibilité
bon-plan-beauty-of-joseon-duo-revive-eye-serum-yesstyle-2026,"BoJ Duo Revive Eye Serum 30+10 ml : 13,98 € (-40 %)",bon-plan,2026-07-20,YesStyle,YesStyle,"13,98 € (au lieu de 23,30 €)",0,0,0,0,Améliorer la visibilité
bon-plan-beauty-of-joseon-matte-sun-stick-yesstyle-juillet-2026,"Beauty of Joseon Matte Sun Stick : SPF nomade à 11,70 € (-35 %)",bon-plan,2026-07-06,Awin,awin1.com,"11,70 € (au lieu de 18 €)",0,0,0,0,Améliorer la visibilité
bon-plan-beauty-of-joseon-pore-firming-serum-yesstyle-juillet-2026,"Beauty of Joseon Pore Firming Serum : anti-pores à 8,51 € (-49 %)",bon-plan,2026-07-20,YesStyle,YesStyle,"8,51 € (au lieu de 17 €)",0,0,0,0,Améliorer la visibilité
bon-plan-beauty-of-joseon-pore-refine-duo-set-3-produits-yesstyle-2026,"BoJ Pore Refine Duo Set 3 produits : 25,91 € (-29 %)",bon-plan,2026-07-20,YesStyle,YesStyle,"25,91 € (au lieu de 37,00 €)",0,0,0,0,Améliorer la visibilité
bon-plan-beauty-of-joseon-ramadan-moonlight-glow-gift-set-3-produits-yesstyle-2026,"BoJ Ramadan Moonlight Glow Gift Set 3 produits : 47,60 €",bon-plan,2026-07-20,YesStyle,YesStyle,"47,60 € (au lieu de 68,00 €)",0,0,0,0,Améliorer la visibilité
bon-plan-beauty-of-joseon-relief-sun-aqua-fresh-bundle-3-produits-yesstyle-2026,"BoJ Relief Sun Aqua-fresh Bundle 3 pcs : 25,88 € (-34 %)",bon-plan,2026-07-20,YesStyle,YesStyle,"25,88 € (au lieu de 39,80 €)",0,0,0,0,Améliorer la visibilité
bon-plan-beauty-of-joseon-relief-sun-aqua-fresh-yesstyle-juillet-2026,"Beauty of Joseon Relief Sun Aqua-Fresh : SPF star à 9,01 € (-49 %)",bon-plan,2026-07-06,Awin,awin1.com,"9,01 € (au lieu de 18 €)",0,0,0,0,Améliorer la visibilité
bon-plan-beauty-of-joseon-relief-sun-bundle-yesstyle-mai-2026,"Beauty of Joseon Relief Sun Bundle YesStyle à 25,88 € (-34 %)",bon-plan,2026-07-26,Awin,tidd.ly,"25,88 € au lieu de 39,80 € (-34 %)",0,0,0,0,Améliorer la visibilité
bon-plan-beauty-of-joseon-stay-fresh-tone-up-sunscreen-spf50-yesstyle-2026,"BoJ Stay Fresh Tone-Up Sunscreen SPF50+ : 12,60 € (-30 %)",bon-plan,2026-07-20,YesStyle,YesStyle,"12,60 € (au lieu de 18,00 €)",0,0,0,0,Améliorer la visibilité
bon-plan-beauty-success-baija-coffret-jardin-pallanca-juillet-2026,"Baïja Coffret Jardin Pallanca : 12,45 € (-50 %)",bon-plan,2026-07-08,Effiliation,track.effiliation.com,"12,45 € au lieu de 24,90 €",0,0,0,0,Améliorer la visibilité
bon-plan-beauty-success-berdoues-cerisier-brume-parfumee-200ml-juillet-2026,"Berdoues Cerisier Brume Parfumée Hydratante 200 ml : 7,45 €",bon-plan,2026-07-08,Effiliation,track.effiliation.com,"7,45 € au lieu de 14,90 €",0,0,0,0,Améliorer la visibilité
bon-plan-beauty-success-berdoues-probiotic-age-respect-huile-30ml-juillet-2026,"Berdoues Probiotic Age Respect Huile 30 ml : 9,90 €",bon-plan,2026-07-08,Effiliation,track.effiliation.com,"9,90 € au lieu de 33,00 €",0,0,0,0,Améliorer la visibilité
bon-plan-beauty-success-bourjois-contour-clubbing-waterproof-crayon-liner-utopink-juillet-2026,"Bourjois Contour Clubbing Waterproof Utopink : 2,40 € (-70 %)",bon-plan,2026-07-08,Effiliation,track.effiliation.com,"2,40 € au lieu de 8,00 €",0,0,0,0,Améliorer la visibilité
bon-plan-beauty-success-carolina-herrera-la-bomba-parfum-77-euros-2026,"Carolina Herrera La Bomba Eau de Parfum : dès 77,90 €",bon-plan,2026-07-21,Effiliation,track.effiliation.com,"dès 77,90 €",0,0,0,0,Améliorer la visibilité
bon-plan-beauty-success-dior-j-adore-intense-parfum-92-euros-2026,Dior J'adore Intense 35 ml : 92 € chez Beauty Success,bon-plan,2026-07-21,Effiliation,track.effiliation.com,"92,00 €",0,0,0,0,Améliorer la visibilité
bon-plan-beauty-success-dior-miss-dior-eau-de-parfum-roller-pearl-59-euros-2026,"Miss Dior Eau de Parfum Roller-Pearl 20 ml : 59,90 €",bon-plan,2026-07-21,Effiliation,track.effiliation.com,"59,90 €",0,0,0,0,Améliorer la visibilité
bon-plan-beauty-success-erborian-coffret-trio-centella-bb-creme-doree-2026,"Erborian Coffret Trio Centella BB Crème Dorée à 20,25 € Beauty Success (-25 %)",bon-plan,2026-07-24,Effiliation,track.effiliation.com,"20,25 € (au lieu de 27,00 €, -25 %)",0,0,0,0,Améliorer la visibilité
bon-plan-beauty-success-erborian-coffret-trio-centella-bb-creme-nude-2026,"Erborian Coffret Trio Centella BB Crème Nude à 20,25 € Beauty Success (-25 %)",bon-plan,2026-07-24,Effiliation,track.effiliation.com,"20,25 € (au lieu de 27,00 €, -25 %)",0,0,0,0,Améliorer la visibilité
bon-plan-beauty-success-gucci-bloom-ambrosia-d-oro-parfum-89-euros-2026,"Gucci Bloom Ambrosia d'Oro : dès 89,90 € Beauty Success",bon-plan,2026-07-21,Effiliation,track.effiliation.com,"dès 89,90 €",0,0,0,0,Améliorer la visibilité
bon-plan-beauty-success-guerlain-absolus-allegoria-tabac-sahara-parfum-195-euros-2026,"Guerlain Absolus Allegoria Tabac Sahara 125 ml : 195,90 €",bon-plan,2026-07-21,Effiliation,track.effiliation.com,"195,90 €",0,0,0,0,Améliorer la visibilité
bon-plan-beauty-success-guerlain-shalimar-essence-parfum-89-euros-2026,"Guerlain Shalimar L'Essence 30 ml : 89,90 € Beauty Success",bon-plan,2026-07-21,Effiliation,track.effiliation.com,"89,90 €",0,0,0,0,Améliorer la visibilité
bon-plan-beauty-success-issey-miyake-eau-essentielle-parfum-107-euros-2026,"L'Eau d'Issey Eau Essentielle Femme : dès 107,90 €",bon-plan,2026-07-21,Effiliation,track.effiliation.com,"dès 107,90 €",0,0,0,0,Améliorer la visibilité
bon-plan-beauty-success-jean-paul-gaultier-la-belle-rosea-parfum-116-euros-2026,"Jean Paul Gaultier La Belle Rosea 50 ml : 116,20 €",bon-plan,2026-07-21,Effiliation,track.effiliation.com,"116,20 €",0,0,0,0,Améliorer la visibilité
bon-plan-beauty-success-jean-paul-gaultier-le-beau-narcisse-parfum-homme-104-euros-2026,"Jean Paul Gaultier Le Beau Narcisse 75 ml : 104,40 €",bon-plan,2026-07-21,Effiliation,track.effiliation.com,"104,40 €",0,0,0,0,Améliorer la visibilité
bon-plan-beauty-success-jozz-beauty-maxi-glittery-palette-35-fards-juillet-2026,"Palette Jozz Maxi Glittery 35 fards : 6,59 € (-70 %)",bon-plan,2026-07-08,Effiliation,track.effiliation.com,"6,59 € au lieu de 21,95 €",0,0,0,0,Améliorer la visibilité
bon-plan-beauty-success-jozz-beauty-paradis-tropical-palette-35-fards-juillet-2026,"Palette Jozz Paradis Tropical 35 fards : 6,59 € (-70 %)",bon-plan,2026-07-08,Effiliation,track.effiliation.com,"6,59 € au lieu de 21,95 €",0,0,0,0,Améliorer la visibilité
bon-plan-beauty-success-jozz-beauty-trio-baumes-hydratants-levres-juillet-2026,"Trio Baumes à Lèvres Jozz : 2,09 € (-70 %)",bon-plan,2026-07-08,Effiliation,track.effiliation.com,"2,09 € au lieu de 6,95 €",0,0,0,0,Améliorer la visibilité
bon-plan-beauty-success-jozz-beauty-winter-sparkle-calendrier-juillet-2026,"Jozz Beauty Winter Sparkle Calendrier : 9,98 € (-50 %)",bon-plan,2026-07-08,Effiliation,track.effiliation.com,"9,98 € au lieu de 19,95 €",0,0,0,0,Améliorer la visibilité
bon-plan-beauty-success-makeup-revolution-coffret-ultimate-nude-lip-juillet-2026,"Makeup Revolution Coffret Ultimate Nude Lip : 15,95 € (-50 %)",bon-plan,2026-07-20,Effiliation,track.effiliation.com,"15,95 € au lieu de 31,90 €",0,0,0,0,Améliorer la visibilité
bon-plan-beauty-success-makeup-revolution-fantasy-fire-lip-kit-juillet-2026,"Makeup Revolution Fantasy Fire Lip Kit : 2,97 € (-70 %)",bon-plan,2026-07-08,Effiliation,track.effiliation.com,"2,97 € au lieu de 9,90 €",0,0,0,0,Améliorer la visibilité
bon-plan-beauty-success-nina-ricci-venus-parfum-florale-69-euros-2026,"Vénus de Nina Ricci Eau de Parfum Florale : dès 69,40 €",bon-plan,2026-07-21,Effiliation,track.effiliation.com,"dès 69,40 €",0,0,0,0,Améliorer la visibilité
bon-plan-beauty-success-nuxe-trousse-mes-essentiels-voyage-2026,"Nuxe Trousse Mes Essentiels Voyage à 11,93 € Beauty Success (-25 %)",bon-plan,2026-07-24,Effiliation,track.effiliation.com,"11,93 € (au lieu de 15,90 €, -25 %)",0,0,0,0,Améliorer la visibilité
bon-plan-beauty-success-nuxe-trousse-zinc-power-anti-boutons-2026,"Nuxe Trousse Zinc Power Anti-Boutons à 14,93 € Beauty Success (-25 %)",bon-plan,2026-07-24,Effiliation,track.effiliation.com,"14,93 € (au lieu de 19,90 €, -25 %)",0,0,0,0,Améliorer la visibilité
bon-plan-beauty-success-omum-coffret-essentiels-grossesse-iconiques-juillet-2026,"Omum Coffret Mes Essentiels Grossesse : 34,70 € (-50 %)",bon-plan,2026-07-08,Effiliation,track.effiliation.com,"34,70 € au lieu de 69,40 €",0,0,0,0,Améliorer la visibilité
bon-plan-beauty-success-payot-coffret-duo-hydratation-creme-stick-levres-2026,"Payot Coffret Duo Hydratation Crème + Stick Lèvres à 15,38 € Beauty Success (-25 %)",bon-plan,2026-07-24,Effiliation,track.effiliation.com,"15,38 € (au lieu de 20,50 €, -25 %)",0,0,0,0,Améliorer la visibilité
bon-plan-beauty-success-payot-trousse-essentiels-voyage-4-soins-2026,"Payot Trousse Essentiels Voyage 4 soins à 19,13 € Beauty Success (-25 %)",bon-plan,2026-07-24,Effiliation,track.effiliation.com,"19,13 € (au lieu de 25,50 €, -25 %)",0,0,0,0,Améliorer la visibilité
bon-plan-beauty-success-plisson-coffret-en-douceur-fluide-hydratant-creme-mains-juillet-2026,"Coffret En Douceur Plisson : 59,90 € (-12 %)",bon-plan,2026-07-08,Effiliation,track.effiliation.com,"59,90 € au lieu de 68,20 €",0,0,0,0,Améliorer la visibilité
bon-plan-beauty-success-rochas-audace-eau-de-parfum-49-euros-2026,"Rochas Audace Eau de Parfum : dès 49,90 € Beauty Success",bon-plan,2026-07-21,Effiliation,track.effiliation.com,"dès 49,90 €",0,0,0,0,Améliorer la visibilité
bon-plan-beauty-success-ysl-myslf-eau-de-toilette-intense-91-euros-2026,"YSL MYSLF Eau de Toilette Intense homme : dès 91,50 €",bon-plan,2026-07-21,Effiliation,track.effiliation.com,"dès 91,50 €",0,0,0,0,Améliorer la visibilité
bon-plan-beautysuccess-boss-coffret-the-scent-for-her-edp-50ml-lait-corps-2026,"Boss The Scent For Her Coffret EDP 50 ml + Lait Corps : 80,18 €",bon-plan,2026-07-20,Effiliation,track.effiliation.com,"80,18 € (au lieu de 106,90 €)",0,0,0,0,Améliorer la visibilité
bon-plan-beautysuccess-boss-coffret-the-scent-for-him-edt-100ml-gel-deo-2026,"Boss The Scent For Him Coffret EDT 100 ml + Gel + Déo : 94,13 €",bon-plan,2026-07-20,Effiliation,track.effiliation.com,"94,13 € (au lieu de 125,50 €)",0,0,0,0,Améliorer la visibilité
bon-plan-beautysuccess-cacharel-violette-sugar-brume-parfumee-100ml-2026,"Cacharel Violette Sugar Brume Parfumée 100 ml : 29,90 €",bon-plan,2026-07-20,Effiliation,track.effiliation.com,"29,90 €",0,0,0,0,Améliorer la visibilité
bon-plan-beautysuccess-cattier-liniment-lait-nettoyant-change-500ml-2026,"Cattier Liniment 500 ml : 7,25 € (-50 %) Beauty Success",bon-plan,2026-07-20,Effiliation,track.effiliation.com,"7,25 € (au lieu de 14,50 €)",0,0,0,0,Améliorer la visibilité
bon-plan-beautysuccess-erborian-coffret-duo-cc-creme-skin-therapy-oil-2026,"Erborian Coffret Duo CC Crème Doré + Skin Therapy Oil : 33,38 € (-25 %)",bon-plan,2026-07-20,Effiliation,track.effiliation.com,"33,38 € (au lieu de 44,50 €)",0,0,0,0,Améliorer la visibilité
bon-plan-beautysuccess-giorgio-armani-coffret-si-edp-50ml-voyage-2026,"Giorgio Armani Sì Coffret EDP 50 ml + Voyage : 99,38 € (-25 %)",bon-plan,2026-07-20,Effiliation,track.effiliation.com,"99,38 € (au lieu de 132,50 €)",0,0,0,0,Améliorer la visibilité
bon-plan-beautysuccess-jozz-beauty-winter-sparkle-boule-maquillage-2026,"Jozz Beauty Winter Sparkle Boule Maquillage 5 pcs : 8,48 €",bon-plan,2026-07-20,Effiliation,track.effiliation.com,"8,48 € (au lieu de 16,95 €)",0,0,0,0,Améliorer la visibilité
bon-plan-beautysuccess-kenzo-coffret-flower-edp-50ml-creme-mains-voyage-2026,"Kenzo Flower Coffret EDP 50 ml + Crème Mains : 74,93 € (-25 %)",bon-plan,2026-07-20,Effiliation,track.effiliation.com,"74,93 € (au lieu de 99,90 €)",0,0,0,0,Améliorer la visibilité
bon-plan-beautysuccess-kneipp-huile-bain-good-night-pin-alpes-100ml-2026,"Kneipp Huile de Bain Good Night 100 ml : 5,75 € (-50 %)",bon-plan,2026-07-20,Effiliation,track.effiliation.com,"5,75 € (au lieu de 11,50 €)",0,0,0,0,Améliorer la visibilité
bon-plan-beautysuccess-lancome-la-nuit-tresor-edp-30ml-2026,"Lancôme La Nuit Trésor EDP 30 ml : 52,90 € (-30 %)",bon-plan,2026-07-20,Effiliation,track.effiliation.com,"52,90 € (au lieu de 75,90 €)",0,0,0,0,Améliorer la visibilité
bon-plan-beautysuccess-lancome-o-cool-brume-corps-cheveux-100ml-2026,"Lancôme Ô Cool Brume Corps + Cheveux 100 ml : 29,90 €",bon-plan,2026-07-20,Effiliation,track.effiliation.com,"29,90 €",0,0,0,0,Améliorer la visibilité
bon-plan-beautysuccess-lolita-lempicka-fleurs-edp-30ml-2026,"Lolita Lempicka Fleurs Eau de Parfum 30 ml : 73,50 €",bon-plan,2026-07-20,Effiliation,track.effiliation.com,"73,50 €",0,0,0,0,Améliorer la visibilité
bon-plan-beautysuccess-nuxe-trousse-routine-doree-ete-solaire-huile-prodigieuse-or-2026,"Nuxe Trousse Routine Dorée Été 3 produits : 47,18 € (-25 %)",bon-plan,2026-07-20,Effiliation,track.effiliation.com,"47,18 € (au lieu de 62,90 €)",0,0,0,0,Améliorer la visibilité
bon-plan-beautysuccess-omum-coffret-morning-routine-4-produits-2026,"Omum Coffret Morning Routine 4 produits : 25,56 € (-40 %)",bon-plan,2026-07-20,Effiliation,track.effiliation.com,"25,56 € (au lieu de 42,60 €)",0,0,0,0,Améliorer la visibilité
bon-plan-beautysuccess-payot-source-hydra-soin-hydratant-spf50-50ml-2026,"Payot Source Hydra+ SPF50+ 50 ml : 42,80 € 3-en-1",bon-plan,2026-07-20,Effiliation,track.effiliation.com,"42,80 €",0,0,0,0,Améliorer la visibilité
bon-plan-beautysuccess-rituals-coffret-ritual-sakura-4-produits-2026,"Rituals The Ritual of Sakura Coffret 4 produits : 35,90 €",bon-plan,2026-07-20,Effiliation,track.effiliation.com,"35,90 €",0,0,0,0,Améliorer la visibilité
bon-plan-beautysuccess-rochas-coffret-audace-edp-60ml-lait-corps-2026,"Rochas Audace Coffret EDP 60 ml + Lait Corps : 71,18 € (-25 %)",bon-plan,2026-07-20,Effiliation,track.effiliation.com,"71,18 € (au lieu de 94,90 €)",0,0,0,0,Améliorer la visibilité
bon-plan-beautysuccess-shiseido-eudermine-essence-activatrice-145ml-2026,"Shiseido Eudermine Essence Activatrice 145 ml : 31,28 € (-59 %)",bon-plan,2026-07-20,Effiliation,track.effiliation.com,"31,28 € (au lieu de 75,60 €)",0,0,0,0,Améliorer la visibilité
bon-plan-beautysuccess-waam-mon-secret-vegetal-peau-nette-60-gelules-2026,"Waam Mon Secret Végétal Peau Nette 60 gélules : 14,75 € (-50 %)",bon-plan,2026-07-20,Effiliation,track.effiliation.com,"14,75 € (au lieu de 29,50 €)",0,0,0,0,Améliorer la visibilité
bon-plan-bebeboutik-biolane-couches-eco-taille-1-84-couches-mai-2026,"Bon plan Bebeboutik × Biolane : 84 couches éco-conçues taille 1 (2-5 kg) à 20,95€ au lieu de 26,10€ — soit 0,25€ la couche, fabriquées en France",bon-plan,2026-05-27,TimeOne / Public Idées,a.time1.me,"20,95 € (au lieu de 26,10 €, -20%) — 0,25 € la couche",0,0,0,0,Améliorer la visibilité
bon-plan-bellemax-parasol-plage-ancre-sable-inclinable-amazon-2026,"BelleMax parasol plage ancre sable inclinable hauteur réglable à 28,99 €",bon-plan,2026-06-26,Amazon,Amazon,"28,99 €",0,0,0,0,Améliorer la visibilité
bon-plan-bestway-power-steel-piscine-hors-sol-rectangulaire-509-euros-juin-2026,Piscine Bestway Power Steel 404 × 201 cm à 509 € (-50 %),bon-plan,2026-06-11,Awin,tidd.ly,"509,00 € au lieu de 1 018,00 € (-50 %)",0,0,0,0,Améliorer la visibilité
bon-plan-biofreeze-gel-action-froid-douleurs-musculaires-118ml-amazon-2026,"Biofreeze gel action par le froid douleurs musculaires 118 ml à 6,29 €",bon-plan,2026-06-26,Amazon,Amazon,"6,29 €",0,0,0,0,Améliorer la visibilité
bon-plan-biolane-brume-eau-thermale-visage-corps-naissance-amazon-2026,"Biolane brume eau thermale apaise visage corps dès naissance à 9,80 €",bon-plan,2026-06-26,Amazon,Amazon,"9,80 €",0,0,0,0,Améliorer la visibilité
bon-plan-biolane-couches-bebe-taille-4-144-couches-ultra-absorbant-45-euros,"Biolane couches bébé Taille 4 (7-18kg) pack 144 à 44,92€",bon-plan,2026-06-23,Amazon,Amazon,"44,92 euros",0,0,0,0,Améliorer la visibilité
bon-plan-biolane-lingettes-bebe-eau-225-lot-3x75-amazon-2026,"Biolane lingettes bébé à l'eau 225 lingettes lot 3x75 à 11,44 €",bon-plan,2026-07-21,Amazon,Amazon,"11,44 €",0,0,0,0,Améliorer la visibilité
bon-plan-biore-aqua-rich-uv-fps50-k-beauty-acide-hyaluronique-15-euros,"Bioré Aqua Rich UV SPF 50 K-Beauty acide hyaluronique à 15,50€",bon-plan,2026-06-23,Amazon,Amazon,"15,50 euros",0,0,0,0,Améliorer la visibilité
bon-plan-biotherm-aquasource-hydra-bronze-serum-autobronzant-amazon-2026,"Biotherm Aquasource+ Hydra-Bronze sérum autobronzant à 23,20 €",bon-plan,2026-06-26,Amazon,Amazon,"23,20 €",0,0,0,0,Améliorer la visibilité
bon-plan-biotyfull-box-4-idees-cadeaux-baija-endro-phyts-calendrier-mai-2026,"Biotyfull Box : 4 idées cadeaux dès 24,90 € (BAÏJA, ENDRO",box-beaute,2026-05-21,Direct / autre,lk.gt,"BAÏJA 24,90€ / ENDRO 39€ / PHYT'S 39€ / Calendrier 45€",0,0,0,0,Améliorer la visibilité
bon-plan-biotyfull-box-edition-limitee-100-baija-19-90-euros-6-produits-mai-2026,"Biotyfull Box 100% BAÏJA à 19,90 € au lieu de 34,90 €",box-beaute,2026-05-29,Direct / autre,lk.gt,"19,90 € (au lieu de 34,90 €) — valeur réelle 78 €",0,0,0,0,Améliorer la visibilité
bon-plan-biotyfull-mega-offre-summer-edition-5-routines-14-produits-15-euros-juin-2026,Bon Plan Biotyfull MEGA OFFRE : 5 Routines / 14 Produits pour 15€,box-beaute,2026-07-01,Direct / autre,lk.gt,"15€ + 3,90€ livraison (valeur 222€)",0,0,0,0,Améliorer la visibilité
bon-plan-bissell-spinwave-2-en-1-tampons-rotatifs-sols-durs-80-euros,"Bissell SpinWave 2 en 1 tampons rotatifs sols durs à 79,99€",bon-plan,2026-06-23,Amazon,Amazon,"79,99 euros",0,0,0,0,Améliorer la visibilité
bon-plan-bissell-spotclean-pet-pro-shampouineuse-canape-tapis-150-euros,"Bissell SpotClean Pet Pro shampouineuse canapé tapis à 149,99€",bon-plan,2026-06-23,Amazon,Amazon,"149,99 euros",0,0,0,0,Améliorer la visibilité
bon-plan-black-decker-bxpw1500pe-nettoyeur-haute-pression-80-euros,"Black+Decker BXPW1500PE nettoyeur haute pression à 79,90€",bon-plan,2026-06-23,Amazon,Amazon,"79,90 euros",0,0,0,0,Améliorer la visibilité
bon-plan-blackview-montre-connectee-homme-100-jours-autonomie-promo-amazon-2026,"Montre Blackview homme 100 jours d'autonomie à 30,95 € (−69 %)",bon-plan,2026-07-13,Amazon,Amazon,"30,95 € au lieu de 99,99 € (-69 %)",0,0,0,0,Améliorer la visibilité
bon-plan-blissim-beauty-of-joseon-serum-eclat-ginseng-propolis-juillet-2026,"Beauty of Joseon Glow Serum ginseng propolis à 16,80 €",bon-plan,2026-07-26,Awin,awin1.com,"16,80 €",0,0,0,0,Améliorer la visibilité
bon-plan-blissim-bioderma-atoderm-lot-2-cremes-mains-ongles-reparatrice-juillet-2026,"Bioderma Atoderm lot de 2 crèmes mains et ongles à 8,40 €",bon-plan,2026-07-26,Awin,awin1.com,"8,40 € (le duo)",0,0,0,0,Améliorer la visibilité
bon-plan-blissim-bioderma-crealine-creme-visage-defensive-riche-juillet-2026,"Bioderma Créaline crème défensive riche à 15,60 €",bon-plan,2026-07-26,Awin,awin1.com,"15,60 €",0,0,0,0,Améliorer la visibilité
bon-plan-blissim-chella-palette-fards-paupieres-manifest-bronze-juillet-2026,"Chella Palette de fards à paupières Manifest Bronze : 4,40 €",bon-plan,2026-07-02,Awin,awin1.com,"4,40 €",0,0,0,0,Améliorer la visibilité
bon-plan-blissim-curel-gelee-nettoyante-demaquillante-peaux-sensibles-juillet-2026,"Curel Gelée nettoyante démaquillante J-beauty à 11,13 €",bon-plan,2026-07-26,Awin,awin1.com,"11,13 €",0,0,0,0,Améliorer la visibilité
bon-plan-blissim-embryolisse-creme-nuit-peeling-eclat-juillet-2026,"Embryolisse Anti-Taches Crème Nuit Peeling Éclat à 18,90 €",bon-plan,2026-07-26,Awin,awin1.com,"18,90 €",0,0,0,0,Améliorer la visibilité
bon-plan-blissim-embryolisse-hydra-serum-booster-hydratation-juillet-2026,"Embryolisse Hydra-Sérum booster d'hydratation à 17,85 €",bon-plan,2026-07-26,Awin,awin1.com,"17,85 €",0,0,0,0,Améliorer la visibilité
bon-plan-blissim-institut-esthederm-osmoclean-creme-nettoyante-douce-desincrustante-juillet-2026,"Institut Esthederm Osmoclean crème nettoyante douce à 31,20 €",bon-plan,2026-07-26,Awin,awin1.com,"31,20 €",0,0,0,0,Améliorer la visibilité
bon-plan-blissim-laboratoires-de-biarritz-fluide-apres-soleil-bio-juillet-2026,"Laboratoires de Biarritz fluide après-soleil bio à 12,72 €",bon-plan,2026-07-26,Awin,awin1.com,"12,72 €",0,0,0,0,Améliorer la visibilité
bon-plan-blissim-laboratoires-de-biarritz-huile-solaire-invisible-spf50-visage-corps-juillet-2026,"Laboratoires de Biarritz huile solaire SPF50 3-en-1 à 19,95 €",bon-plan,2026-07-26,Awin,awin1.com,"19,95 €",0,0,0,0,Améliorer la visibilité
bon-plan-blissim-we-love-the-planet-deodorant-stick-fresh-citrus-naturel-juillet-2026,"We Love The Planet déodorant stick Fresh Citrus à 4,49 €",bon-plan,2026-07-26,Awin,awin1.com,"4,49 €",0,0,0,0,Améliorer la visibilité
bon-plan-bonne-maman-coffret-un-pot-beaucoup-amour-fete-des-meres-2026,"Bonne Maman coffret 'Un pot, beaucoup d'amour' Fête des Mères : 10 mini-pots confitures édition limitée à offrir (sur Amazon)",bon-plan,2026-05-08,Amazon,Amazon,Sélection coffrets Bonne Maman sur Amazon,0,0,0,0,Améliorer la visibilité
bon-plan-bonnet-rafraichissant-gel-doublure-casque-amazon-2026,"Bonnet rafraîchissant avec gel doublure pour casque insert à 6,74 €",bon-plan,2026-07-24,Amazon,Amazon,"6,74 €",0,0,0,0,Améliorer la visibilité
bon-plan-bopcal-hair-styler-5-en-1-seche-cheveux-promo-amazon-2026,"Bopcal Hair Styler 5 en 1 (sèche + brosse + lisseur) à 99,99 €",bon-plan,2026-06-30,Amazon,Amazon,"99,99 €",0,0,0,0,Améliorer la visibilité
bon-plan-box-marie-claire-bonne-mine-6-etapes-eclat-2026,"Box Marie Claire Bonne Mine : 8 produits + bijou NilaÏ à 34,90 €",box-beaute,2026-06-26,Direct / autre,fnty.co,"34,90 €",0,0,0,0,Améliorer la visibilité
bon-plan-box-marie-claire-sanoflore-22-euros-juin-2026,"Box Marie Claire × Sanoflore : 5 soins visage à 22,90 € (-72 %)",box-beaute,2026-07-20,Effiliation,track.effiliation.com,"22,90 €",0,0,0,0,Améliorer la visibilité
bon-plan-bramble-grand-oreiller-gel-rafraichissant-55x30-amazon-2026,"BRAMBLE grand oreiller gel rafraîchissant 55x30 coussin refroidissant à 24,99 €",bon-plan,2026-06-26,Amazon,Amazon,"24,99 €",0,0,0,0,Améliorer la visibilité
bon-plan-braun-epilateur-silk-epil-7-coffret-promo-amazon-2026,Braun Silk-épil 7 Epilateur Electrique a -35% sur Amazon : le coffret complet à 109 euros,bon-plan,2026-07-07,Amazon,Amazon,"109,99€",0,0,0,0,Améliorer la visibilité
bon-plan-braun-silk-epil-7-epilateur-femme-149-euros-amazon-mai-2026,"Braun Silk-épil 7 7-441 épilateur sans fil à 106,48 € (-29%)",bon-plan,2026-06-17,Amazon,Amazon,"106,48 € au lieu de 149,99 €",0,0,0,0,Améliorer la visibilité
bon-plan-braun-silk-epil-9-89-euros-au-lieu-de-150,"Bon Plan Amazon : Épilateur Braun Silk-épil 9 à 99,99€",bon-plan,2026-07-03,Amazon,Amazon,"99,99 €",0,0,0,0,Améliorer la visibilité
bon-plan-braun-tete-rasoir-series-5-54b-lames-flexibles-20-euros,"Braun tête de rasoir Series 5 54B lames flexibles à 19,99€",bon-plan,2026-06-23,Amazon,Amazon,"19,99 euros",0,0,0,0,Améliorer la visibilité
bon-plan-calvin-klein-boxers-lot-3-coton-noir-29-euros-amazon-mai-2026,"Calvin Klein lot de 3 boxers homme taille basse noir à 29,45 € sur Amazon (-10%)",bon-plan,2026-05-16,Amazon,Amazon,"29,45 € au lieu de 32,78 €",0,0,0,0,Améliorer la visibilité
bon-plan-caroll-ceinture-manfrea-beige-juillet-2026,"Ceinture Manfrea beige 22,50 € : l'atout chic mode femme",bon-plan,2026-07-22,Direct / autre,action.metaffiliation.com,"22,50 €",0,0,0,0,Améliorer la visibilité
bon-plan-caroll-charm-baby-vic-cuir-naturel-camel-juillet-2026,"Charm Baby-Vic cuir naturel camel à 16,00 €",bon-plan,2026-07-22,Direct / autre,action.metaffiliation.com,"16,00 €",0,0,0,0,Améliorer la visibilité
bon-plan-caroll-gilet-mleonie-denim-baby-bleu-juillet-2026,"Gilet Mleonie denim baby bleu à 50,00 € chez Caroll",bon-plan,2026-07-09,Direct / autre,action.metaffiliation.com,"50,00 €",0,0,0,0,Améliorer la visibilité
bon-plan-caroll-jupe-jamy-plissee-bleu-marine-soldes-juillet-2026,"Jupe Jamy plissée bleu marine à 44,00 € (-60 %)",bon-plan,2026-07-09,Direct / autre,action.metaffiliation.com,"44,00 €",0,0,0,0,Améliorer la visibilité
bon-plan-caroll-manteau-gardenia-sable-juillet-2026,"Manteau Gardenia sable Caroll à 76,00 €",bon-plan,2026-07-09,Direct / autre,action.metaffiliation.com,"76,00 €",0,0,0,0,Améliorer la visibilité
bon-plan-caroll-manteau-gvenard-bleu-marine-juillet-2026,"Manteau Gvenard bleu marine 76,00 € : la pièce mi-saison signée Caroll",bon-plan,2026-07-09,Direct / autre,action.metaffiliation.com,"76,00 €",0,0,0,0,Améliorer la visibilité
bon-plan-caroll-pantalon-pmalleydenim-bleu-ciel-juillet-2026,"Pantalon Pmalley denim bleu ciel à 32,00 € chez Caroll",bon-plan,2026-07-09,Direct / autre,action.metaffiliation.com,"32,00 €",0,0,0,0,Améliorer la visibilité
bon-plan-caroll-sac-sacha-wk-deperlant-bleu-marine-juillet-2026,"Sac Sacha WK déperlant bleu marine à 65,00 € chez Caroll",bon-plan,2026-07-09,Direct / autre,action.metaffiliation.com,"65,00 €",0,0,0,0,Améliorer la visibilité
bon-plan-caroll-sac-sachana-sable-juillet-2026,"Sac Sachana sable Caroll à 80,00 € : le it-bag de l'été",bon-plan,2026-07-22,Direct / autre,action.metaffiliation.com,"80,00 €",0,0,0,0,Améliorer la visibilité
bon-plan-caroll-sac-soa-stud-cuir-naturel-camel-juillet-2026,"Sac Soa Stud cuir naturel camel Caroll à 95,00 €",bon-plan,2026-07-09,Direct / autre,action.metaffiliation.com,"95,00 €",0,0,0,0,Améliorer la visibilité
bon-plan-caroll-tshirt-tael-jaune-pastel-juillet-2026,"T-shirt Tael jaune pastel femme à 32,00 € chez Caroll",bon-plan,2026-07-09,Direct / autre,action.metaffiliation.com,"32,00 €",0,0,0,0,Améliorer la visibilité
bon-plan-caroll-veste-vpodium-gris-juillet-2026,"Veste Vpodium gris tailoring femme 72,00 €",bon-plan,2026-07-09,Direct / autre,action.metaffiliation.com,"72,00 €",0,0,0,0,Améliorer la visibilité
bon-plan-carte-noire-bodum-bistro-moulin-a-cafe-electrique-carte-noire-juillet-2026,"Bodum MOULIN À CAFÉ ÉLECTRIQUE BISTRO : 27,93 €",bon-plan,2026-07-02,Awin,awin1.com,"27,93 €",0,0,0,0,Améliorer la visibilité
bon-plan-carte-noire-bodum-douro-set-2-mugs-double-paroi-45cl-carte-noire-juillet-2026,"Bodum SET DE 2 MUGS DOURO 45 CL : 23,80 €",bon-plan,2026-07-02,Awin,awin1.com,"23,80 €",0,0,0,0,Améliorer la visibilité
bon-plan-carte-noire-smeg-broyeur-a-cafe-retro-design-carte-noire-juillet-2026,"SMEG BROYEUR À CAFÉ : 161,00 €",bon-plan,2026-07-02,Awin,awin1.com,"161,00 €",0,0,0,0,Améliorer la visibilité
bon-plan-cascho-montre-connectee-185-hd-bluetooth-promo-amazon-2026,CASCHO Montre Connectée 1.85 HD a -33% sur Amazon : smartwatch complète à 19 euros,bon-plan,2026-03-30,Amazon,Amazon,"19,99€",0,0,0,0,Améliorer la visibilité
bon-plan-cdiscount-aigostar-ross-smart-ventilateur-tour-97cm-wifi-bluetooth-juillet-2026,"Aigostar Ross Smart ventilateur tour 97 cm WiFi : 179,99 €",bon-plan,2026-07-02,Awin,awin1.com,"179,99 €",0,0,0,0,Améliorer la visibilité
bon-plan-cdiscount-ausom-gosoul-2-trottinette-electrique-10-pouces-1100w-70km-juillet-2026,Trottinette Ausom Gosoul 2 10 pouces 1100 W 70 km : 379 €,bon-plan,2026-07-17,Awin,awin1.com,379 €,0,0,0,0,Améliorer la visibilité
bon-plan-cdiscount-avdleu-velo-electrique-26-pouces-batterie-48v-shimano-7-vitesses-juillet-2026,"AVDLEU vélo électrique 26 pouces Shimano 7 v : 529,99 €",bon-plan,2026-07-02,Awin,awin1.com,"529,99 €",0,0,0,0,Améliorer la visibilité
bon-plan-cdiscount-avdleu-velo-electrique-tout-terrain-16-pouces-ados-adulte-juillet-2026,"AVDLEU Vélo Électrique Tout Terrain 16 pouces : 519,99 €",bon-plan,2026-07-08,Awin,awin1.com,"519,99 € au lieu de 899,99 €",0,0,0,0,Améliorer la visibilité
bon-plan-cdiscount-bealife-canape-convertible-lit-2-places-tissu-chenille-gris-juillet-2026,"Canapé convertible Bealife 2 places chenille gris : 253,99 €",bon-plan,2026-07-08,Awin,awin1.com,"253,99 € au lieu de 270,74 €",0,0,0,0,Améliorer la visibilité
bon-plan-cdiscount-beauty-of-joseon-relief-sun-creme-solaire-spf50-probiotique-riz-juillet-2026,"Beauty of Joseon Relief Sun SPF 50+ (2 pcs) : 13,82 €",bon-plan,2026-07-02,Awin,awin1.com,"13,82 €",0,0,0,0,Améliorer la visibilité
bon-plan-cdiscount-continental-edison-cell10140s3-lave-linge-10kg-induction-juillet-2026,"Continental Edison lave-linge 10 kg induction : 249,99 €",bon-plan,2026-07-02,Awin,awin1.com,"249,99 €",0,0,0,0,Améliorer la visibilité
bon-plan-cdiscount-continental-edison-refrigerateur-congelateur-251l-no-frost-inox-juillet-2026,"Continental Edison réfrigérateur 251 L No Frost inox : 269,99 €",bon-plan,2026-07-02,Awin,awin1.com,"269,99 €",0,0,0,0,Améliorer la visibilité
bon-plan-cdiscount-delonghi-dd230p-deshumidificateur-30l-jour-r290-blanc-juillet-2026,"Delonghi DD230P déshumidificateur 30 L/24h R290 blanc : 319,99 €",bon-plan,2026-07-02,Awin,awin1.com,"319,99 €",0,0,0,0,Améliorer la visibilité
bon-plan-cdiscount-deshumidificateur-2300ml-anti-moisissure-portable-degivrage-juillet-2026,"Déshumidificateur 2 300 ml anti-moisissure : 54,99 €",bon-plan,2026-07-02,Awin,awin1.com,"54,99 €",0,0,0,0,Améliorer la visibilité
bon-plan-cdiscount-elastoplast-premiers-secours-pommade-cicatrisante-20g-juillet-2026,"Elastoplast Premiers Secours pommade cicatrisante 20 g : 4,55 €",bon-plan,2026-07-02,Awin,awin1.com,"4,55 €",0,0,0,0,Améliorer la visibilité
bon-plan-cdiscount-farelek-maldives-ventilateur-plafond-reversible-107cm-4-pales-juillet-2026,"Farelek Maldives ventilateur plafond réversible 107 cm : 69,90 €",bon-plan,2026-07-02,Awin,awin1.com,"69,90 €",0,0,0,0,Améliorer la visibilité
bon-plan-cdiscount-gedtech-refrigerateur-multi-portes-gmp470bl-470l-noir-no-frost-juillet-2026,"GEDTECH réfrigérateur GMP470BL 470 L noir : 499,99 €",bon-plan,2026-07-08,Awin,awin1.com,"499,99 € au lieu de 539,99 €",0,0,0,0,Améliorer la visibilité
bon-plan-cdiscount-hom2seeker-deshumidificateur-electrique-12l-260w-45m2-juillet-2026,"Hom2Seeker déshumidificateur 12 L/jour 260 W : 112,99 €",bon-plan,2026-07-02,Awin,awin1.com,"112,99 €",0,0,0,0,Améliorer la visibilité
bon-plan-cdiscount-hoover-hwp-610ambc-lave-linge-10kg-1600trs-juillet-2026,"Hoover HWP 610AMBC lave-linge 10 kg Wi-Fi vapeur : 279,99 €",bon-plan,2026-07-02,Awin,awin1.com,"279,99 €",0,0,0,0,Améliorer la visibilité
bon-plan-cdiscount-hotpoint-nswm946ggfr-lave-linge-9kg-classe-a-graphite-juillet-2026,"Hotpoint NSWM946GGFR lave-linge 9 kg induction : 239,99 €",bon-plan,2026-07-02,Awin,awin1.com,"239,99 €",0,0,0,0,Améliorer la visibilité
bon-plan-cdiscount-iphone-reconditionne-13-14-15-16-promo-code-tel15d99-mai-2026,Cdiscount : iPhone reconditionnés du 13 au 16 dès 234 € + code -15 € TEL15D99,bon-plan,2026-07-24,Awin,tidd.ly,iPhone 13 dès 234 € — iPhone 14 dès 275 € — iPhone 15 dès 375 € — iPhone 16 dès 530 €,0,0,0,0,Améliorer la visibilité
bon-plan-cdiscount-iscooter-i12-trottinette-electrique-avec-siege-500w-35km-juillet-2026,"Trottinette Électrique iScooter i12 avec Siège 500 W : 259,99 €",bon-plan,2026-07-08,Awin,awin1.com,"259,99 € au lieu de 369,99 €",0,0,0,0,Améliorer la visibilité
bon-plan-cdiscount-kenwood-fdp22-robot-multifonction-650w-bol-1-3l-34-euros-mai-2026,"Robot multifonction Kenwood FDP22.000GY 650W bol 1,3L + accessoires à 34,99 € sur Cdiscount (-36%)",bon-plan,2026-05-16,Awin,tidd.ly,"34,99 € au lieu de 54,99 €",0,0,0,0,Améliorer la visibilité
bon-plan-cdiscount-knka-pro-aph3000-purificateur-air-cadr-300-aromatherapie-juillet-2026,"KNKA Pro APH3000 purificateur d'air 300 m³/h : 84,99 €",bon-plan,2026-07-02,Awin,awin1.com,"84,99 €",0,0,0,0,Améliorer la visibilité
bon-plan-cdiscount-kotezu-ventilateur-plafond-lumiere-132cm-dc-reversible-juillet-2026,"Kotezu ventilateur plafond 132 cm DC réversible : 149,99 €",bon-plan,2026-07-02,Awin,awin1.com,"149,99 €",0,0,0,0,Améliorer la visibilité
bon-plan-cdiscount-lego-star-wars-75400-microfighter-plo-koon-clone-wars-11-euros-mai-2026,"LEGO Star Wars 75400 Microfighter Chasseur Jedi de Plo Koon (Clone Wars) à 11,99 € sur Cdiscount (+ code -10€ dès 60€)",bon-plan,2026-07-02,Awin,tidd.ly,"11,99 € au lieu de 14,99 €",0,0,0,0,Améliorer la visibilité
bon-plan-cdiscount-lego-star-wars-75414-snowspeeder-flammes-35-euros-mai-2026,"LEGO Star Wars 75414 Le Snowspeeder en Flammes à 35,75 € sur Cdiscount au lieu de 49,99 € (+ code -10€ dès 60€)",bon-plan,2026-07-02,Awin,tidd.ly,"35,75 € au lieu de 49,99 €",0,0,0,0,Améliorer la visibilité
bon-plan-cdiscount-litiere-chat-autonettoyante-90l-app-anti-odeurs-juillet-2026,"Litière chat autonettoyante 90 L 2026 avec app : 214,00 € (-10 %)",bon-plan,2026-07-08,Awin,awin1.com,"214,00 € au lieu de 239,00 €",0,0,0,0,Améliorer la visibilité
bon-plan-cdiscount-metabo-av-18-ventilateur-sans-fil-18v-3-vitesses-juillet-2026,"Metabo AV 18 ventilateur sans fil 18 V télécommande : 104,02 €",bon-plan,2026-07-02,Awin,awin1.com,"104,02 €",0,0,0,0,Améliorer la visibilité
bon-plan-cdiscount-ninja-bn800eu-robot-multifonction-3-en-1-auto-iq-juillet-2026,"Ninja BN800EU robot multifonction 3-en-1 Auto-iQ : 139,99 €",bon-plan,2026-07-02,Awin,awin1.com,"139,99 €",0,0,0,0,Améliorer la visibilité
bon-plan-cdiscount-ninja-foodi-af200eu-friteuse-sans-huile-double-cuve-7-6l-juillet-2026,"Ninja Foodi AF200EU friteuse sans huile double cuve 7,6 L à 99,99 €",bon-plan,2026-07-24,Awin,awin1.com,"99,99 €",0,0,0,0,Améliorer la visibilité
bon-plan-cdiscount-philips-bxa0019-centrale-vapeur-serie-2000-6-bars-rase-bouloche-juillet-2026,"Philips BXA0019 centrale vapeur Série 2000 6 bars : 59,99 €",bon-plan,2026-07-02,Awin,awin1.com,"59,99 €",0,0,0,0,Améliorer la visibilité
bon-plan-cdiscount-philips-ep1200-machine-expresso-broyeur-serie-1200-juillet-2026,"Philips EP1200 machine expresso broyeur Série 1200 : 249,99 €",bon-plan,2026-07-02,Awin,awin1.com,"249,99 €",0,0,0,0,Améliorer la visibilité
bon-plan-cdiscount-philips-fc9330-aspirateur-sans-sac-900w-powercyclone-5-juillet-2026,"Philips FC9330 aspirateur sans sac 900 W PowerCyclone 5 : 69,69 €",bon-plan,2026-07-17,Awin,awin1.com,"69,69 €",0,0,0,0,Améliorer la visibilité
bon-plan-cdiscount-philips-gc7840-centrale-vapeur-perfectcare-6-5-bars-juillet-2026,"Philips GC7840 centrale vapeur PerfectCare 6,5 bars : 99,99 €",bon-plan,2026-07-02,Awin,awin1.com,"99,99 €",0,0,0,0,Améliorer la visibilité
bon-plan-cdiscount-philips-hr2041-blender-mixeur-serie-3000-450w-1-9l-juillet-2026,"Philips HR2041 blender mixeur Série 3000 450 W 1,9 L : 25,99 €",bon-plan,2026-07-02,Awin,awin1.com,"25,99 €",0,0,0,0,Améliorer la visibilité
bon-plan-cdiscount-philips-na150-friteuse-sans-huile-airfryer-serie-1000-7l-juillet-2026,"Philips NA150 Airfryer sans huile Série 1000 7 L : 119,99 €",bon-plan,2026-07-02,Awin,awin1.com,"119,99 €",0,0,0,0,Améliorer la visibilité
bon-plan-cdiscount-philips-senseo-csa240-select-cafetiere-dosette-beige-juillet-2026,"Philips Senseo CSA240 Select cafetière dosette beige : 69,99 €",bon-plan,2026-07-02,Awin,awin1.com,"69,99 €",0,0,0,0,Améliorer la visibilité
bon-plan-cdiscount-philips-senseo-hd6592-switch-cafetiere-dosette-filtre-juillet-2026,"Philips Senseo HD6592 Switch 2-en-1 dosette + filtre : 89,99 €",bon-plan,2026-07-02,Awin,awin1.com,"89,99 €",0,0,0,0,Améliorer la visibilité
bon-plan-cdiscount-pro-breeze-deshumidificateur-20l-jour-mode-sechage-vetements-juillet-2026,"Pro Breeze déshumidificateur 20 L/jour mode séchage : 129,99 €",bon-plan,2026-07-02,Awin,awin1.com,"129,99 €",0,0,0,0,Améliorer la visibilité
bon-plan-cdiscount-redroad-s2-robot-piscine-sans-fil-double-moteur-juillet-2026,"Redroad S2 robot piscine sans fil double moteur : 109,99 €",bon-plan,2026-07-22,Awin,awin1.com,"109,99 €",0,0,0,0,Améliorer la visibilité
bon-plan-cdiscount-rosnek-ventilateur-plafond-lumiere-6-pales-blanches-juillet-2026,"Rosnek ventilateur plafond 6 pales silencieux : 18,99 €",bon-plan,2026-07-18,Awin,awin1.com,"18,99 €",0,0,0,0,Améliorer la visibilité
bon-plan-cdiscount-rowenta-qu5030f0-eclipse-purificateur-ventilateur-12-vitesses-juillet-2026,"Rowenta Eclipse purificateur ventilateur 12 vit. : 199,99 €",bon-plan,2026-07-02,Awin,awin1.com,"199,99 €",0,0,0,0,Améliorer la visibilité
bon-plan-cdiscount-sencor-sdh-2028wh-deshumidificateur-mobile-intelligent-20l-juillet-2026,"Sencor SDH 2028WH déshumidificateur mobile 360 W 20 L : 149,99 €",bon-plan,2026-07-02,Awin,awin1.com,"149,99 €",0,0,0,0,Améliorer la visibilité
bon-plan-cdiscount-table-ovo-selsey-noyer-wisconsin-90x75x204-juillet-2026,"Table à manger Ovo Selsey Noyer Wisconsin 204 × 90 cm : 199,99 €",bon-plan,2026-07-08,Awin,awin1.com,"199,99 € au lieu de 259,99 €",0,0,0,0,Améliorer la visibilité
bon-plan-cdiscount-tefal-ingenio-emotion-batterie-cuisine-13-pieces-inox-juillet-2026,"Tefal Ingenio Emotion batterie cuisine 13 pièces inox : 89,99 €",bon-plan,2026-07-17,Awin,awin1.com,"89,99 €",0,0,0,0,Améliorer la visibilité
bon-plan-cdiscount-tefal-plancha-electrique-cb690d12-2300w-xxl-juillet-2026,"Tefal Plancha Électrique CB690D12 XXL 2300 W : 119,99 € (-29 %)",bon-plan,2026-07-08,Awin,awin1.com,"119,99 € au lieu de 169,99 €",0,0,0,0,Améliorer la visibilité
bon-plan-cdiscount-toshiba-55ua2363dg-tv-led-55-pouces-4k-uhd-dolby-vision-juillet-2026,Toshiba 55UA2363DG TV LED 55 pouces 4K UHD Dolby Vision : 373 €,bon-plan,2026-07-02,Awin,awin1.com,373 €,0,0,0,0,Améliorer la visibilité
bon-plan-cdiscount-tricycle-evolutif-enfant-1-a-5-ans-4-positions-bleu-juillet-2026,"Tricycle évolutif enfant 1-5 ans 4 positions rouge : 39,99 €",bon-plan,2026-07-17,Awin,awin1.com,"39,99 € au lieu de 44,99 €",0,0,0,0,Améliorer la visibilité
bon-plan-cdiscount-trousse-premiers-secours-rouge-portable-certifiee-ce-juillet-2026,"Trousse premiers secours portable rouge certifiée CE : 20,99 €",bon-plan,2026-07-02,Awin,awin1.com,"20,99 €",0,0,0,0,Améliorer la visibilité
bon-plan-cdiscount-vactechpro-aspirateur-balai-sans-fil-35kpa-6-en-1-54-euros-mai-2026,"VACTechPro Aspirateur balai sans fil 35 kPa 6-en-1 à 54,99 € sur Cdiscount au lieu de 129 € (-57%)",bon-plan,2026-05-16,Awin,tidd.ly,"54,99 € au lieu de 129 €",0,0,0,0,Améliorer la visibilité
bon-plan-cecotec-energysilence-520-power-white-ventilateur-pied-amazon-2026,"Cecotec EnergySilence 520 Power White ventilateur pied 5 pales à 44,90 €",bon-plan,2026-06-26,Amazon,Amazon,"44,90 €",0,0,0,0,Améliorer la visibilité
bon-plan-cecotec-energysilence-790-skyline-ventilateur-colonne-76cm-amazon-2026,"Cecotec EnergySilence 790 Skyline ventilateur colonne 76 cm à 44,90 €",bon-plan,2026-06-26,Amazon,Amazon,"44,90 €",0,0,0,0,Améliorer la visibilité
bon-plan-cecotec-energysilence-aero-4250-dc-fresh-ventilateur-plafond-amazon-2026,"Cecotec EnergySilence Aero 4250 DC Fresh ventilateur plafond + lumière 106 cm à 72,90 €",bon-plan,2026-06-26,Amazon,Amazon,"72,90 €",0,0,0,0,Améliorer la visibilité
bon-plan-cecotec-ventilateur-nebuliseur-energysilence-490-freshessence-73-euros,"Cecotec ventilateur nébuliseur EnergySilence 490 à 72,90€",bon-plan,2026-06-23,Amazon,Amazon,"72,90 euros",0,0,0,0,Améliorer la visibilité
bon-plan-cerave-baume-hydratant-12-euros-454g,"CeraVe Baume Hydratant 454 g à 13,49 € — Le Soin Culte",bon-plan,2026-07-07,Amazon,Amazon,"13,49 €",0,0,0,0,Améliorer la visibilité
bon-plan-chaise-longue-tectake-pliante-pare-soleil-amazon,"Chaise longue Tectake pliante + pare-soleil à 46,99 €",bon-plan,2026-06-27,Amazon,Amazon,"46,99€",0,0,0,0,Améliorer la visibilité
bon-plan-cherish-baby-care-kit-brosse-dents-bebe-3-24-mois-sans-bpa-5-euros,Cherish Baby Care kit brosse à dents bébé sans BPA à 5€,bon-plan,2026-06-23,Amazon,Amazon,"5,00 euros",0,0,0,0,Améliorer la visibilité
bon-plan-chicco-lot-4-bodies-bebe-coton-sans-manches-amazon-2026,"Chicco lot 4 bodies bébé sans manches 100% coton à 12,79 €",bon-plan,2026-06-26,Amazon,Amazon,"12,79 €",0,0,0,0,Améliorer la visibilité
bon-plan-chicco-sandales-bebe-fermeture-scratch-12-euros,"Chicco sandales bébé fermeture scratch à 11,60€",bon-plan,2026-06-23,Amazon,Amazon,"11,60 euros",0,0,0,0,Améliorer la visibilité
bon-plan-clarins-baume-beaute-eclair-2026,"Clarins Baume Beauté Éclair à 49,00 €",bon-plan,2026-07-24,Effiliation,track.effiliation.com,"49,00 €",0,0,0,0,Améliorer la visibilité
bon-plan-clarins-coffret-anti-age-homme-solde-juillet-2026,"Coffret Clarins Anti-Âge Homme : 52,50 € (-30 %)",bon-plan,2026-07-08,Effiliation,track.effiliation.com,"52,50 € au lieu de 75 €",0,0,0,0,Améliorer la visibilité
bon-plan-clarins-coffret-essentiels-maquillage-levres-yeux-solde-juillet-2026,"Coffret Clarins Essentiels Maquillage Lèvres & Yeux à 25,20 € (-30 %)",bon-plan,2026-07-15,Effiliation,track.effiliation.com,"25,20 €",0,0,0,0,Améliorer la visibilité
bon-plan-clarins-coffret-total-eye-lift-regard-anti-age-solde-juillet-2026,"Coffret Clarins Regard Total Eye Lift : 64,40 €",bon-plan,2026-07-08,Effiliation,track.effiliation.com,"64,40 € au lieu de 92 €",0,0,0,0,Améliorer la visibilité
bon-plan-clarins-creme-jeunesse-mains-edition-limitee-solde-juillet-2026,"Clarins Crème Jeunesse des Mains Édition Limitée à 9,80 € (-30 %)",bon-plan,2026-07-15,Effiliation,track.effiliation.com,"9,80 €",0,0,0,0,Améliorer la visibilité
bon-plan-clarins-men-lotion-apres-rasage-perfumes-club-juin-2026,"Clarins MEN lotion après-rasage 100 ml à 29,40 €",bon-plan,2026-06-30,Tradedoubler,clk.tradedoubler.com,"29,40 € au lieu de 43,50 € (~-32 %)",0,0,0,0,Améliorer la visibilité
bon-plan-clarins-re-boost-rich-creme-hydra-nourrissante-2026,"Clarins RE-BOOST Rich Crème Hydra-Nourrissante à 30,00 €",bon-plan,2026-07-24,Effiliation,track.effiliation.com,"30,00 €",0,0,0,0,Améliorer la visibilité
bon-plan-climatiseur-clipser-voiture-ventilateur-led-portable-amazon,"Climatiseur clipser voiture ventilateur LED portable à 14,99 €",bon-plan,2026-06-27,Amazon,Amazon,"14,99€",0,0,0,0,Améliorer la visibilité
bon-plan-climatiseur-clipser-voiture-ventilateur-led-semi-rabattable-2026-amazon,"Climatiseur clipser voiture ventilateur LED rabattable à 15,49 €",bon-plan,2026-06-27,Amazon,Amazon,"15,49€",0,0,0,0,Améliorer la visibilité
bon-plan-climatiseur-mobile-10l-12h-oscillation-60-amazon-2026,"Climatiseur mobile 10L minuterie 12h oscillation 60° silencieux à 169,99 €",bon-plan,2026-07-18,Amazon,Amazon,"169,99 €",0,0,0,0,Améliorer la visibilité
bon-plan-climatiseur-portable-3en1-ventilateur-mural-sans-pales-amazon-2026,Climatiseur portable 3-en-1 ventilateur mural sans pales à 62 €,bon-plan,2026-06-26,Amazon,Amazon,"62,00 €",0,0,0,0,Améliorer la visibilité
bon-plan-climatiseur-portable-confortable-9000-btu-r290-amazon-2026,Climatiseur portable 9000 BTU R290 confortable à 309 €,bon-plan,2026-06-26,Amazon,Amazon,"309,00 €",0,0,0,0,Améliorer la visibilité
bon-plan-climatiseur-portable-refroidisseur-air-pulverisation-amazon-2026,"Climatiseur portable rafraîchisseur d'air mode pulvérisation à 199,99 €",bon-plan,2026-06-26,Amazon,Amazon,"199,99 €",0,0,0,0,Améliorer la visibilité
bon-plan-clinique-tellement-differente-emulsion-hydratante-amazon-2026,"Clinique Tellement Différente émulsion 125 ml à 20,90 €",bon-plan,2026-06-30,Amazon,Amazon,"20,90 €",0,0,0,0,Améliorer la visibilité
bon-plan-coco-eve-kit-bronzage-sunny-honey-bali-moyen-43-euros,"Coco & Eve kit autobronzant Sunny Honey Bali moyen à 43,22€",bon-plan,2026-06-23,Amazon,Amazon,"43,22 euros",0,0,0,0,Améliorer la visibilité
bon-plan-cocosolis-ananas-huile-bronzage-bio-vitamine-e-100ml-27-euros,"Cocosolis Ananas huile bronzage bio vitamine E 100ml à 27,29€",bon-plan,2026-06-23,Amazon,Amazon,"27,29 euros",0,0,0,0,Améliorer la visibilité
bon-plan-cocosolis-choco-huile-bronzante-banc-solaire-110ml-19-euros,"Cocosolis Choco huile bronzante banc solaire 110ml à 18,88€",bon-plan,2026-06-23,Amazon,Amazon,"18,88 euros",0,0,0,0,Améliorer la visibilité
bon-plan-cocosolis-creme-solaire-spf50-huiles-bio-100ml-19-euros,"Cocosolis crème solaire SPF 50 huiles bio 100ml à 18,88€",bon-plan,2026-06-23,Amazon,Amazon,"18,88 euros",0,0,0,0,Améliorer la visibilité
bon-plan-cocunat-routine-volume-boucles-methode-curly-promo-amazon-2026,"COCUNAT Routine Volume Boucles à 67,10 € (-30 %) : kit méthode Curly complet",bon-plan,2026-07-25,Amazon,Amazon,"67,10 €",0,0,0,0,Améliorer la visibilité
bon-plan-coffret-miss-dior-edition-limitee-papillons-9743-euros-mai-2026,"Coffret Miss Dior parfum 50 ml + lait corps à 97,43 € (−25 %)",bon-plan,2026-06-05,Direct / autre,fnty.co,"97,43 € au lieu de 129,90 € (-25 %)",0,0,0,0,Améliorer la visibilité
bon-plan-coffret-ysl-mascara-volume-effet-faux-cils-3743-euros-mai-2026,"Coffret YSL Mascara Volume Effet Faux Cils à 37,43 € (−25 %)",bon-plan,2026-07-10,Direct / autre,fnty.co,"37,43 € au lieu de 49,90 € (-25 %)",0,0,0,0,Améliorer la visibilité
bon-plan-colgate-max-fresh-fruit-fusion-citron-vert-lot-6-dentifrice-7-euros-amazon-mai-2026,"Colgate Max Fresh Fruit Fusion citron vert : lot 6 tubes 75 ml à 7,21 € sur Amazon (-34%)",bon-plan,2026-05-16,Amazon,Amazon,"7,21 € au lieu de 11,00 €",0,0,0,0,Améliorer la visibilité
bon-plan-colgate-max-fresh-menthe-lot-6-dentifrice-6-euros-amazon-mai-2026,"Colgate Max Fresh Menthe : lot 6 tubes de dentifrice 75 ml à 6,08 € sur Amazon (-20%)",bon-plan,2026-05-16,Amazon,Amazon,"6,08 € au lieu de 7,60 €",0,0,0,0,Améliorer la visibilité
bon-plan-colgate-max-white-cristaux-blancheur-lot-12-tubes-75ml-17-euros,"Colgate Max White lot 12 × 75 ml à 17,27 € (1,44 €/tube)",bon-plan,2026-07-26,Amazon,Amazon,"17,27 €",0,0,0,0,Améliorer la visibilité
bon-plan-comfytemp-6-petites-poches-glace-enfant-amazon-2026,"Comfytemp 6 petites poches glace enfant chaud/froid dentition à 11,99 €",bon-plan,2026-07-07,Amazon,Amazon,"11,99 €",0,0,0,0,Améliorer la visibilité
bon-plan-comfytemp-lot-2-packs-glace-mollets-coude-amazon-2026,"Comfytemp lot 2 packs glace mollets coude réutilisable chaud/froid à 28,28 €",bon-plan,2026-06-26,Amazon,Amazon,"28,28 €",0,0,0,0,Améliorer la visibilité
bon-plan-comfytemp-lot-2-poches-glace-cheville-fasciite-amazon-2026,"Comfytemp lot 2 poches glace cheville fasciite plantaire pieds à 21,99 €",bon-plan,2026-06-26,Amazon,Amazon,"21,99 €",0,0,0,0,Améliorer la visibilité
bon-plan-comfytemp-poche-glace-reutilisable-27x37-sangle-amazon-2026,"Comfytemp poche de glace 27x37 avec sangle réutilisable chaud/froid à 19,84 €",bon-plan,2026-06-26,Amazon,Amazon,"19,84 €",0,0,0,0,Améliorer la visibilité
bon-plan-cosrx-acne-pimple-master-patch-yesstyle-juillet-2026,"COSRX Acne Pimple Master Patch : -75 % à 13,62 € YesStyle",bon-plan,2026-07-06,Awin,awin1.com,"13,62 € (au lieu de 55,02 €)",0,0,0,0,Améliorer la visibilité
bon-plan-cosrx-advanced-snail-96-mucin-essence-bundle-yesstyle-juillet-2026,"COSRX Advanced Snail 96 Mucin Essence Duo : -36 % à 33,60 €",bon-plan,2026-07-14,Awin,awin1.com,"33,60 €",0,0,0,0,Améliorer la visibilité
bon-plan-cosrx-bha-blackhead-24-euros-au-lieu-de-30,COSRX BHA Blackhead Power Liquid à 24 € au lieu de 30 € sur YesStyle (-20 %),bon-plan,2026-07-25,Awin,awin1.com,"24,00 €",0,0,0,0,Améliorer la visibilité
bon-plan-cosrx-snail-cream-24-euros-au-lieu-de-31,"COSRX Snail 92 All In One Cream à 24,80 € au lieu de 31 € sur YesStyle (-20 %)",bon-plan,2026-07-25,Awin,awin1.com,"24,80 €",0,0,0,0,Améliorer la visibilité
bon-plan-cosrx-snail-gel-cleanser-18-euros-au-lieu-de-23,"COSRX Snail Mucin Gel Cleanser à 18,40 € au lieu de 23 € sur YesStyle (-20 %)",bon-plan,2026-07-25,Awin,awin1.com,"18,40 €",0,0,0,0,Améliorer la visibilité
bon-plan-cosrx-ultra-light-invisible-sunscreen-bundle-yesstyle-juillet-2026,"COSRX Ultra Light Invisible Sunscreen Duo : -44 % à 23,51 €",bon-plan,2026-07-06,Awin,awin1.com,"23,51 € (au lieu de 42 €)",0,0,0,0,Améliorer la visibilité
bon-plan-cosrx-ultra-light-invisible-sunscreen-spf50-12-euros,COSRX Ultra Light Invisible Sunscreen SPF 50 PA++++ à 12€,bon-plan,2026-06-23,Amazon,Amazon,"12,00 euros",0,0,0,0,Améliorer la visibilité
bon-plan-costway-grand-parasol-jardin-double-400x200cm-amazon-2026,"Costway grand parasol jardin double 400x200 cm 8 personnes à 109,47 €",bon-plan,2026-06-26,Amazon,Amazon,"109,47 €",0,0,0,0,Améliorer la visibilité
bon-plan-creality-falcon-a1-graveur-decoupeur-laser-10w-fda-classe-1-camera-juin-2026,Creality Falcon A1 graveur découpeur laser 10 W à 409 €,bon-plan,2026-07-24,Direct / autre,ttanalytics.zigbuy.fr,"409,00 € paiement en 3 ou 4 fois PayPal",0,0,0,0,Améliorer la visibilité
bon-plan-create-air-stand-wood-ventilateur-pied-noir-50w-amazon-2026,"CREATE AIR STAND WOOD ventilateur pied design noir 50 W à 67,95 €",bon-plan,2026-06-26,Amazon,Amazon,"67,95 €",0,0,0,0,Améliorer la visibilité
bon-plan-create-windcalm-dc-ventilateur-plafond-noir-132cm-amazon-2026,"CREATE WINDCALM DC ventilateur plafond noir 132 cm 6 vitesses minuterie à 84,95 €",bon-plan,2026-06-26,Amazon,Amazon,"84,95 €",0,0,0,0,Améliorer la visibilité
bon-plan-create-windcalm-m-ventilateur-plafond-abs-telecommande-85-euros,"Create WINDCALM M ventilateur plafond ABS télécommande à 84,95€",bon-plan,2026-06-23,Amazon,Amazon,"84,95 euros",0,0,0,0,Améliorer la visibilité
bon-plan-darty-acer-aspire-go-15-ryzen-5-8-512go-portable-15-pouces-juillet-2026,"PC portable Acer Aspire Go 15 Ryzen 5 8/512 Go : 459,99 €",bon-plan,2026-07-02,Awin,awin1.com,"459,99 €",0,0,0,0,Améliorer la visibilité
bon-plan-darty-apple-macbook-air-i3-8-256go-reconditionne-13-pouces-gris-sideral-juillet-2026,MacBook Air Intel i3 8 Go 256 Go reconditionné : 359 €,bon-plan,2026-07-02,Awin,awin1.com,359 €,0,0,0,0,Améliorer la visibilité
bon-plan-darty-apple-macbook-air-m1-8-256go-reconditionne-13-pouces-gris-juillet-2026,MacBook Air M1 8 Go 256 Go reconditionné (2020) : 519 €,bon-plan,2026-07-02,Awin,awin1.com,519 €,0,0,0,0,Améliorer la visibilité
bon-plan-darty-bosch-sms25aw09f-lave-vaisselle-12-couverts-serie-2-juillet-2026,"Bosch SMS25AW09F lave-vaisselle 12 couverts : 399,99 €",bon-plan,2026-07-02,Awin,awin1.com,"399,99 €",0,0,0,0,Améliorer la visibilité
bon-plan-darty-dyson-corrale-hs07-lisseur-sans-fil-bleu-rose-poudre-reconditionne-juillet-2026,Dyson Corrale lisseur sans fil reconditionné à 299 € (-34 %),bon-plan,2026-07-26,Awin,awin1.com,"299 € au lieu de 449,99 € (-34 %)",0,0,0,0,Améliorer la visibilité
bon-plan-darty-electrolux-eof4p46h-four-encastrable-serie-500-pyrolyse-72l-juillet-2026,"Electrolux EOF4P46H four pyrolyse 72 L : 449,99 €",bon-plan,2026-07-02,Awin,awin1.com,"449,99 €",0,0,0,0,Améliorer la visibilité
bon-plan-darty-evercross-u8-robot-piscine-sans-fil-120min-200m2-4-moteurs-juillet-2026,"EverCross U8 robot piscine sans fil 120 min 200 m² : 349,99 €",bon-plan,2026-07-02,Awin,awin1.com,"349,99 €",0,0,0,0,Améliorer la visibilité
bon-plan-darty-moulinex-plancha-accessimo-1800w-juin-2026,"Plancha Moulinex Accessimo 1800W 900 cm² à 36,99€ chez Darty (-26%)",bon-plan,2026-06-15,Awin,tidd.ly,"36,99€ au lieu de 49,99€ (-26%)",0,0,0,0,Améliorer la visibilité
bon-plan-darty-ninja-artisan-four-pizza-exterieur-mo201eu-1760w-juillet-2026,"Ninja Artisan Four à Pizza Polyvalent d'Extérieur MO201EU chez Darty à 259,99 € (-26 %)",bon-plan,2026-07-24,Awin,awin1.com,"259,99 € (au lieu de 349,99 €, -26 %)",0,0,0,0,Améliorer la visibilité
bon-plan-darty-ninja-creami-nc302eu-sorbetiere-juin-2026,"Ninja Creami sorbetière Darty à 179,99€ au lieu de 229,99€ (-21%)",bon-plan,2026-07-13,Awin,tidd.ly,"179,99€ au lieu de 229,99€ (-21%)",0,0,0,0,Améliorer la visibilité
bon-plan-darty-ninja-foodi-flexdrawer-af500eu-friteuse-sans-huile-double-zone-juillet-2026,"Ninja Foodi FlexDrawer Friteuse Sans Huile AF500EU 10,4 L chez Darty à 179,99 € (-33 %)",bon-plan,2026-07-24,Awin,awin1.com,"179,99 € (au lieu de 269,99 €, -33 %)",0,0,0,0,Améliorer la visibilité
bon-plan-darty-ninja-foodi-hb150eu-blender-chauffant-auto-iq-2en1-juillet-2026,"Ninja Foodi HB150EU Blender Chauffant AUTO-IQ 2-en-1 chez Darty à 169,99 €",bon-plan,2026-07-24,Awin,awin1.com,"169,99 €",0,0,0,0,Améliorer la visibilité
bon-plan-darty-ninja-woodfire-pro-connect-bbq-fumoir-juin-2026,"Ninja Woodfire Pro Connect barbecue + fumoir Darty à 369,99 €",bon-plan,2026-07-13,Awin,tidd.ly,"369,99 €",0,0,0,0,Améliorer la visibilité
bon-plan-darty-rosieres-rfc3o5879inp-four-encastrable-pyrolyse-70l-tournebroche-juillet-2026,"Rosières RFC3O5879INP four pyrolyse 70 L tournebroche : 299,99 €",bon-plan,2026-07-02,Awin,awin1.com,"299,99 €",0,0,0,0,Améliorer la visibilité
bon-plan-darty-samsung-galaxy-tab-a11-plus-128go-tablette-book-cover-hybride-juillet-2026,"Samsung Galaxy Tab A11+ 11 pouces 128 Go + Book Cover : 259,99 €",bon-plan,2026-07-02,Awin,awin1.com,"259,99 €",0,0,0,0,Améliorer la visibilité
bon-plan-darty-ultenic-uf18-pro-aspirateur-balai-sans-fil-600w-70kpa-greeneye-juillet-2026,"Ultenic UF18 Pro aspirateur balai 70Kpa GreenEye : 114,99 €",bon-plan,2026-07-02,Awin,awin1.com,"114,99 €",0,0,0,0,Améliorer la visibilité
bon-plan-darty-xiaomi-redmi-pad-2-play-128go-tablette-kids-pack-coque-stylet-juillet-2026,"Xiaomi Redmi Pad 2 Play 11 pouces 128 Go pack enfant : 209,99 €",bon-plan,2026-07-24,Awin,awin1.com,"209,99 €",0,0,0,0,Améliorer la visibilité
bon-plan-dell-16-laptop-fhd-core-7-16go-1to-ssd-windows-11-amazon-2026,Dell 16 Laptop Intel Core 7 16 Go RAM 1 To SSD Windows 11 à 599 €,bon-plan,2026-06-26,Amazon,Amazon,"599,00 €",0,0,0,0,Améliorer la visibilité
bon-plan-delonghi-magnifica-s-ecam11112b-machine-cafe-automatique-noir-280-euros,"De'Longhi Magnifica S ECAM11.112.B machine café auto à 279,98€",bon-plan,2026-06-23,Amazon,Amazon,"279,98 euros",0,0,0,0,Améliorer la visibilité
bon-plan-deodar-lot-2-oreillers-memoire-40x80-rafraichissant-amazon-2026,"Deodar lot 2 oreillers 40x80 mousse mémoire rafraîchissants ergonomique à 46,60 €",bon-plan,2026-07-18,Amazon,Amazon,"46,60 €",0,0,0,0,Améliorer la visibilité
bon-plan-derila-ergo-oreiller-papillon-memoire-forme-cervical-rafraichissant-amazon-2026,"Derila Ergo oreiller papillon mémoire forme cervical rafraîchissant à 49,99 €",bon-plan,2026-06-26,Amazon,Amazon,"49,99 €",0,0,0,0,Améliorer la visibilité
bon-plan-dghrti-tablette-10-pouces-android-85-euros-amazon-mai-2026,"Tablette Dghrti 10 pouces Android 22 Go + 128 Go avec clavier souris à 85,99 € sur Amazon (-64%)",bon-plan,2026-05-16,Amazon,Amazon,"85,99 € au lieu de 239,99 €",0,0,0,0,Améliorer la visibilité
bon-plan-disney-coffret-princesse-belle-chien-toiletter-amazon-2026,Disney coffret Princesse Belle + chien à toiletter à 9 €,bon-plan,2026-07-02,Amazon,Amazon,"9,00 €",0,0,0,0,Améliorer la visibilité
bon-plan-distributeur-croquettes-chat-automatique-minuterie-amazon,"Distributeur croquettes chat automatique avec minuterie à 39,99 €",bon-plan,2026-07-22,Amazon,Amazon,"39,99€",0,0,0,0,Améliorer la visibilité
bon-plan-distributeur-eau-3-en-1-fantask-machine-glacons-chaude-froide-amazon,"Distributeur eau 3-en-1 Fantask machine à glaçons à 231,84 €",bon-plan,2026-06-27,Amazon,Amazon,"231,84€",0,0,0,0,Améliorer la visibilité
bon-plan-dolce-gusto-neo-krups-machine-69-euros-remboursee-dosettes-mai-2026,Dolce Gusto NEO Krups à 69 € + 100% remboursée en dosettes,bon-plan,2026-06-18,Awin,tidd.ly,69€ au lieu de 89€ + 100% remboursée en bons dosettes,0,0,0,0,Améliorer la visibilité
bon-plan-dr-althea-green-tea-fresh-sunscreen-k-beauty-15-euros,"Dr.Althea Green Tea Fresh Sunscreen K-Beauty à 14,55€",bon-plan,2026-06-23,Amazon,Amazon,"14,55 euros",0,0,0,0,Améliorer la visibilité
bon-plan-dr-pierre-ricaud-creme-anti-rides-comblante-2026,"Dr Pierre Ricaud Crème anti-rides comblante à 28,50 €",bon-plan,2026-07-24,Awin,awin1.com,"28,50 €",0,0,0,0,Améliorer la visibilité
bon-plan-dr-pierre-ricaud-creme-anti-rides-comblante-acide-hyaluronique-galanga-bio-27-euros,"Dr Pierre Ricaud crème anti-rides comblante galanga bio à 27,07€",bon-plan,2026-06-23,Amazon,Amazon,"27,07 euros",0,0,0,0,Améliorer la visibilité
bon-plan-dr-pierre-ricaud-creme-anti-rides-multi-sensibilites-2026,"Dr Pierre Ricaud Crème anti-rides multi-sensibilités à 51,90 €",bon-plan,2026-07-24,Awin,awin1.com,"51,90 €",0,0,0,0,Améliorer la visibilité
bon-plan-dr-pierre-ricaud-creme-anti-rides-spf30-2026,"Dr Pierre Ricaud Crème anti-rides SPF30 à 21,50 €",bon-plan,2026-07-24,Awin,awin1.com,"21,50 €",0,0,0,0,Améliorer la visibilité
bon-plan-dr-pierre-ricaud-creme-anti-rides-spf30-acide-hyaluronique-aloe-bio-20-euros,"Dr Pierre Ricaud crème anti-rides SPF 30 à 20,41€",bon-plan,2026-06-23,Amazon,Amazon,"20,41 euros",0,0,0,0,Améliorer la visibilité
bon-plan-dr-pierre-ricaud-creme-anti-taches-nourrissante-anti-rides-2026,"Dr Pierre Ricaud Crème anti-taches, nourrissante, anti-rides à 34,10 €",bon-plan,2026-07-24,Awin,awin1.com,"34,10 €",0,0,0,0,Améliorer la visibilité
bon-plan-dr-pierre-ricaud-creme-de-nuit-regeneration-supreme-collector-2026,"Dr Pierre Ricaud Crème de nuit régénération suprême - COLLECTOR à 25,90 €",bon-plan,2026-07-24,Awin,awin1.com,"25,90 €",0,0,0,0,Améliorer la visibilité
bon-plan-dr-pierre-ricaud-creme-glow-eclat-lissage-anti-taches-2026,"Dr Pierre Ricaud Crème-glow éclat, lissage, anti-taches à 51,90 €",bon-plan,2026-07-24,Awin,awin1.com,"51,90 €",0,0,0,0,Améliorer la visibilité
bon-plan-dr-pierre-ricaud-creme-lifting-cou-et-decollete-2026,"Dr Pierre Ricaud Crème lifting cou et décolleté à 12,20 €",bon-plan,2026-07-24,Awin,awin1.com,"12,20 €",0,0,0,0,Améliorer la visibilité
bon-plan-dr-pierre-ricaud-creme-lifting-cou-et-decollete-edition-collector-2026,"Dr Pierre Ricaud Crème lifting cou et décolleté édition collector à 27,00 €",bon-plan,2026-07-24,Awin,awin1.com,"27,00 €",0,0,0,0,Améliorer la visibilité
bon-plan-dr-pierre-ricaud-creme-lifting-raffermissante-booster-collagenes-et-elastine-2026,"Dr Pierre Ricaud Crème lifting raffermissante booster collagènes et élastine à 51,90 €",bon-plan,2026-07-24,Awin,awin1.com,"51,90 €",0,0,0,0,Améliorer la visibilité
bon-plan-dr-pierre-ricaud-creme-rehydratante-24h-anti-pollution-2026,"Dr Pierre Ricaud Crème réhydratante 24h anti-pollution à 41,00 €",bon-plan,2026-07-24,Awin,awin1.com,"41,00 €",0,0,0,0,Améliorer la visibilité
bon-plan-dr-pierre-ricaud-creme-riche-nutrition-intense-et-reconfort-2026,"Dr Pierre Ricaud Crème riche nutrition intense et réconfort à 41,00 €",bon-plan,2026-07-24,Awin,awin1.com,"41,00 €",0,0,0,0,Améliorer la visibilité
bon-plan-dr-pierre-ricaud-essence-de-beaute-cure-sublimes-perles-grand-confort-2026,"Dr Pierre Ricaud Essence de beauté Cure sublimes perles grand confort à 55,90 €",bon-plan,2026-07-24,Awin,awin1.com,"55,90 €",0,0,0,0,Améliorer la visibilité
bon-plan-dr-pierre-ricaud-trio-soins-cultes-defroisseurs-2026,"Dr Pierre Ricaud Trio soins cultes défroisseurs à 49,00 €",bon-plan,2026-07-24,Awin,awin1.com,"49,00 €",0,0,0,0,Améliorer la visibilité
bon-plan-dr-pierre-ricaud-trousse-decouverte-rayee-prescription-anti-rides-2026,"Dr Pierre Ricaud Trousse découverte rayée prescription anti-rides à 21,90 €",bon-plan,2026-07-24,Awin,awin1.com,"21,90 €",0,0,0,0,Améliorer la visibilité
bon-plan-dr-pierre-ricaud-trousse-decouverte-rayee-prescription-corps-2026,"Dr Pierre Ricaud Trousse découverte rayée prescription corps à 21,90 €",bon-plan,2026-07-24,Awin,awin1.com,"21,90 €",0,0,0,0,Améliorer la visibilité
bon-plan-dr-pierre-ricaud-trousse-decouverte-rayee-prescription-glow-jour-et-nuit-2026,"Dr Pierre Ricaud Trousse découverte rayée prescription glow jour et nuit à 21,90 €",bon-plan,2026-07-24,Awin,awin1.com,"21,90 €",0,0,0,0,Améliorer la visibilité
bon-plan-dreo-smart-ventilateur-pied-25db-telecommande-6-modes-amazon-2026,"DREO Smart ventilateur pied 25 dB silencieux portée 30 m oscillation 120° à 144,49 €",bon-plan,2026-06-26,Amazon,Amazon,"144,49 €",0,0,0,0,Améliorer la visibilité
bon-plan-eco-worthy-kit-panneau-solaire-25w-12v-mono-support-amazon-2026,"ECO-WORTHY kit panneau solaire 25W 12V mono + support + contrôleur à 47,49 €",bon-plan,2026-07-13,Amazon,Amazon,"47,49 €",0,0,0,0,Améliorer la visibilité
bon-plan-ecoflow-wave-3-climatiseur-portable-749-euros,Batterie EcoFlow WAVE 3 pour climatiseur portable : 699 €,bon-plan,2026-07-18,Amazon,Amazon,"699,00 €",0,0,0,0,Améliorer la visibilité
bon-plan-ecovacs-t50-omni-gen2-aspirateur-robot-station-21000pa-285-euros,Ecovacs T50 Omni Gen2 robot aspirateur laveur 21000Pa station à 285€,bon-plan,2026-06-23,Amazon,Amazon,"285,00 euros",0,0,0,0,Améliorer la visibilité
bon-plan-efimeso-feutres-acryliques-80-couleurs-promo-amazon-2026,Efimeso 80 Feutres Acryliques a -43% sur Amazon : le coffret complet à 18 euros,bon-plan,2026-03-30,Amazon,Amazon,"18,17€",0,0,0,0,Améliorer la visibilité
bon-plan-elizabeth-arden-prestige-fragrance-coffret-3-piece-1725-euros-mai-2026,"Bon plan : coffret 3 parfums Elizabeth Arden Red Door + White Tea + Green Tea à 17,25€ (au lieu de 28,75€, -40%)",bon-plan,2026-07-10,Awin,tidd.ly,"17,25€ au lieu de 28,75€ (-40%)",0,0,0,0,Améliorer la visibilité
bon-plan-epicooler-climatiseur-mural-reversible-split-amazon-2026,"Epicooler ventilateur mural réversible split avec télécommande à 104,99 €",bon-plan,2026-06-26,Amazon,Amazon,"104,99 €",0,0,0,0,Améliorer la visibilité
bon-plan-epicooler-climatiseur-ventilateur-mural-telecommande-amazon-2026,"Epicooler ventilateur mural climatiseur réversible avec télécommande à 58,99 €",bon-plan,2026-06-26,Amazon,Amazon,"58,99 €",0,0,0,0,Améliorer la visibilité
bon-plan-euhomy-climatiseur-mobile-9000btu-2-6kw-4-en-1-221-euros,"Euhomy climatiseur mobile 9000 BTU 2,6 kW 4 en 1 à 220,99€",bon-plan,2026-06-23,Amazon,Amazon,"220,99 euros",0,0,0,0,Améliorer la visibilité
bon-plan-evoluderm-atomiseur-eau-pure-vegan-french-3x400ml-amazon-2026,Evoluderm atomiseur eau pure 3x400 ml végan fabrication française à 15 €,bon-plan,2026-06-30,Amazon,Amazon,15 €,0,0,0,0,Améliorer la visibilité
bon-plan-extrastar-ventilateur-pied-reglable-oscillation-amazon-2026,"Extrastar ventilateur sur pied réglable oscillation 90° à 35,99 €",bon-plan,2026-06-26,Amazon,Amazon,"35,99 €",0,0,0,0,Améliorer la visibilité
bon-plan-fila-disruptor-low-baskets-femme-amazon-2026,"Fila Disruptor Low baskets femme à 47,11 €",bon-plan,2026-06-26,Amazon,Amazon,"47,11 €",0,0,0,0,Améliorer la visibilité
bon-plan-fila-morro-bay-pantoufles-enfant-amazon-2026,"Fila Morro Bay pantoufles unisexes enfant à 10,64 €",bon-plan,2026-06-26,Amazon,Amazon,"10,64 €",0,0,0,0,Améliorer la visibilité
bon-plan-fishtec-ventilateur-bureau-sans-fil-telescopique-30db-amazon-2026,"Fishtec ventilateur de bureau sans fil télescopique 30 dB à 34,99 €",bon-plan,2026-06-26,Amazon,Amazon,"34,99 €",0,0,0,0,Améliorer la visibilité
bon-plan-fisura-eventail-bois-dolce-vita-noir-amazon-2026,"Fisura éventail bois 'Dolce Vita' noir avec crochet à 8,99 €",bon-plan,2026-06-26,Amazon,Amazon,"8,99 €",0,0,0,0,Améliorer la visibilité
bon-plan-fisura-eventail-brille-rose-amazon-2026,"Fisura éventail Brille rose 27 cm accessoire mode original à 8,99 €",bon-plan,2026-06-26,Amazon,Amazon,"8,99 €",0,0,0,0,Améliorer la visibilité
bon-plan-flowen-coussins-canape-lot-4-promo-amazon-2026,"Flowen lot de 4 coussins canape a -44% sur Amazon : antiallergiques, anti-acariens, certifies OEKO-TEX",bon-plan,2026-03-29,Amazon,Amazon,"18,88€",0,0,0,0,Améliorer la visibilité
bon-plan-flowen-oreillers-lot-2-antiallergique-rafraichissant-promo-amazon-2026,Flowen Oreillers 50x70 Lot de 2 a -35% sur Amazon : anti-acariens et rafraîchissants pour 21 euros,bon-plan,2026-03-30,Amazon,Amazon,"21,93€",0,0,0,0,Améliorer la visibilité
bon-plan-fontaine-boisson-verre-home-deco-factory-robinet-amazon,"Fontaine à boisson Home Deco Factory verre + robinet à 15,99 €",bon-plan,2026-06-27,Amazon,Amazon,"15,99€",0,0,0,0,Améliorer la visibilité
bon-plan-fontaine-eau-chat-automatique-2-2l-led-silencieuse-amazon,"Fontaine à eau chat 2,2 L LED ultra silencieuse à 16,88 €",bon-plan,2026-06-27,Amazon,Amazon,"16,88€",0,0,0,0,Améliorer la visibilité
bon-plan-fontaine-eau-chat-feelneedy-3l-silencieuse-distributeur-automatique-amazon,"Fontaine à eau chat FeelNeedy 3 L silencieuse à 23,99 €",bon-plan,2026-06-27,Amazon,Amazon,"23,99€",0,0,0,0,Améliorer la visibilité
bon-plan-fontaine-eau-chat-feelneedy-inox-3-5l-robinet-amazon,"Fontaine à eau chat FeelNeedy inox 3,5 L + robinet à 35,99 €",bon-plan,2026-06-27,Amazon,Amazon,"35,99€",0,0,0,0,Améliorer la visibilité
bon-plan-fontaine-eau-chat-inox-automatique-fenetre-niveau-amazon,"Fontaine eau chat inox automatique avec fenêtre niveau à 26,99 €",bon-plan,2026-06-27,Amazon,Amazon,"26,99€",0,0,0,0,Améliorer la visibilité
bon-plan-fontaine-eau-chat-invengo-inox-3-2l-silencieuse-amazon,"Fontaine à eau chat Invengo inox 3,2 L silencieuse à 25,99 €",bon-plan,2026-06-27,Amazon,Amazon,"25,99€",0,0,0,0,Améliorer la visibilité
bon-plan-fontaine-eau-chat-pawpoll-2-2l-silencieuse-filtre-charbon-amazon,"Fontaine à eau chat PawPoll 2,2 L silencieuse à 19,99 €",bon-plan,2026-06-27,Amazon,Amazon,"19,99€",0,0,0,0,Améliorer la visibilité
bon-plan-francoise-saget-soldes-ete-2026-jusqu-70-pourcent-linge-maison-1-achete-1-offert,Soldes Françoise Saget été 2026 : jusqu'à -70 % + 1 acheté = 1 offert + 10 € offerts,bon-plan,2026-07-16,Direct / autre,aye.francoisesaget.com,Dès -30 %,0,0,0,0,Améliorer la visibilité
bon-plan-fretta-extracteur-jus-slow-juicer-108mm-1l-76-euros,"Fretta extracteur jus slow juicer 108mm 1L à 75,99€",bon-plan,2026-06-23,Amazon,Amazon,"75,99 euros",0,0,0,0,Améliorer la visibilité
bon-plan-garmin-instinct-3-amoled-50mm-amazon-2026,"Garmin Instinct 3 AMOLED 50 mm Noir/Bleu à 373,17 €",bon-plan,2026-07-13,Amazon,Amazon,"373,17 €",0,0,0,0,Améliorer la visibilité
bon-plan-garnier-ambre-solaire-aqua-fluide-invisible-spf50-acide-hyaluronique-7-euros,"Garnier Ambre Solaire aqua fluide invisible SPF 50 à 6,55€",bon-plan,2026-06-23,Amazon,Amazon,"6,55 euros",0,0,0,0,Améliorer la visibilité
bon-plan-garnier-ambre-solaire-aqua-fluide-teinte-acide-hyaluronique-spf50-9-euros,"Garnier Ambre Solaire aqua fluide teinté SPF 50 à 8,69€",bon-plan,2026-06-23,Amazon,Amazon,"8,69 euros",0,0,0,0,Améliorer la visibilité
bon-plan-garnier-ambre-solaire-lait-apres-soleil-aloe-vera-175ml-5-euros,"Garnier Ambre Solaire lait après-soleil Aloe Vera 175ml à 5,08€",bon-plan,2026-06-23,Amazon,Amazon,"5,08 euros",0,0,0,0,Améliorer la visibilité
bon-plan-garnier-ambre-solaire-natural-bronzer-brume-autobronzante-150ml-10-euros,"Garnier Ambre Solaire Natural Bronzer brume 150ml à 10,33€",bon-plan,2026-07-07,Amazon,Amazon,"10,33 euros",0,0,0,0,Améliorer la visibilité
bon-plan-garnier-skinactive-vitamine-c-wonder-tint-fluide-teinte-spf50-10-euros,"Garnier SkinActive Vitamine C Wonder Tint SPF 50+ à 9,94€",bon-plan,2026-06-23,Amazon,Amazon,"9,94 euros",0,0,0,0,Améliorer la visibilité
bon-plan-gemo-soldes-ete-2026-jusqu-a-moins-50-pourcent-mode-famille,Soldes Gémo -50 % et plus : la 3e démarque jusqu'au 28 juillet,bon-plan,2026-07-21,Direct / autre,ava.gemo.fr,Jusqu'à -50 % et plus,0,0,0,0,Améliorer la visibilité
bon-plan-ghd-chronos-lisseur-275-euros-au-lieu-de-339,"Lisseur GHD Chronos à 254,97 € (le plus rapide GHD)",bon-plan,2026-07-07,Amazon,Amazon,"254,97 €",0,0,0,0,Améliorer la visibilité
bon-plan-ghd-gold-lisseur-169-euros-au-lieu-de-219,"Lisseur GHD Gold à 137,99 € au lieu de 219 € (-37 %)",bon-plan,2026-06-10,Amazon,Amazon,"137,99 €",0,0,0,0,Améliorer la visibilité
bon-plan-gillette-labs-body-intimate-rasoir-3-cartouches-noir-17-euros,"Gillette Labs Body + Intimate rasoir 3 cartouches noir à 16,50€",bon-plan,2026-06-23,Amazon,Amazon,"16,50 euros",0,0,0,0,Améliorer la visibilité
bon-plan-gillette-labs-body-intimate-tondeuse-homme-i5-etanche-coffret-42-euros,"Gillette Labs Body + Intimate tondeuse i5 étanche à 41,90€",bon-plan,2026-06-23,Amazon,Amazon,"41,90 euros",0,0,0,0,Améliorer la visibilité
bon-plan-gisinti-poche-glace-chaud-froid-pochette-tissu-amazon-2026,"Gisinti poche glace chaud/froid réutilisable + pochette tissu à 10,90 €",bon-plan,2026-06-26,Amazon,Amazon,"10,90 €",0,0,0,0,Améliorer la visibilité
bon-plan-glaciere-electrique-igloo-portable-amazon,"Glacière électrique Igloo portable à 61,66 €",bon-plan,2026-06-27,Amazon,Amazon,"61,66€",0,0,0,0,Améliorer la visibilité
bon-plan-glaciere-electrique-vevor-35l-compresseur-voiture-amazon,Glacière à compresseur Vevor 35 L pour voiture à 178 €,bon-plan,2026-06-27,Amazon,Amazon,"178,00€",0,0,0,0,Améliorer la visibilité
bon-plan-glymnis-tente-plage-anti-uv-upf-50-pop-up-amazon-2026,"Glymnis tente de plage anti-UV UPF 50+ pop-up facile à installer à 36,99 €",bon-plan,2026-06-26,Amazon,Amazon,"36,99 €",0,0,0,0,Améliorer la visibilité
bon-plan-glymnis-tente-plage-pop-up-porte-glissiere-upf-50-amazon-2026,"Glymnis tente plage pop-up porte glissière UPF 50+ vent à 36,09 €",bon-plan,2026-06-26,Amazon,Amazon,"36,09 €",0,0,0,0,Améliorer la visibilité
bon-plan-google-pixel-10-pro-smartphone-android-debloque-gemini-ia-699-euros,Google Pixel 10 Pro smartphone débloqué Gemini IA à 699 € (-7 %),bon-plan,2026-07-24,Amazon,Amazon,699 € au lieu de 749 € (-7 %),0,0,0,0,Améliorer la visibilité
bon-plan-google-pixel-watch-4-41mm-aluminium-suivi-sante-369-euros,Google Pixel Watch 4 41mm aluminium suivi santé à 369€,bon-plan,2026-06-23,Amazon,Amazon,"369,00 euros",0,0,0,0,Améliorer la visibilité
bon-plan-google-pixel-watch-montre-connectee-promo-amazon-2026,"Google Pixel Watch à 65,59 € au lieu de 270,58 € (-76%)",bon-plan,2026-06-18,Amazon,Amazon,"65,59 €",0,0,0,0,Améliorer la visibilité
bon-plan-gourde-isotherme-inox-2l-pailles-3-couvercles-amazon,"Gourde isotherme 2 L inox + 3 couvercles + pailles à 38,99 €",bon-plan,2026-06-27,Amazon,Amazon,"38,99€",0,0,0,0,Améliorer la visibilité
bon-plan-gourde-transparente-sigg-tritan-total-clear-one-amazon,"Gourde transparente Sigg Tritan Total Clear ONE à 29,95 €",bon-plan,2026-06-27,Amazon,Amazon,"29,95€",0,0,0,0,Améliorer la visibilité
bon-plan-greenweez-beautymix-robot-cosmetique-maison-pack-trousse-decouverte-juin-2026,Fais tes crèmes maison pour 59€ : ce mini-robot est en -54%,bon-plan,2026-06-03,Affilae,c3po.link,"84€ au lieu de 148,90€ (-44%) — Pack Robot + Trousse",0,0,0,0,Améliorer la visibilité
bon-plan-hawaiian-tropic-gel-apres-soleil-aloe-200ml-6-euros,"Hawaiian Tropic gel après-soleil Aloe 200ml à 6,04€",bon-plan,2026-06-23,Amazon,Amazon,"6,04 euros",0,0,0,0,Améliorer la visibilité
bon-plan-hawaiian-tropic-glowing-huile-spf15-200ml-8-euros,"Hawaiian Tropic Glowing huile SPF 15 200ml à 7,66€",bon-plan,2026-06-23,Amazon,Amazon,"7,66 euros",0,0,0,0,Améliorer la visibilité
bon-plan-hawaiian-tropic-mineral-brush-poudre-solaire-spf30-10-euros,"Hawaiian Tropic Mineral Brush poudre solaire SPF 30 à 10,18€",bon-plan,2026-06-23,Amazon,Amazon,"10,18 euros",0,0,0,0,Améliorer la visibilité
bon-plan-head-shoulders-dermaxpro-apaise-coffret-cheveux-femme-11-euros,"Head & Shoulders DermaXPro Apaise coffret cheveux femmes à 11,40€",bon-plan,2026-06-23,Amazon,Amazon,"11,40 euros",0,0,0,0,Améliorer la visibilité
bon-plan-helan-monoi-tahiti-creme-solaire-spf6-visage-corps-21-euros,"Helan Monoï Tahiti crème solaire SPF 6 visage corps à 21,25€",bon-plan,2026-06-23,Amazon,Amazon,"21,25 euros",0,0,0,0,Améliorer la visibilité
bon-plan-herbal-essences-apres-shampooing-aloe-hydratant-promo-amazon-2026,Herbal Essences Après-Shampooing Aloe Hydratant 350ml a -30% : le duo parfait avec le shampooing Pure Aloe,bon-plan,2026-03-30,Amazon,Amazon,"6,30€",0,0,0,0,Améliorer la visibilité
bon-plan-herbal-essences-apres-shampooing-douceur-rose-promo-amazon-2026,"Herbal Essences Après-Shampoing Douceur Rose 350 ml à 5,97 € (-34 %)",bon-plan,2026-07-25,Amazon,Amazon,"5,97 €",0,0,0,0,Améliorer la visibilité
bon-plan-herbal-essences-shampooing-douceur-rose-650ml-promo-amazon-2026,"Herbal Essences Shampoing Douceur Rose 650 ml à 8,30 € (-33 %) : le format XL sans silicone",bon-plan,2026-07-25,Amazon,Amazon,"8,30 €",0,0,0,0,Améliorer la visibilité
bon-plan-herbal-essences-shampooing-hydrate-noix-coco-promo-amazon-2026,"Herbal Essences Shampooing Hydrate Noix de Coco 650 ml à 7,71 € (-38 %)",bon-plan,2026-07-26,Amazon,Amazon,"7,71 € au lieu de 12,50 € (-38 %)",0,0,0,0,Améliorer la visibilité
bon-plan-herbal-essences-shampooing-pure-aloe-jasmin-promo-amazon-2026,"Herbal Essences Pure Aloe Shampooing Hydratant 650ml a -30% : sans silicone ni sulfate pour 8,75 euros",bon-plan,2026-03-30,Amazon,Amazon,"8,75€",0,0,0,0,Améliorer la visibilité
bon-plan-homca-oreiller-cervical-ergonomique-taie-fraiche-amazon-2026,"HOMCA oreiller cervical ergonomique taie fraîche respirante à 35,71 €",bon-plan,2026-06-26,Amazon,Amazon,"35,71 €",0,0,0,0,Améliorer la visibilité
bon-plan-homedemo-parasol-plage-revetement-argente-uv50-helice-amazon-2026,"HOMEDEMO parasol plage inclinable revêtement argenté UV50+ pied hélice à 37,99 €",bon-plan,2026-06-26,Amazon,Amazon,"37,99 €",0,0,0,0,Améliorer la visibilité
bon-plan-honyin-ventilateur-pince-720-rotation-usb-amazon-2026,"HONYIN mini ventilateur à pince rotation 720° petit USB puissant à 19,99 €",bon-plan,2026-06-26,Amazon,Amazon,"19,99 €",0,0,0,0,Améliorer la visibilité
bon-plan-huawei-watch-fit-5-pro-239-euros-code-promo-a60fit5srp-mai-2026,"Huawei Watch FIT 5 Pro à 239,99 € + bracelet offert",code-promo,2026-05-26,Direct / autre,showroomprive.com,"239,99€ au lieu de 299,99€ (-60€ avec code)",0,0,0,0,Améliorer la visibilité
bon-plan-huggies-lingettes-bebe-10-paquets-10-89-euros-amazon-mai-2026,"Huggies All Over Clean : 10 paquets × 56 lingettes bébé à 10,09 € sur Amazon (-44%)",bon-plan,2026-06-23,Amazon,Amazon,"10,09 € au lieu de 17,90 €",0,0,0,0,Améliorer la visibilité
bon-plan-hydrofast-po-100-machine-expresso-portable-15-bars-2-en-1-juin-2026,"Hydrofast PO-100 machine expresso portable 15 bars à 89,99 €",bon-plan,2026-07-18,Direct / autre,ttanalytics.zigbuy.fr,"89,99 € paiement en 3 ou 4 fois PayPal",0,0,0,0,Améliorer la visibilité
bon-plan-hydrofast-w100-fontaine-eau-filtration-ro-uv-349-euros-juin-2026,Hydrofast W100 fontaine à eau RO + UV 8 températures à 349 €,bon-plan,2026-07-18,Direct / autre,ttanalytics.zigbuy.fr,349 € livraison gratuite + paiement 4× sans frais,0,0,0,0,Améliorer la visibilité
bon-plan-ice-watch-boliday-3590-euros-au-lieu-169-euros-79-pourcent-mai-2026,"Bon plan Ice Watch Boliday à 35,90€ au lieu de 169€ (-79%) — plusieurs coloris disponibles",bon-plan,2026-05-26,Direct / autre,lk.gt,"35,90€ au lieu de 169€ (-79%)",0,0,0,0,Améliorer la visibilité
bon-plan-icehof-chaussures-bottes-rafraichissantes-gel-pieds-amazon-2026,"Icehof chaussures + bottes rafraîchissantes gel pieds à 29,90 €",bon-plan,2026-07-07,Amazon,Amazon,"29,90 €",0,0,0,0,Améliorer la visibilité
bon-plan-icehof-coussinets-rafraichissants-xxl-gel-38x28-amazon-2026,"Icehof coussinets rafraîchissants XXL gel 38x28 cm multi-usage à 19,99 €",bon-plan,2026-06-26,Amazon,Amazon,"19,99 €",0,0,0,0,Améliorer la visibilité
bon-plan-igloo-glaciere-electrique-amazon-2026,"Igloo glacière électrique compacte à 94,43 €",bon-plan,2026-06-27,Amazon,Amazon,"65,00€",0,0,0,0,Améliorer la visibilité
bon-plan-insta360-x4-air-pack-camera-360-8k-etanche-165g-319-euros,Insta360 X4 Air Pack caméra 360 8K étanche 165g à 319€,bon-plan,2026-06-23,Amazon,Amazon,"319,00 euros",0,0,0,0,Améliorer la visibilité
bon-plan-ioma-contour-yeux-jeunesse-eclair-2026,"IOMA Contour des Yeux Jeunesse Éclair à 41,30 €",bon-plan,2026-07-24,Awin,awin1.com,"41,30 €",0,0,0,0,Améliorer la visibilité
bon-plan-ioma-creme-genereuse-contour-yeux-2026,"IOMA Crème Généreuse Contour des Yeux à 50,40 €",bon-plan,2026-07-24,Awin,awin1.com,"50,40 €",0,0,0,0,Améliorer la visibilité
bon-plan-ioma-creme-hydratation-jeunesse-2026,"IOMA Crème Hydratation Jeunesse à 44,25 €",bon-plan,2026-07-24,Awin,awin1.com,"44,25 €",0,0,0,0,Améliorer la visibilité
bon-plan-ioma-elixir-anti-taches-lumiere-2026,"IOMA Élixir Anti-taches Lumière à 23,40 €",bon-plan,2026-07-24,Awin,awin1.com,"23,40 €",0,0,0,0,Améliorer la visibilité
bon-plan-ioma-gelee-fraiche-demaquillante-yeux-2026,"IOMA Gelée Fraîche Démaquillante Yeux à 23,20 €",bon-plan,2026-07-24,Awin,awin1.com,"23,20 €",0,0,0,0,Améliorer la visibilité
bon-plan-ioma-lip-lift-2026,"IOMA Lip Lift à 39,20 €",bon-plan,2026-07-24,Awin,awin1.com,"39,20 €",0,0,0,0,Améliorer la visibilité
bon-plan-ioma-masque-hydratant-oxygenant-2026,"IOMA Masque Hydratant Oxygénant à 29,25 €",bon-plan,2026-07-24,Awin,awin1.com,"29,25 €",0,0,0,0,Améliorer la visibilité
bon-plan-ioma-masque-sublime-revitalisant-2026,"IOMA Masque Sublime Revitalisant à 38,35 €",bon-plan,2026-07-24,Awin,awin1.com,"38,35 €",0,0,0,0,Améliorer la visibilité
bon-plan-ioma-soft-peeling-2026,"IOMA Soft Peeling à 28,70 €",bon-plan,2026-07-24,Awin,awin1.com,"28,70 €",0,0,0,0,Améliorer la visibilité
bon-plan-isntree-yam-root-vegan-milk-cleanser-lait-nettoyant-yesstyle-2026,"Isntree Yam Root Vegan Milk Cleanser 220 ml : 10,74 € (-50 %)",bon-plan,2026-07-20,YesStyle,YesStyle,"10,74 € (au lieu de 21,49 €)",0,0,0,0,Améliorer la visibilité
bon-plan-isotoner-parasol-plage-160cm-anti-vent-upf-50-amazon-2026,"Isotoner parasol plage 160 cm anti-vent ultra résistant UPF 50+ à 38,99 €",bon-plan,2026-07-07,Amazon,Amazon,"38,99 €",0,0,0,0,Améliorer la visibilité
bon-plan-ito-electronics-ventilateur-pied-40cm-blanc-amazon-2026,"ito electronics ventilateur sur pied 40 cm blanc oscillant à 34,98 €",bon-plan,2026-06-26,Amazon,Amazon,"34,98 €",0,0,0,0,Améliorer la visibilité
bon-plan-jackery-solarsaga-100w-panneau-solaire-bifacial-portable-amazon-2026,Jackery SolarSaga 100W panneau solaire bifacial pliable à 199 €,bon-plan,2026-06-26,Amazon,Amazon,"199,00 €",0,0,0,0,Améliorer la visibilité
bon-plan-jbl-wave-buds-ecouteurs-sans-fil-ip54-amazon-2026,"JBL Wave Buds écouteurs intra sans fil IP54 à 22,99 €",bon-plan,2026-06-26,Amazon,Amazon,"22,99 €",0,0,0,0,Améliorer la visibilité
bon-plan-jigoo-c200-aspirateur-sans-fil-23kpa-juin-2026,"JIGOO C200 aspirateur sans fil 23 kPa 40 min à 109,99 €",bon-plan,2026-07-18,Direct / autre,ttanalytics.zigbuy.fr,"109,99 € livraison gratuite + paiement 4× sans frais",0,0,0,0,Améliorer la visibilité
bon-plan-jimmy-matrix-i9-machine-glacons-broyeur-299-euros-juin-2026,JIMMY Matrix I9 machine à glaçons + broyeur 150 W à 299 €,bon-plan,2026-07-18,Direct / autre,ttanalytics.zigbuy.fr,299 € livraison gratuite + paiement 4× sans frais,0,0,0,0,Améliorer la visibilité
bon-plan-jimmy-matrix-s9-machine-eau-gazeuse-froide-199-euros-juin-2026,JIMMY Matrix S9 machine eau gazeuse froide 100 W à 199 €,bon-plan,2026-07-18,Direct / autre,ttanalytics.zigbuy.fr,"199 € livraison gratuite + paiement 4× sans frais (prévente, expédition dès le 30 juin)",0,0,0,0,Améliorer la visibilité
bon-plan-jonzac-la-routine-hydratation-bio-a-l-eau-thermale-2026,"Eau Thermale Jonzac La routine hydratation bio à l'eau thermale à 30,00 €",bon-plan,2026-07-24,Direct / autre,ryt.leanature.com,"30,00 €",0,0,0,0,Améliorer la visibilité
bon-plan-jonzac-les-essentiels-apaisants-2026,"Eau Thermale Jonzac Les essentiels apaisants à 42,00 €",bon-plan,2026-07-24,Direct / autre,ryt.leanature.com,"42,00 €",0,0,0,0,Améliorer la visibilité
bon-plan-judydoll-palette-blush-highlighter-4-teintes-yesstyle-2026,"Judydoll Palette Blush & Highlighter 4 teintes : 9,82 € (-40 %)",bon-plan,2026-07-20,YesStyle,YesStyle,"9,82 € (au lieu de 16,37 €)",0,0,0,0,Améliorer la visibilité
bon-plan-kanzy-rasoir-securite-femme-or-rose-reutilisable-amazon-2026,"Kanzy rasoir de sûreté femme or rose réutilisable à 9,99 €",bon-plan,2026-06-26,Amazon,Amazon,"9,99 €",0,0,0,0,Améliorer la visibilité
bon-plan-karcher-30-pourcent-livraison-offerte-3-jours-mai-2026,"Bon plan Kärcher : jusqu'à -30% + livraison offerte sur toute la sélection (20-22 mai 2026, 3 jours)",bon-plan,2026-05-20,Awin,tidd.ly,Jusqu'à -30% + livraison offerte — 20-22 mai 2026,0,0,0,0,Améliorer la visibilité
bon-plan-kesser-climatiseur-mobile-4-en-1-7000btu-deshumidificateur-260-euros,"KESSER climatiseur mobile 4 en 1 7000 BTU à 259,99€",bon-plan,2026-06-23,Amazon,Amazon,"259,99 euros",0,0,0,0,Améliorer la visibilité
bon-plan-kinderkraft-poussette-esme-pro-3en1-21-pourcent-bebeboutik-2026,"Kinderkraft Poussette ESME PRO 3en1 a -21% sur Bebeboutik : 219,95 euros au lieu de 279 euros",bon-plan,2026-03-30,TimeOne / Public Idées,a.time1.me,"219,95€",0,0,0,0,Améliorer la visibilité
bon-plan-kippy-cat-v2-collier-gps-chat-tracker-sante-30-euros,"Kippy Cat V2 collier GPS chat tracker santé à 29,99€",bon-plan,2026-06-23,Amazon,Amazon,"29,99 euros",0,0,0,0,Améliorer la visibilité
bon-plan-kit-piscine-intex-easy-set-396-084m-epurateur-amazon,"Kit piscine Intex Easy Set 3,96 × 0,84 m + épurateur à 102,30 €",bon-plan,2026-07-13,Amazon,Amazon,"102,30€",0,0,0,0,Améliorer la visibilité
bon-plan-klarstein-spin-doctor-ventilateur-plafond-122cm-amazon-2026,"Klarstein Spin Doctor ventilateur plafond 122 cm 9963 m³/h à 51,99 €",bon-plan,2026-07-18,Amazon,Amazon,"51,99 €",0,0,0,0,Améliorer la visibilité
bon-plan-klarstein-ventilateur-plafond-bois-152cm-ete-hiver-iot-amazon-2026,"Klarstein ventilateur plafond bois 152 cm 6 vitesses été/hiver IoT à 195,54 €",bon-plan,2026-06-26,Amazon,Amazon,"195,54 €",0,0,0,0,Améliorer la visibilité
bon-plan-klorane-bebe-coffret-soins-premier-perfumes-club-juin-2026,"Bon plan Klorane bébé : coffret 5 soins 35,10€ (-26%)",bon-plan,2026-07-07,Tradedoubler,clk.tradedoubler.com,"35,10€",0,0,0,0,Améliorer la visibilité
bon-plan-laboratoires-biarritz-duo-hydratation-24h-serum-creme-acide-hyaluronique-2026,"Laboratoires de Biarritz Duo Hydratation 24h à 41,61 €",bon-plan,2026-07-24,Effiliation,track.effiliation.com,"41,61 € (au lieu de 43,80 €, -5 %)",0,0,0,0,Améliorer la visibilité
bon-plan-laboratoires-biarritz-routine-hydratation-jour-bio-2026,"Laboratoires de Biarritz Routine Hydratation Jour à 59,57 €",bon-plan,2026-07-24,Effiliation,track.effiliation.com,"59,57 € (au lieu de 62,70 €, -5 %)",0,0,0,0,Améliorer la visibilité
bon-plan-laboratoires-biarritz-routine-jour-nuit-trio-complet-bio-2026,"Laboratoires de Biarritz Routine Jour/Nuit à 57,66 €",bon-plan,2026-07-24,Effiliation,track.effiliation.com,"57,66 € (au lieu de 60,70 €, -5 %)",0,0,0,0,Améliorer la visibilité
bon-plan-laneige-lip-sleeping-mask-3-versions-yesstyle-juin-2026,"LANEIGE Lip Sleeping Mask : 3 versions (Vanille, Gummy, Sweet)",bon-plan,2026-06-16,Awin,tidd.ly,Voir le prix sur YesStyle,0,0,0,0,Améliorer la visibilité
bon-plan-lashile-beauty-coffret-bronzage-sublime-rituel-42-euros,"Lashilé Beauty coffret bronzage Sublime rituel complet à 41,60€",bon-plan,2026-06-23,Amazon,Amazon,"41,60 euros",0,0,0,0,Améliorer la visibilité
bon-plan-lea-nature-bioregena-autobronzant-bio-125ml-10-92-euros-juillet-2026,"Bioregena autobronzant bio 125 ml à 10,92 € (soldes -40 %)",bon-plan,2026-07-05,Direct / autre,ryt.leanature.com,"10,92 €",0,0,0,0,Améliorer la visibilité
bon-plan-lea-nature-bioregena-creme-solaire-bebe-spf50-40ml-10-euros-juillet-2026,"Bioregena crème solaire bébé SPF50 40 ml bio à 10,20 €",bon-plan,2026-07-21,Direct / autre,ryt.leanature.com,"10,20 €",0,0,0,0,Améliorer la visibilité
bon-plan-lea-nature-bioregena-creme-solaire-visage-zones-delicates-40ml-bio-10-euros-juillet-2026,"Bioregena crème solaire visage & zones délicates bio à 10,14 €",bon-plan,2026-07-05,Direct / autre,ryt.leanature.com,"10,14 €",0,0,0,0,Améliorer la visibilité
bon-plan-lea-nature-bioregena-kit-soleil-essentiel-30-euros-juillet-2026,Bioregena kit soleil essentiel bio à 30 €,bon-plan,2026-07-05,Direct / autre,ryt.leanature.com,30 €,0,0,0,0,Améliorer la visibilité
bon-plan-lea-nature-bioregena-spray-solaire-spf30-adulte-90ml-13-euros-juillet-2026,"Spray solaire bio Bioregena SPF30 90 ml à 13,02 € (soldes -40 %)",bon-plan,2026-07-05,Direct / autre,ryt.leanature.com,"13,02 €",0,0,0,0,Améliorer la visibilité
bon-plan-lea-nature-boho-green-beauty-duo-baume-gommage-levres-11-90-euros-juillet-2026,"Boho Green Beauty duo baume + gommage lèvres bio à 11,90 €",bon-plan,2026-07-05,Direct / autre,ryt.leanature.com,"11,9 €",0,0,0,0,Améliorer la visibilité
bon-plan-lea-nature-jonzac-kit-naissance-bebe-32-90-euros-juillet-2026,"Jonzac kit naissance bébé bio à 32,90 €",bon-plan,2026-07-21,Direct / autre,ryt.leanature.com,"32,90 €",0,0,0,0,Améliorer la visibilité
bon-plan-lea-nature-jonzac-liniment-doux-oleo-calcaire-bebe-500ml-4-79-euros-juillet-2026,"Jonzac liniment oléo-calcaire bébé 500 ml à 4,79 € (-58 %)",bon-plan,2026-07-21,Direct / autre,ryt.leanature.com,"4,79 €",0,0,0,0,Améliorer la visibilité
bon-plan-lea-nature-jonzac-routine-homme-36-euros-juillet-2026,Eau Thermale Jonzac routine homme bio à 36 €,bon-plan,2026-07-05,Direct / autre,ryt.leanature.com,36 €,0,0,0,0,Améliorer la visibilité
bon-plan-lea-nature-so-bio-etic-combleur-rides-lift-grenade-11-34-euros-juillet-2026,"So Bio Etic combleur rides Lift'Grenade bio à 11,34 €",bon-plan,2026-07-05,Direct / autre,ryt.leanature.com,"11,34 €",0,0,0,0,Améliorer la visibilité
bon-plan-lea-nature-so-bio-etic-duo-serums-anti-age-global-28-euros-juillet-2026,So Bio Etic duo sérums anti-âge global bio à 28 €,bon-plan,2026-07-05,Direct / autre,ryt.leanature.com,28 €,0,0,0,0,Améliorer la visibilité
bon-plan-lea-nature-so-bio-etic-kit-3-gels-douche-15-euros-juillet-2026,So Bio Etic kit 3 gels douche bio à 15 €,bon-plan,2026-07-05,Direct / autre,ryt.leanature.com,15 €,0,0,0,0,Améliorer la visibilité
bon-plan-lea-nature-so-bio-etic-routine-boucles-sublimes-10-euros-juillet-2026,So Bio Etic routine boucles sublimes bio à 10 €,bon-plan,2026-07-05,Direct / autre,ryt.leanature.com,10 €,0,0,0,0,Améliorer la visibilité
bon-plan-lea-nature-so-bio-etic-routine-cheveux-karite-bio-15-euros-juillet-2026,So Bio Etic routine cheveux karité bio à 15 €,bon-plan,2026-07-05,Direct / autre,ryt.leanature.com,15 €,0,0,0,0,Améliorer la visibilité
bon-plan-lea-nature-so-bio-etic-soin-hydratant-lissant-eclat-9-24-euros-juillet-2026,"So Bio Etic soin hydratant lissant éclat bio à 9,24 €",bon-plan,2026-07-05,Direct / autre,ryt.leanature.com,"9,24 €",0,0,0,0,Améliorer la visibilité
bon-plan-lectorias-poche-glace-gel-froid-anti-douleur-amazon-2026,"Lectorias poche glace gel froid anti-douleur réutilisable à 10,99 €",bon-plan,2026-06-26,Amazon,Amazon,"10,99 €",0,0,0,0,Améliorer la visibilité
bon-plan-lefant-m210p-aspirateur-robot-connecte-amazon-2026,"Lefant M210P aspirateur robot connecté à 85,48 €",bon-plan,2026-06-28,Amazon,Amazon,"85,48 €",0,0,0,0,Améliorer la visibilité
bon-plan-lefant-m3ultra-aspirateur-robot-laveur-23000pa-promo-amazon-2026,Lefant M3Ultra Robot Aspirateur Laveur a -60% sur Amazon : 399 euros au lieu de 999 euros,bon-plan,2026-03-30,Amazon,Amazon,"399,99€",0,0,0,0,Améliorer la visibilité
bon-plan-lego-harry-potter-maison-luna-lovegood-brique-lumineuse-53-euros,"LEGO Harry Potter Maison de Luna Lovegood à 53,19€",bon-plan,2026-06-23,Amazon,Amazon,"53,19 euros",0,0,0,0,Améliorer la visibilité
bon-plan-lepwings-ventilateur-cou-6000mah-usb-c-6-vitesses-amazon-2026,"Lepwings ventilateur de cou 6000 mAh 6 vitesses USB-C autonomie 23h à 24,99 €",bon-plan,2026-06-26,Amazon,Amazon,"24,99 €",0,0,0,0,Améliorer la visibilité
bon-plan-levis-casquette-baseball-classic-twill-red-tab-noir-15-euros,"Levi's casquette baseball Classic Twill Red Tab noir à 14,95€",bon-plan,2026-06-23,Amazon,Amazon,"14,95 euros",0,0,0,0,Améliorer la visibilité
bon-plan-lg-ultrawide-49u950a-ecran-pc-49-pouces-nano-ips-144hz-1000-euros,"LG UltraWide 49U950A-W écran PC 49 pouces 144 Hz à 999,99€",bon-plan,2026-06-23,Amazon,Amazon,"999,99 euros",0,0,0,0,Améliorer la visibilité
bon-plan-loccitane-baume-corps-immortelle-karite-200ml-soldes-juillet-2026,"Baume Corps Immortelle-Karité 200 ml : 45,50 € (-30 %)",bon-plan,2026-07-08,Direct / autre,fr.loccitane.com,"45,50 € au lieu de 65,00 €",0,0,0,0,Améliorer la visibilité
bon-plan-loccitane-brume-delicieuse-amande-100ml-soldes-juillet-2026,"Brume Délicieuse Amande 100 ml : 31,20 € (-20 %)",bon-plan,2026-07-08,Direct / autre,fr.loccitane.com,"31,20 € au lieu de 39,00 €",0,0,0,0,Améliorer la visibilité
bon-plan-loccitane-coffret-decouverte-bougies-soldes-juillet-2026,"Coffret Découverte Bougies : 42,70 € (-30 %)",bon-plan,2026-07-08,Direct / autre,fr.loccitane.com,"42,70 € au lieu de 61,00 €",0,0,0,0,Améliorer la visibilité
bon-plan-loccitane-coffret-visage-immortelle-precieuse-soldes-juillet-2026,"Coffret Visage Immortelle Précieuse : 71,60 € (-20 %)",bon-plan,2026-07-08,Direct / autre,fr.loccitane.com,"71,60 € au lieu de 89,50 €",0,0,0,0,Améliorer la visibilité
bon-plan-loccitane-creme-confort-legere-karite-2026,"L'Occitane Crème Confort Légère Karité à 36,00 €",bon-plan,2026-07-24,Direct / autre,fr.loccitane.com,"36,00 €",0,0,0,0,Améliorer la visibilité
bon-plan-loccitane-creme-confort-ultra-riche-karite-2026,"L'Occitane Crème Confort Ultra Riche Karité à 36,00 €",bon-plan,2026-07-24,Direct / autre,fr.loccitane.com,"36,00 €",0,0,0,0,Améliorer la visibilité
bon-plan-loccitane-creme-jeunesse-immortelle-divine-2026,"L'Occitane Crème jeunesse Immortelle Divine à 95,00 €",bon-plan,2026-07-24,Direct / autre,fr.loccitane.com,"95,00 €",0,0,0,0,Améliorer la visibilité
bon-plan-loccitane-creme-revitalisante-cade-2026,"L'Occitane Crème Revitalisante Cade à 45,00 €",bon-plan,2026-07-24,Direct / autre,fr.loccitane.com,"45,00 €",0,0,0,0,Améliorer la visibilité
bon-plan-loccitane-creme-visage-harmonie-2026,"L'Occitane Crème Visage Harmonie à 165,00 €",bon-plan,2026-07-24,Direct / autre,fr.loccitane.com,"165,00 €",0,0,0,0,Améliorer la visibilité
bon-plan-loccitane-creme-visage-precieuse-2026,"L'Occitane Crème Visage Précieuse à 64,00 €",bon-plan,2026-07-24,Direct / autre,fr.loccitane.com,"64,00 €",0,0,0,0,Améliorer la visibilité
bon-plan-loccitane-creme-visage-reine-des-pres-2026,"L'Occitane Crème Visage Reine des Prés à 64,00 €",bon-plan,2026-07-24,Direct / autre,fr.loccitane.com,"64,00 €",0,0,0,0,Améliorer la visibilité
bon-plan-loccitane-duo-soins-visage-spf-immortelle-precieuse-2026,"L'Occitane Duo Soins Visage SPF Immortelle Précieuse à 106,00 €",bon-plan,2026-07-24,Direct / autre,fr.loccitane.com,"106,00 €",0,0,0,0,Améliorer la visibilité
bon-plan-loccitane-duo-soins-visage-spf-reine-des-pres-2026,"L'Occitane Duo Soins Visage SPF Reine des Près à 106,00 €",bon-plan,2026-07-24,Direct / autre,fr.loccitane.com,"106,00 €",0,0,0,0,Améliorer la visibilité
bon-plan-loccitane-eau-toilette-arlesienne-50ml-soldes-juillet-2026,"Eau de Toilette Arlésienne 50 ml : 42,00 € (-30 %)",bon-plan,2026-07-08,Direct / autre,fr.loccitane.com,"42,00 € au lieu de 60,00 €",0,0,0,0,Améliorer la visibilité
bon-plan-loccitane-exfoliant-visage-eclat-75ml-soldes-juillet-2026,"Exfoliant Visage Éclat 75 ml : 20,30 € (-30 %)",bon-plan,2026-07-08,Direct / autre,fr.loccitane.com,"20,30 € au lieu de 29,00 €",0,0,0,0,Améliorer la visibilité
bon-plan-loccitane-gommage-corps-artichaut-200ml-soldes-juillet-2026,"Gommage Corps Drainant Artichaut 200 ml : 24,50 € (-50 %)",bon-plan,2026-07-08,Direct / autre,fr.loccitane.com,"24,50 € au lieu de 49,00 €",0,0,0,0,Améliorer la visibilité
bon-plan-loccitane-huile-douche-neroli-orchidee-250ml-soldes-juillet-2026,"Huile de Douche Néroli Orchidée 250 ml : 15,40 € (-30 %)",bon-plan,2026-07-08,Direct / autre,fr.loccitane.com,"15,40 € au lieu de 22,00 €",0,0,0,0,Améliorer la visibilité
bon-plan-loccitane-huile-souplesse-amande-100ml-soldes-juillet-2026,"Huile Souplesse Amande 100 ml : 31,20 € (-20 %)",bon-plan,2026-07-08,Direct / autre,fr.loccitane.com,"31,20 € au lieu de 39,00 €",0,0,0,0,Améliorer la visibilité
bon-plan-loccitane-trousse-exclusive-nuit-festive-soldes-juillet-2026,"Trousse Exclusive Nuit Festive : 27,60 € (-20 %)",bon-plan,2026-07-08,Direct / autre,fr.loccitane.com,"27,60 € au lieu de 34,50 €",0,0,0,0,Améliorer la visibilité
bon-plan-lollipops-foulard-sari-nude-juillet-2026,"Foulard Sari nude Lollipops à 13,30 €, l'accessoire mode neutre",bon-plan,2026-07-09,Direct / autre,fou.lollipops.fr,"13,30 €",0,0,0,0,Améliorer la visibilité
bon-plan-lollipops-foulard-sava-rectangulaire-noir-juillet-2026,"Foulard Sava rectangulaire noir Lollipops à 14,00 €",bon-plan,2026-07-09,Direct / autre,fou.lollipops.fr,"14,00 €",0,0,0,0,Améliorer la visibilité
bon-plan-lollipops-grand-sac-shopper-s-ringo-orange-juillet-2026,"Grand sac shopper S-Ringo orange Lollipops à 44,50 €",bon-plan,2026-07-09,Direct / autre,fou.lollipops.fr,"44,50 €",0,0,0,0,Améliorer la visibilité
bon-plan-lollipops-grand-sac-shopper-steevy-camel-juillet-2026,"Grand sac shopper Lollipops Steevy camel à 35,60 €",bon-plan,2026-07-09,Direct / autre,fou.lollipops.fr,"35,60 €",0,0,0,0,Améliorer la visibilité
bon-plan-lollipops-petit-sac-sartene-multi-poches-orange-juillet-2026,"Petit sac Sartene multi-poches orange à 29,50 €",bon-plan,2026-07-09,Direct / autre,fou.lollipops.fr,"29,50 €",0,0,0,0,Améliorer la visibilité
bon-plan-lollipops-pochette-s-ringo-bleu-marine-juillet-2026,"Pochette S-Ringo bleu marine 27,30 € : petit prix, gros style",bon-plan,2026-07-09,Direct / autre,fou.lollipops.fr,"27,30 €",0,0,0,0,Améliorer la visibilité
bon-plan-lollipops-pochette-s-ringo-multicolore-juillet-2026,"Pochette S-Ringo multicolore Lollipops à 19,50 €",bon-plan,2026-07-09,Direct / autre,fou.lollipops.fr,"19,50 €",0,0,0,0,Améliorer la visibilité
bon-plan-lollipops-sac-porte-epaule-sartene-lily-vert-juillet-2026,"Sac Lily Sartene vert Lollipops à 48,30 €",bon-plan,2026-07-09,Direct / autre,fou.lollipops.fr,"48,30 €",0,0,0,0,Améliorer la visibilité
bon-plan-lollipops-sac-porte-epaule-stefie-camel-juillet-2026,"Sac porté épaule Stefie camel à 27,60 € chez Lollipops",bon-plan,2026-07-09,Direct / autre,fou.lollipops.fr,"27,60 €",0,0,0,0,Améliorer la visibilité
bon-plan-lollipops-sac-shopper-shai-bleu-juillet-2026,"Sac shopper Shai bleu à 42,50 € chez Lollipops",bon-plan,2026-07-09,Direct / autre,fou.lollipops.fr,"42,50 €",0,0,0,0,Améliorer la visibilité
bon-plan-lollipops-sac-shopper-steevy-blanc-juillet-2026,"Sac shopper Steevy blanc chez Lollipops à 31,60 €",bon-plan,2026-07-09,Direct / autre,fou.lollipops.fr,"31,60 €",0,0,0,0,Améliorer la visibilité
bon-plan-lollipops-vanity-sweetie-noir-juillet-2026,"Vanity Sweetie noir Lollipops : trousse chic à 23,60 €",bon-plan,2026-07-09,Direct / autre,fou.lollipops.fr,"23,60 €",0,0,0,0,Améliorer la visibilité
bon-plan-lookfantastic-ambre-solaire-apres-soleil-amplificateur-bronzage-200ml-juillet-2026,"Ambre Solaire après-soleil amplificateur bronzage 200 ml : 6,90 €",bon-plan,2026-07-13,Awin,awin1.com,"6,90 €",0,0,0,0,Améliorer la visibilité
bon-plan-lookfantastic-christophe-robin-bestsellers-discovery-bundle-52-euros-juillet-2026,"Coffret découverte Christophe Robin 4 best-sellers à 52,00 €",bon-plan,2026-07-03,Awin,awin1.com,"52,00 €",0,0,0,0,Améliorer la visibilité
bon-plan-lookfantastic-christophe-robin-creme-gommante-aloe-vera-250ml-juillet-2026,"Christophe Robin gommage cuir chevelu aloe vera : 13,20 €",bon-plan,2026-07-13,Awin,awin1.com,"13,20 €",0,0,0,0,Améliorer la visibilité
bon-plan-lookfantastic-christophe-robin-creme-lavante-bouclier-couleur-camu-camu-juillet-2026,"Christophe Robin crème lavante bouclier couleur : 14,40 €",bon-plan,2026-07-13,Awin,awin1.com,"14,40 €",0,0,0,0,Améliorer la visibilité
bon-plan-lookfantastic-christophe-robin-in-your-volume-era-bundle-juillet-2026,"Christophe Robin bundle volume cheveux : 43,70 €",bon-plan,2026-07-13,Awin,awin1.com,"43,70 €",0,0,0,0,Améliorer la visibilité
bon-plan-lookfantastic-edition-voyage-coffret-12-produits-36-euros-code-shop-juillet-2026,Lookfantastic Édition Voyage : 12 produits à 27 € (code SHOP),box-beaute,2026-07-01,Awin,tidd.ly,"27 € avec code SHOP (au lieu de 45 €, valeur > 115 €)",0,0,0,0,Améliorer la visibilité
bon-plan-lookfantastic-elizabeth-arden-prestige-fragrance-coffret-3-piece-17-25-euros-juillet-2026,"Coffret Elizabeth Arden Prestige 3 parfums à 17,25 €",bon-plan,2026-07-03,Awin,awin1.com,"17,25 €",0,0,0,0,Améliorer la visibilité
bon-plan-lookfantastic-eucerin-sun-face-oil-control-spf50-17-25-euros-juillet-2026,"Eucerin Sun Face SPF50+ toucher sec à 17,25 €",bon-plan,2026-07-03,Awin,awin1.com,"17,25 €",0,0,0,0,Améliorer la visibilité
bon-plan-lookfantastic-garnier-ambre-solaire-adults-kids-spf50-bundle-juillet-2026,"Garnier Ambre Solaire duo famille adultes + enfants : 14,95 €",bon-plan,2026-07-13,Awin,awin1.com,"14,95 €",0,0,0,0,Améliorer la visibilité
bon-plan-lookfantastic-garnier-ambre-solaire-spf50-kids-spray-150ml-juillet-2026,"Garnier Ambre Solaire SPF 50+ Kids spray 150 ml : 7,48 €",bon-plan,2026-07-13,Awin,awin1.com,"7,48 €",0,0,0,0,Améliorer la visibilité
bon-plan-lookfantastic-garnier-ambre-solaire-spf50-sensitive-dry-mist-150ml-juillet-2026,"Garnier Ambre Solaire SPF 50+ Sensitive brume 150 ml : 9,20 €",bon-plan,2026-07-12,Awin,awin1.com,"9,20 €",0,0,0,0,Améliorer la visibilité
bon-plan-lookfantastic-garnier-vitamine-c-uv-anti-taches-spf50-40ml-juillet-2026,"Garnier vitamine C fluide UV anti-taches SPF 50 : 8,97 €",bon-plan,2026-07-13,Awin,awin1.com,"8,97 €",0,0,0,0,Améliorer la visibilité
bon-plan-lookfantastic-l-oreal-hyaluronic-revitalift-retinol-serum-bundle-juillet-2026,"L'Oréal duo sérum hyaluronique + rétinol : 28,74 €",bon-plan,2026-07-12,Awin,awin1.com,"28,74 €",0,0,0,0,Améliorer la visibilité
bon-plan-lookfantastic-l-oreal-men-expert-3-step-power-age-routine-juillet-2026,"L'Oréal Men Expert routine anti-âge 3 étapes : 29,89 €",bon-plan,2026-07-13,Awin,awin1.com,"29,89 €",0,0,0,0,Améliorer la visibilité
bon-plan-lookfantastic-l-oreal-men-expert-energising-essentials-gift-set-juillet-2026,"L'Oréal Men Expert coffret trio gel douche + soin : 14,94 €",bon-plan,2026-07-12,Awin,awin1.com,"14,94 €",0,0,0,0,Améliorer la visibilité
bon-plan-lookfantastic-l-oreal-men-expert-hydra-energetic-serum-vitamine-c-10-juillet-2026,"L'Oréal Men Expert sérum vitamine C 10 % : 11,50 €",bon-plan,2026-07-13,Awin,awin1.com,"11,50 €",0,0,0,0,Améliorer la visibilité
bon-plan-lookfantastic-la-roche-posay-anthelios-uvmune-400-spf50-19-32-euros-juillet-2026,"La Roche-Posay Anthelios UVMune 400 SPF50 à 19,32 €",bon-plan,2026-07-03,Awin,awin1.com,"19,32 €",0,0,0,0,Améliorer la visibilité
bon-plan-lookfantastic-lancaster-self-tan-sun-kissed-face-drops-19-32-euros-juillet-2026,"Lancaster Sun-Kissed autobronzant gouttes à 19,32 €",bon-plan,2026-07-03,Awin,awin1.com,"19,32 €",0,0,0,0,Améliorer la visibilité
bon-plan-lookfantastic-marc-jacobs-daisy-eau-de-toilette-30ml-66-41-euros-juillet-2026,"Marc Jacobs Daisy Eau de Toilette 30 ml à 50,60 €",bon-plan,2026-07-14,Awin,awin1.com,"50,60 €",0,0,0,0,Améliorer la visibilité
bon-plan-lookfantastic-maybelline-express-brow-fast-sculpt-7-35-euros-juillet-2026,"Maybelline Express Brow Fast Sculpt mascara à 7,35 €",bon-plan,2026-07-03,Awin,awin1.com,"7,35 €",0,0,0,0,Améliorer la visibilité
bon-plan-lookfantastic-maybelline-fit-me-anti-cernes-6-43-euros-juillet-2026,"Maybelline Fit Me anti-cernes à 6,43 €",bon-plan,2026-07-03,Awin,awin1.com,"6,43 €",0,0,0,0,Améliorer la visibilité
bon-plan-lookfantastic-neom-essential-oil-blend-scent-discovery-set-32-20-euros-juillet-2026,"NEOM coffret découverte huiles essentielles à 32,20 €",bon-plan,2026-07-03,Awin,awin1.com,"32,20 €",0,0,0,0,Améliorer la visibilité
bon-plan-lookfantastic-nuface-mini-starter-kit-sandy-rose-280-60-euros-juillet-2026,"NuFACE Mini+ Starter Kit Sandy Rose à 210,45 €",bon-plan,2026-07-14,Awin,awin1.com,"210,45 €",0,0,0,0,Améliorer la visibilité
bon-plan-lookfantastic-nuface-trinity-lip-eye-attachment-set-418-31-euros-juillet-2026,"NuFACE Trinity+ set lèvres & yeux à 418,31 €",bon-plan,2026-07-03,Awin,awin1.com,"418,31 €",0,0,0,0,Améliorer la visibilité
bon-plan-lookfantastic-offres-semaine-10-mars-2026,"Lookfantastic semaine 26 juin → 5 juillet : code SHOP -30%+10%, DIMANCHE -30%, Sol de Janeiro",bon-plan,2026-06-26,Awin,tidd.ly,"SHOP -30%+10% (29-30/06), -30% sélection (1-4/07), DIMANCHE -30% (5/07), Sol de Janeiro -25%, SPF -20%",0,0,0,0,Améliorer la visibilité
bon-plan-lookfantastic-olaplex-no-7-huile-cheveux-42-euros-juillet-2026,"Olaplex No. 7 huile capillaire à 22,40 €",bon-plan,2026-07-14,Awin,awin1.com,"22,40 €",0,0,0,0,Améliorer la visibilité
bon-plan-lookfantastic-pixi-glow-tonic-home-away-duo-exclusive-juillet-2026,"PIXI Glow Tonic duo maison + voyage exclusif : 19,32 €",bon-plan,2026-07-13,Awin,awin1.com,"19,32 €",0,0,0,0,Améliorer la visibilité
bon-plan-lookfantastic-revolution-skin-clearly-clarify-starter-kit-juillet-2026,"Revolution Skin kit anti-imperfections démarrage : 8,63 €",bon-plan,2026-07-13,Awin,awin1.com,"8,63 €",0,0,0,0,Améliorer la visibilité
bon-plan-lookfantastic-rimmel-lasting-finish-25h-serum-foundation-11-49-euros-juillet-2026,"Rimmel Lasting Finish 25H sérum fond de teint à 11,49 €",bon-plan,2026-07-03,Awin,awin1.com,"11,49 €",0,0,0,0,Améliorer la visibilité
bon-plan-lookfantastic-rio-uv-lamp-nail-extension-system-juillet-2026,"Rio lampe UV système extensions ongles : 13,69 €",bon-plan,2026-07-12,Awin,awin1.com,"13,69 €",0,0,0,0,Améliorer la visibilité
bon-plan-lookfantastic-rio-uv-nail-gel-extension-kit-11-50-euros-juillet-2026,"Rio kit extension ongles gel UV à 11,50 €",bon-plan,2026-07-03,Awin,awin1.com,"11,50 €",0,0,0,0,Améliorer la visibilité
bon-plan-lookfantastic-silk-n-facial-led-mask-100-leds-juillet-2026,"Silk'n masque LED visage 100 LEDs anti-âge : 113,59 €",bon-plan,2026-07-13,Awin,awin1.com,"113,59 €",0,0,0,0,Améliorer la visibilité
bon-plan-lookfantastic-sol-de-janeiro-bom-dia-jet-set-coffret-22-50-euros-juillet-2026,"Sol de Janeiro Bom Dia Jet Set coffret voyage à 22,50 €",bon-plan,2026-07-03,Awin,awin1.com,"22,50 €",0,0,0,0,Améliorer la visibilité
bon-plan-lookfantastic-the-ordinary-retinol-0-2-squalane-30ml-juillet-2026,"The Ordinary Rétinol 0,2 % dans Squalane 30 ml : 5,11 €",bon-plan,2026-07-13,Awin,awin1.com,"5,11 €",0,0,0,0,Améliorer la visibilité
bon-plan-lookfantastic-the-ordinary-serum-retinol-0-2-squalane-5-11-euros-juillet-2026,"The Ordinary sérum rétinol squalane à 5,11 €",bon-plan,2026-07-03,Awin,awin1.com,"5,11 €",0,0,0,0,Améliorer la visibilité
bon-plan-lookfantastic-ysl-make-me-blush-40-48-euros-juillet-2026,"YSL Make Me Blush poudre à 40,48 €",bon-plan,2026-07-03,Awin,awin1.com,"40,48 €",0,0,0,0,Améliorer la visibilité
bon-plan-loreal-paris-soin-eclat-lissant-visage-glass-skin-12-euros,"L'Oréal Paris soin éclat lissant glass skin à 11,89€",bon-plan,2026-07-18,Amazon,Amazon,"13,99 €",0,0,0,0,Améliorer la visibilité
bon-plan-loreal-revitalift-serum-13-euros-au-lieu-de-22,"Bon Plan Amazon : Sérum L'Oréal Revitalift Acide Hyaluronique à 11,40 € au lieu de 22 € (-48%)",bon-plan,2026-06-21,Amazon,Amazon,"11,40 €",0,0,0,0,Améliorer la visibilité
bon-plan-loreal-steampod-4-lisseur-vapeur-amazon-2026,L'Oréal SteamPod 4 lisseur vapeur à 299 € : la référence salon,bon-plan,2026-07-26,Amazon,Amazon,299 €,0,0,0,0,Améliorer la visibilité
bon-plan-lot-2-chaises-longues-bascule-casaria-bois-acacia-fsc-amazon,"Lot 2 chaises bascule Casaria bois acacia FSC à 189,99 €",bon-plan,2026-06-27,Amazon,Amazon,"189,99€",0,0,0,0,Améliorer la visibilité
bon-plan-lot-2-chaises-longues-tectake-pliantes-pare-soleil-amazon,"Lot 2 chaises longues Tectake pliantes + pare-soleil à 86,90 €",bon-plan,2026-06-27,Amazon,Amazon,"86,90€",0,0,0,0,Améliorer la visibilité
bon-plan-lot-2-panneaux-solaires-3w-camera-chasse-batterie-6000mah-amazon-2026,"Lot de 2 panneaux solaires 3W batterie 6000 mAh pour caméra chasse à 55,09 €",bon-plan,2026-06-26,Amazon,Amazon,"55,09 €",0,0,0,0,Améliorer la visibilité
bon-plan-lot-2-parasols-chaise-conblom-pince-universelle-reglable-360-amazon,"Lot 2 parasols chaise ConBlom pince + réglable 360° à 59,99 €",bon-plan,2026-06-27,Amazon,Amazon,"59,99€",0,0,0,0,Améliorer la visibilité
bon-plan-lot-2-taies-oreiller-rafraichissantes-q-max-amazon-2026,"Lot de 2 taies d'oreiller rafraîchissantes Q-Max>0,45 dormeurs chauds à 16,14 €",bon-plan,2026-06-26,Amazon,Amazon,"16,14 €",0,0,0,0,Améliorer la visibilité
bon-plan-lot-2-transats-happy-garden-galapagos-textilene-terracotta-amazon,"Lot 2 transats Happy Garden Galapagos terracotta à 129,90 €",bon-plan,2026-06-27,Amazon,Amazon,"129,90€",0,0,0,0,Améliorer la visibilité
bon-plan-lot-3-compresses-froides-15x15-made-in-germany-amazon-2026,"Lot de 3 compresses froides 15x15 made in Germany à 12,99 €",bon-plan,2026-06-26,Amazon,Amazon,"12,99 €",0,0,0,0,Améliorer la visibilité
bon-plan-lotion-solaire-naif-enfants-spf-50-amazon,"Lotion solaire enfants Naïf SPF 50 dès 3 ans à 18,99 €",bon-plan,2026-07-07,Amazon,Amazon,"18,99€",0,0,0,0,Améliorer la visibilité
bon-plan-lovea-spray-monoi-tahiti-fps20-visage-corps-9-euros,"Lovea spray solaire Monoï Tahiti FPS 20 visage corps à 9,21€",bon-plan,2026-06-23,Amazon,Amazon,"9,21 euros",0,0,0,0,Améliorer la visibilité
bon-plan-ltyioe-mini-ventilateur-portable-usb-led-3-vitesses-amazon-2026,"LtYioe mini ventilateur portable USB écran LED 3 vitesses à 20,99 €",bon-plan,2026-06-26,Amazon,Amazon,"20,99 €",0,0,0,0,Améliorer la visibilité
bon-plan-lunch-box-chauffante-electrique-4-en-1-1-5l-60w-amazon,"Lunch box chauffante électrique 4-en-1 1,5 L 60 W à 24,99 €",bon-plan,2026-07-22,Amazon,Amazon,"24,99€",0,0,0,0,Améliorer la visibilité
bon-plan-magic-gel-collier-rafraichissant-lot-2-anneau-glace-amazon-2026,"Magic Gel collier rafraîchissant cou lot 2 anneau glace portable à 9,99 €",bon-plan,2026-07-07,Amazon,Amazon,"9,99 €",0,0,0,0,Améliorer la visibilité
bon-plan-magnifaik-coffret-embellisseur-teint-pinceau-55-20-euros-juillet-2026,"Coffret Magnifaïk Embellisseur + Pinceau à 55,20 €",bon-plan,2026-07-03,Awin,awin1.com,"55,20 €",0,0,0,0,Améliorer la visibilité
bon-plan-magnifaik-coffret-essentiels-teint-spf30-embellisseur-fond-teint-81-euros-juillet-2026,"Coffret Magnifaïk Essentiels Teint SPF30 à 81,00 €",bon-plan,2026-07-03,Awin,awin1.com,"81,00 €",0,0,0,0,Améliorer la visibilité
bon-plan-magnifaik-coffret-flash-glam-embellisseur-blush-rouge-levres-69-75-euros-juillet-2026,"Coffret Magnifaïk Flash Glam à 69,75 € (-25%)",bon-plan,2026-07-03,Awin,awin1.com,"69,75 €",0,0,0,0,Améliorer la visibilité
bon-plan-magnifaik-coffret-plus-que-parfait-2-routine-teint-yeux-levres-116-90-euros-juillet-2026,"Coffret Magnifaïk Plus que Parfait 2 à 116,90 €",bon-plan,2026-07-03,Awin,awin1.com,"116,90 €",0,0,0,0,Améliorer la visibilité
bon-plan-magnifaik-coffret-quick-routine-glow-teint-blush-lift-109-90-euros-juillet-2026,"Coffret Magnifaïk Quick Routine Glow à 109,90 €",bon-plan,2026-07-03,Awin,awin1.com,"109,90 €",0,0,0,0,Améliorer la visibilité
bon-plan-magnifaik-coffret-regard-lumineux-effaceur-cernes-correcteur-mascara-2026,"Magnifaïk Regard lumineux à 60,75 € (-25 %)",bon-plan,2026-07-24,Awin,awin1.com,"60,75 € (au lieu de 81,00 €, -25 %)",0,0,0,0,Améliorer la visibilité
bon-plan-magnifaik-coffret-regard-sublime-mascara-eyeliner-39-90-euros-juillet-2026,"Coffret Magnifaïk Regard Sublime à 39,90 € (-40%)",bon-plan,2026-07-03,Awin,awin1.com,"39,90 €",0,0,0,0,Améliorer la visibilité
bon-plan-magnifaik-coffret-teint-parfait-pinceau-fond-teint-embellisseur-84-80-euros-juillet-2026,"Coffret Magnifaïk Teint Parfait + Pinceau à 84,80 €",bon-plan,2026-07-03,Awin,awin1.com,"84,80 €",0,0,0,0,Améliorer la visibilité
bon-plan-magnifaik-creoles-boucles-oreilles-2026,"Magnifaïk Créoles Magnifaïk à 39,00 €",bon-plan,2026-07-24,Awin,awin1.com,"39,00 €",0,0,0,0,Améliorer la visibilité
bon-plan-magnifaik-volume-et-glow-mascara-embellisseur-2026,"Magnifaïk Volume & Glow à 51,20 € (-20 %)",bon-plan,2026-07-24,Awin,awin1.com,"51,20 € (au lieu de 64,00 €, -20 %)",0,0,0,0,Améliorer la visibilité
bon-plan-maped-kidy-learn-magic-satisfait-ou-rembourse-100-pourcent-2026,Maped Kidy Learn Magic : 100 % remboursé (jusqu'à 5 € TTC) — Offre Satisfait ou Remboursé jusqu'au 15 décembre 2026,bon-plan,2026-05-18,Direct / autre,fr.maped.com,100% remboursé (jusqu'à 5€ TTC) — 1 000 participations max,0,0,0,0,Améliorer la visibilité
bon-plan-masque-sommeil-3d-zero-pression-gel-rafraichissant-amazon-2026,"Masque sommeil 3D zéro pression gel rafraîchissant noir bleu à 16,99 €",bon-plan,2026-06-26,Amazon,Amazon,"16,99 €",0,0,0,0,Améliorer la visibilité
bon-plan-mattel-reine-des-neiges-coffret-elsa-ourson-amazon-2026,"Mattel Reine des Neiges coffret Elsa + Ourson + 4 accessoires à 7,50 €",bon-plan,2026-06-26,Amazon,Amazon,"7,50 €",0,0,0,0,Améliorer la visibilité
bon-plan-maybelline-sky-high-mascara-9-euros-au-lieu-de-15,"Bon Plan Amazon : Mascara Maybelline Sky High à 9,40 €",bon-plan,2026-07-03,Amazon,Amazon,"9,40 €",0,0,0,0,Améliorer la visibilité
bon-plan-medicube-age-r-booster-pro-mini-white-yesstyle-juin-2026,"medicube AGE-R Booster Pro Mini à 63,64€ chez YesStyle (-54%)",bon-plan,2026-07-07,Awin,tidd.ly,"63,64€ au lieu de 138,35€ (-54%)",0,0,0,0,Améliorer la visibilité
bon-plan-medicube-collagen-night-mask-yesstyle-juillet-2026,"Medicube Collagen Night Mask : le masque star à 18,99 € (-39 %)",bon-plan,2026-07-06,Awin,awin1.com,"18,99 € (au lieu de 31,13 €)",0,0,0,0,Améliorer la visibilité
bon-plan-medicube-pdrn-pink-one-yesstyle-juillet-2026,"Medicube PDRN Pink One : le sérum viral à 18,49 € (-38 %)",bon-plan,2026-07-06,Awin,awin1.com,"18,49 € (au lieu de 30,10 €)",0,0,0,0,Améliorer la visibilité
bon-plan-mga-pixel-petz-dalmatien-chien-interactif-numerique-8-euros,"MGA Pixel Petz Dalmatien chien interactif numérique à 7,99€",bon-plan,2026-06-23,Amazon,Amazon,"7,99 euros",0,0,0,0,Améliorer la visibilité
bon-plan-michael-kors-mk9183-alek-chrono-acier-homme-amazon-2026,"Montre Michael Kors MK9183 Alek chrono acier homme à 142,49 €",bon-plan,2026-06-26,Amazon,Amazon,"142,49 €",0,0,0,0,Améliorer la visibilité
bon-plan-midea-ventilateur-circulateur-air-dc-18w-110cm-64-euros,"Midea ventilateur circulateur d'air DC 18W 110cm à 63,99€",bon-plan,2026-06-23,Amazon,Amazon,"63,99 euros",0,0,0,0,Améliorer la visibilité
bon-plan-mini-ventilateur-portable-usb-3000mah-3-vitesses-amazon-2026,"Mini ventilateur portable USB 3000 mAh 3 vitesses extérieur à 15,99 €",bon-plan,2026-06-26,Amazon,Amazon,"15,99 €",0,0,0,0,Améliorer la visibilité
bon-plan-mini-ventilateur-portable-usb-4000mah-6-vitesses-laniere-amazon-2026,"Mini ventilateur portable USB 4000 mAh longue autonomie 6 vitesses à 18,95 €",bon-plan,2026-06-26,Amazon,Amazon,"18,95 €",0,0,0,0,Améliorer la visibilité
bon-plan-mixa-fluide-anti-uv-anti-imperfections-spf50-9-euros,"Mixa fluide anti-UV anti-imperfections SPF 50+ à 9,34€",bon-plan,2026-06-23,Amazon,Amazon,"9,34 euros",0,0,0,0,Améliorer la visibilité
bon-plan-mobicool-me27-glaciere-electrique-26-litres-12v-230v-61-euros,"Mobicool ME27 glacière électrique 26L 12V/230V à 61,19€",bon-plan,2026-06-23,Amazon,Amazon,"61,19 euros",0,0,0,0,Améliorer la visibilité
bon-plan-montre-connectee-amoled-1-43-pouces-militaire-gps-amazon-2026,"Montre connectée GPS AMOLED 1,43 pouces militaire 5ATM à 59,99 €",bon-plan,2026-06-26,Amazon,Amazon,"59,99 €",0,0,0,0,Améliorer la visibilité
bon-plan-monzana-deshumidificateur-20l-30m2-wifi-smart-home-amazon-2026,"Monzana déshumidificateur 20L/jour 30 m² WiFi smart home à 137,23 €",bon-plan,2026-06-26,Amazon,Amazon,"137,23 €",0,0,0,0,Améliorer la visibilité
bon-plan-mug-isotherme-stanley-1913-quencher-h20-flowstate-1-2-litre-amazon,"Mug isotherme Stanley Quencher H2.0 FlowState 1,2 L à 40,78 €",bon-plan,2026-06-27,Amazon,Amazon,"40,78€",0,0,0,0,Améliorer la visibilité
bon-plan-mulisoft-oreiller-cervical-2en1-memoire-forme-amazon-2026,"MULISOFT oreiller ergonomique cervical 2-en-1 mémoire forme tous dormeurs à 49,99 €",bon-plan,2026-06-26,Amazon,Amazon,"49,99 €",0,0,0,0,Améliorer la visibilité
bon-plan-narwal-freo-s-robot-aspirateur-laveur-station-vidage-juin-2026,Narwal Freo S aspirateur + laveur 8000 Pa station vidage à 169 €,bon-plan,2026-07-18,Direct / autre,ttanalytics.zigbuy.fr,169 € livraison gratuite + paiement 4× sans frais,0,0,0,0,Améliorer la visibilité
bon-plan-natures-finest-bronze-pro-complement-autobronzant-38-euros,"Nature's Finest Bronze PRO complément autobronzant à 38,39€",bon-plan,2026-06-23,Amazon,Amazon,"38,39 euros",0,0,0,0,Améliorer la visibilité
bon-plan-ninja-creami-deluxe-machine-glace-2-bacs-10-fonctions-190-euros,"Ninja CREAMi Deluxe machine glace 2 bacs 10 fonctions à 189,99€",bon-plan,2026-06-23,Amazon,Amazon,"189,99 euros",0,0,0,0,Améliorer la visibilité
bon-plan-ninja-creami-sorbetiere-scoop-and-swirl-13-modes-280-euros,"Ninja CREAMi Scoop and Swirl sorbetière 13 modes à 279,99€",bon-plan,2026-06-23,Amazon,Amazon,"279,99 euros",0,0,0,0,Améliorer la visibilité
bon-plan-ninja-crispi-pro-xl-airfryer-verre-5-7l-5-modes-220-euros,"Ninja CRISPi PRO XL airfryer verre 5,7L 5 modes à 219,99€",bon-plan,2026-06-23,Amazon,Amazon,"219,99 euros",0,0,0,0,Améliorer la visibilité
bon-plan-ninja-foodi-flexdrawer-airfryer-dual-zone-af500eu-165-euros,"Ninja Foodi FlexDrawer Dual Zone airfryer AF500EU à 164,99€",bon-plan,2026-06-23,Amazon,Amazon,"164,99 euros",0,0,0,0,Améliorer la visibilité
bon-plan-ninja-slushi-machine-granite-1-9l-5-modes-200-euros,"Ninja SLUSHi machine à granités 1,9L 5 modes à 199,99€",bon-plan,2026-06-23,Amazon,Amazon,"199,99 euros",0,0,0,0,Améliorer la visibilité
bon-plan-ninja-slushi-xl-machine-granita-3-7l-slushassist-280-euros,"Ninja SLUSHi XL machine granita 3,7L SlushAssist à 279,99€",bon-plan,2026-06-23,Amazon,Amazon,"279,99 euros",0,0,0,0,Améliorer la visibilité
bon-plan-nivea-eau-de-toilette-femme-creme-cheveux-corps-30ml-18-euros,"Nivea eau de toilette femme crème cheveux corps 30ml à 17,98€",bon-plan,2026-06-23,Amazon,Amazon,"17,98 euros",0,0,0,0,Améliorer la visibilité
bon-plan-nivea-sun-brume-protect-dry-touch-spf30-200ml-8-euros,"Nivea SUN brume Protect & Dry Touch SPF 30 200ml à 8,51€",bon-plan,2026-06-23,Amazon,Amazon,"8,51 euros",0,0,0,0,Améliorer la visibilité
bon-plan-nivea-sun-brume-protect-dry-touch-spf50-200ml-10-euros,"Nivea SUN brume Protect & Dry Touch SPF 50 200ml à 10,33€",bon-plan,2026-06-23,Amazon,Amazon,"10,33 euros",0,0,0,0,Améliorer la visibilité
bon-plan-nivea-sun-fluide-teinte-uv-spf50-medium-40ml-10-euros,"Nivea SUN fluide teinté UV SPF 50+ medium 40ml à 9,79€",bon-plan,2026-06-23,Amazon,Amazon,"9,79 euros",0,0,0,0,Améliorer la visibilité
bon-plan-nivea-sun-fluide-uv-luminous-630-spf50-40ml-6-euros,"Nivea SUN fluide UV Luminous 630 SPF 50+ 40ml à 6,48€",bon-plan,2026-06-23,Amazon,Amazon,"6,48 euros",0,0,0,0,Améliorer la visibilité
bon-plan-nivea-sun-lait-apres-soleil-aloe-vera-bio-400ml-10-euros,"Nivea SUN lait après soleil Aloe Vera bio 400ml à 10,02€",bon-plan,2026-06-23,Amazon,Amazon,"10,02 euros",0,0,0,0,Améliorer la visibilité
bon-plan-nivea-sun-spray-protect-hydrate-spf50-200ml-7-euros,"Nivea SUN spray Protect & Hydrate SPF 50+ 200ml à 7,15€",bon-plan,2026-06-23,Amazon,Amazon,"7,15 euros",0,0,0,0,Améliorer la visibilité
bon-plan-nivea-sun-spray-sensitive-peaux-sensibles-spf50-250ml-10-euros,"Nivea SUN spray sensitive peaux sensibles SPF 50+ 250ml à 9,99€",bon-plan,2026-06-23,Amazon,Amazon,"9,99 euros",0,0,0,0,Améliorer la visibilité
bon-plan-numbuzin-no-9-nad-pdrn-glow-boosting-toner-yesstyle-2026,"numbuzin No.9 NAD+ PDRN Toner 150 ml : 12,55 € (-39 %)",bon-plan,2026-07-20,YesStyle,YesStyle,"12,55 € (au lieu de 20,91 €)",0,0,0,0,Améliorer la visibilité
bon-plan-numbuzin-no-9-nad-retinol-volumetox-eye-cream-yesstyle-2026,"numbuzin No.9 NAD+ Retinol Eye Cream 10 ml : 10,20 € (-40 %)",bon-plan,2026-07-20,YesStyle,YesStyle,"10,20 € (au lieu de 17,00 €)",0,0,0,0,Améliorer la visibilité
bon-plan-nuxe-merveillance-lift-soin-jour-nuit-perfumes-club-juin-2026,"Bon plan Nuxe : Merveillance Lift jour & nuit 45,95€ (-29%)",bon-plan,2026-07-10,Tradedoubler,clk.tradedoubler.com,"45,95€",0,0,0,0,Améliorer la visibilité
bon-plan-ocoopa-couverture-plage-210x200-imperme-anti-sable-amazon-2026,"OCOOPA couverture plage 210x200 imperméable anti-sable pique-nique à 26,99 €",bon-plan,2026-06-26,Amazon,Amazon,"26,99 €",0,0,0,0,Améliorer la visibilité
bon-plan-olimpia-splendid-aquaria-s1-24p-deshumidificateur-100m3-amazon-2026,"Olimpia Splendid Aquaria S1 24P déshumidificateur 24L/24h jusqu'à 100 m³ à 227,30 €",bon-plan,2026-06-26,Amazon,Amazon,"227,30 €",0,0,0,0,Améliorer la visibilité
bon-plan-ombrelle-poussette-universelle-anti-uv-50-parasol-bebe-amazon,"Ombrelle poussette universelle anti-UV 50+ bébé à 26,99 €",bon-plan,2026-07-21,Amazon,Amazon,"26,99€",0,0,0,0,Améliorer la visibilité
bon-plan-ombrelle-poussette-universelle-parasol-reglable-85cm-anti-uv-50-amazon,"Ombrelle poussette 85 cm parasol réglable anti-UV 50+ à 17,50 €",bon-plan,2026-06-27,Amazon,Amazon,"17,50€",0,0,0,0,Améliorer la visibilité
bon-plan-oral-b-complete-plus-protect-fresh-dentifrice-lot-12-promo-amazon-2026,"Oral-B Complete Plus Protect & Fresh Lot de 12 a -30% sur Amazon : 18,48 euros les 12 tubes",bon-plan,2026-03-30,Amazon,Amazon,"18,48€",0,0,0,0,Améliorer la visibilité
bon-plan-orbegozo-air-38-climatiseur-portable-humidificateur-amazon-2026,"Orbegozo Air 38 rafraîchisseur portable + humidificateur à 75,99 €",bon-plan,2026-06-26,Amazon,Amazon,"75,99 €",0,0,0,0,Améliorer la visibilité
bon-plan-orbegozo-air-46-climatiseur-evaporation-3en1-telecommande-amazon-2026,"Orbegozo Air 46 rafraîchisseur d'air 3-en-1 réservoir 6L télécommande à 100,99 €",bon-plan,2026-06-26,Amazon,Amazon,"100,99 €",0,0,0,0,Améliorer la visibilité
bon-plan-orbegozo-sf0148-ventilateur-pied-oscillant-40cm-amazon-2026,"Orbegozo SF 0148 ventilateur sur pied oscillant 40 cm à 32,90 €",bon-plan,2026-07-01,Amazon,Amazon,"32,90 €",0,0,0,0,Améliorer la visibilité
bon-plan-orbegozo-sf0640-ventilateur-silencieux-telecommande-amazon-2026,"Orbegozo SF 0640 ventilateur silencieux télécommande mode nuit à 54,99 €",bon-plan,2026-06-26,Amazon,Amazon,"54,99 €",0,0,0,0,Améliorer la visibilité
bon-plan-orbegozo-tf0144-ventilateur-bureau-40cm-amazon-2026,"Orbegozo TF 0144 ventilateur de bureau oscillant 40 cm à 33,15 €",bon-plan,2026-06-26,Amazon,Amazon,"33,15 €",0,0,0,0,Améliorer la visibilité
bon-plan-oreiller-gel-rafraichissant-60x40-thermoregulation-oeko-tex-amazon-2026,Oreiller gel rafraîchissant 60x40 mémoire forme thermorégulation Oeko-Tex à 87 €,bon-plan,2026-06-26,Amazon,Amazon,"87,00 €",0,0,0,0,Améliorer la visibilité
bon-plan-oreiller-memoire-cervical-40x60-hauteur-personnalisable-amazon-2026,"Oreiller mémoire cervical ergonomique 40x60 hauteur personnalisable à 30,95 €",bon-plan,2026-06-26,Amazon,Amazon,"30,95 €",0,0,0,0,Améliorer la visibilité
bon-plan-orgsta-imprimante-etiquettes-thermique-bluetooth-promo-amazon-2026,ORGSTA T003 Imprimante Etiquettes Thermique a -50% sur Amazon : la mini étiqueteuse Bluetooth à 19 euros,bon-plan,2026-03-30,Amazon,Amazon,"19,99€",0,0,0,0,Améliorer la visibilité
bon-plan-outsunny-lot-2-tapis-plage-rembourres-dossier-inclinable-amazon-2026,"Outsunny lot 2 tapis plage rembourrés dossier inclinable + sangle à 37,75 €",bon-plan,2026-06-26,Amazon,Amazon,"37,75 €",0,0,0,0,Améliorer la visibilité
bon-plan-outsunny-parasol-plage-upf-50-bleu-marine-sac-amazon-2026,"Outsunny parasol plage UPF 50+ bleu marine + sac transport à 30,30 €",bon-plan,2026-06-26,Amazon,Amazon,"30,30 €",0,0,0,0,Améliorer la visibilité
bon-plan-pack-jimmy-matrix-m9-pro-s9-purificateur-eau-petillante-juin-2026,Pack JIMMY Matrix M9 Pro + S9 purificateur eau + pétillante à 599 €,bon-plan,2026-07-18,Direct / autre,ttanalytics.zigbuy.fr,599 € livraison gratuite + paiement 4× sans frais,0,0,0,0,Améliorer la visibilité
bon-plan-paic-liquide-vaisselle-eclat-citron-lot-4-750ml-7-euros,"Paic liquide vaisselle Éclat Citron lot 4×750ml à 6,62€",bon-plan,2026-06-23,Amazon,Amazon,"6,62 euros",0,0,0,0,Améliorer la visibilité
bon-plan-palawano-parasol-2-3m-anti-uv-vent-manivelle-amazon-2026,"Palawano parasol 2,3 m anti-UV/vent manivelle terrasse balcon à 36,99 €",bon-plan,2026-06-26,Amazon,Amazon,"36,99 €",0,0,0,0,Améliorer la visibilité
bon-plan-panneau-solaire-3w-batterie-4000mah-usb-c-ip65-amazon-2026,"Panneau solaire 3W batterie 4000 mAh USB-C IP65 caméra à 25,28 €",bon-plan,2026-06-26,Amazon,Amazon,"25,28 €",0,0,0,0,Améliorer la visibilité
bon-plan-parapluie-poussette-universel-gris-pliable-anti-uv-amazon,"Parapluie poussette universel gris pliable anti-UV à 23,90 €",bon-plan,2026-07-21,Amazon,Amazon,"23,90€",0,0,0,0,Améliorer la visibilité
bon-plan-parasol-plage-fiqops-strandmuschel-2-en-1-aluminium-amazon,"Parasol plage Fiqops 2-en-1 Strandmuschel aluminium à 48,59 €",bon-plan,2026-07-13,Amazon,Amazon,"48,59€",0,0,0,0,Améliorer la visibilité
bon-plan-parasol-plage-kingsleeve-uv-50-sac-transport-amazon,"Parasol Kingsleeve plage UV 50+ avec sac transport à 22,99 €",bon-plan,2026-06-27,Amazon,Amazon,"22,99€",0,0,0,0,Améliorer la visibilité
bon-plan-pare-soleil-poussette-universel-toile-anti-uv-upf-50-amazon,"Pare-soleil poussette universel toile anti-UV UPF 50+ à 9,99 €",bon-plan,2026-07-21,Amazon,Amazon,"9,99€",0,0,0,0,Améliorer la visibilité
bon-plan-pare-soleil-voiture-leiveste-pare-brise-pliable-ventouses-amazon,"Pare-soleil voiture Leiveste pare-brise + ventouses à 11,99 €",bon-plan,2026-06-27,Amazon,Amazon,"11,99€",0,0,0,0,Améliorer la visibilité
bon-plan-pataugeoire-piscine-gonflable-ronde-enfants-amazon,"Pataugeoire piscine gonflable ronde enfants à 18,99 €",bon-plan,2026-07-07,Amazon,Amazon,"18,99 €",0,0,0,0,Améliorer la visibilité
bon-plan-philips-civx-ventilateur-plafond-led-132cm-2500-lumens-amazon-2026,"Philips Civx ventilateur plafond LED 132 cm 2500 lumens 3 nuances à 85,89 €",bon-plan,2026-06-26,Amazon,Amazon,"85,89 €",0,0,0,0,Améliorer la visibilité
bon-plan-philips-hs9980-rasoir-tete-flexible-360-lames-comfortcut-90-euros,"Philips HS9980 rasoir tête flexible 360° ComfortCut à 89,99€",bon-plan,2026-06-23,Amazon,Amazon,"89,99 euros",0,0,0,0,Améliorer la visibilité
bon-plan-philips-lumea-ipl-479-euros-au-lieu-de-600,"Philips Lumea Series 8000 IPL à 279,99 € au lieu de 599,99 €",bon-plan,2026-06-10,Amazon,Amazon,"279,99 €",0,0,0,0,Améliorer la visibilité
bon-plan-philips-purificateur-air-4200-ac4221-anti-pollen-allergies-300-euros,"Philips purificateur d'air série 4200 AC4221 à 299,99€",bon-plan,2026-06-23,Amazon,Amazon,"299,99 euros",0,0,0,0,Améliorer la visibilité
bon-plan-pilot-frixion-ball-stick-8-stylos-effacables-encre-gel-9-euros,"Pilot FriXion Ball Stick 8 stylos effaçables encre gel à 9,29€",bon-plan,2026-06-23,Amazon,Amazon,"9,29 euros",0,0,0,0,Améliorer la visibilité
bon-plan-pin-up-secret-coffret-creme-precieuse-pin-up-secret-2026,"Pin Up Secret Coffret Crème Précieuse Pin Up Secret à 34,80 €",bon-plan,2026-07-24,TimeOne / Public Idées,a.time1.me,"34,80 €",0,0,0,0,Améliorer la visibilité
bon-plan-pin-up-secret-coffret-mes-essentiels-2026,"Pin Up Secret Coffret Mes Essentiels à 33,60 €",bon-plan,2026-07-24,TimeOne / Public Idées,a.time1.me,"33,60 €",0,0,0,0,Améliorer la visibilité
bon-plan-pin-up-secret-coffret-visage-routine-du-soir-secret-demaquillant-brume-peaux-mixtes-grasses-2026,"Pin Up Secret Coffret Visage Routine du Soir Secret Démaquillant Brume à 37,12 €",bon-plan,2026-07-24,TimeOne / Public Idées,a.time1.me,"37,12 €",0,0,0,0,Améliorer la visibilité
bon-plan-pin-up-secret-creme-precieuse-au-lait-de-chevre-2026,"Pin Up Secret Crème Précieuse au Lait de Chèvre à 16,00 €",bon-plan,2026-07-24,TimeOne / Public Idées,a.time1.me,"16,00 €",0,0,0,0,Améliorer la visibilité
bon-plan-pin-up-secret-set-special-lait-de-chevre-2026,"Pin Up Secret Set Spécial Lait de Chèvre à 42,00 €",bon-plan,2026-07-24,TimeOne / Public Idées,a.time1.me,"42,00 €",0,0,0,0,Améliorer la visibilité
bon-plan-pin-up-secret-set-visage-apaisant-2026,"Pin Up Secret Set Visage Apaisant à 39,96 €",bon-plan,2026-07-24,TimeOne / Public Idées,a.time1.me,"39,96 €",0,0,0,0,Améliorer la visibilité
bon-plan-pin-up-secret-set-visage-complet-soin-doux-exfoliant-2026,"Pin Up Secret Set Visage Complet Soin Doux Exfoliant à 56,80 €",bon-plan,2026-07-24,TimeOne / Public Idées,a.time1.me,"56,80 €",0,0,0,0,Améliorer la visibilité
bon-plan-pin-up-secret-set-visage-petite-routine-du-soir-peaux-mixtes-grasses-2026,"Pin Up Secret Set Visage Petite Routine du Soir à 29,56 €",bon-plan,2026-07-24,TimeOne / Public Idées,a.time1.me,"29,56 €",0,0,0,0,Améliorer la visibilité
bon-plan-pin-up-secret-set-visage-petite-routine-du-soir-peaux-seches-2026,"Pin Up Secret Set Visage Petite Routine du Soir à 32,40 €",bon-plan,2026-07-24,TimeOne / Public Idées,a.time1.me,"32,40 €",0,0,0,0,Améliorer la visibilité
bon-plan-pirates-world-les-sables-dor-cap-agde-mobil-home-mai-2026,Pirates World Cap d'Agde : mobil-home + parc aquatique inclus,bon-plan,2026-07-22,Direct / autre,lk.gt,Mobil-homes 4 à 6 personnes (avec accès parc aquatique inclus),0,0,0,0,Améliorer la visibilité
bon-plan-piscine-intex-easy-set-28101eh-amazon,"Piscine Intex Easy Set 28101EH coloris bleu à 46,21 €",bon-plan,2026-07-07,Amazon,Amazon,"46,21€",0,0,0,0,Améliorer la visibilité
bon-plan-piscine-intex-swim-center-family-lounge-229-218-76-amazon,"Piscine Intex Swim Center Family Lounge 229×218×76 à 50,47 €",bon-plan,2026-07-13,Amazon,Amazon,"50,47€",0,0,0,0,Améliorer la visibilité
bon-plan-piscine-rectangulaire-3m-201m-66cm-amazon,"Piscine rectangulaire 3,00 × 2,01 × 0,66 m à 90,40 €",bon-plan,2026-07-07,Amazon,Amazon,"90,40 €",0,0,0,0,Améliorer la visibilité
bon-plan-piscine-tubulaire-funsicle-rectangulaire-213-152-061-amazon,"Piscine tubulaire Funsicle 2,13 × 1,52 × 0,61 m à 65,99 €",bon-plan,2026-06-27,Amazon,Amazon,"65,99€",0,0,0,0,Améliorer la visibilité
bon-plan-piscine-tubulaire-ronde-lanocean-300-76-amazon,"Piscine tubulaire ronde LanOcean 300×76 cm à 145,98 €",bon-plan,2026-06-27,Amazon,Amazon,"145,98€",0,0,0,0,Améliorer la visibilité
bon-plan-piscinette-intex-family-rectangulaire-coloris-aleatoire-amazon,"Piscinette Intex Family rectangulaire à 20,97 €",bon-plan,2026-06-27,Amazon,Amazon,"20,97€",0,0,0,0,Améliorer la visibilité
bon-plan-play-doh-pack-20-pots-pate-a-modeler-10-euros,"Play-Doh pack 20 pots de pâte à modeler à 9,99€",bon-plan,2026-06-23,Amazon,Amazon,"9,99 euros",0,0,0,0,Améliorer la visibilité
bon-plan-ponceuse-ongles-electrique-pkbd-45000rpm-promo-amazon-2026,"Ponceuse ongles électrique PKBD 45 000 RPM à 23,64 € (-41 %)",bon-plan,2026-07-26,Amazon,Amazon,"23,64 € au lieu de 39,99 € (-41 %)",0,0,0,0,Améliorer la visibilité
bon-plan-pranarom-baume-crevasses-allaitement-bio-2026,"Pranarôm Baume Crevasses Allaitement Bio à 6,30 € (-40 %)",bon-plan,2026-07-24,Affilae,lb.affilae.com,"6,30 € (au lieu de 10,45 €, -40 %)",0,0,0,0,Améliorer la visibilité
bon-plan-pranarom-diy-soin-eclat-visage-3-produits-offerts-2026,"Pranarôm DIY Soin Éclat Visage - 3 Produits Offerts à 18,50 € (-30 %)",bon-plan,2026-07-24,Affilae,lb.affilae.com,"18,50 € (au lieu de 26,40 €, -30 %)",0,0,0,0,Améliorer la visibilité
bon-plan-pranarom-duo-roller-anti-moustiques-apres-piqures-bebe-bio-2026,"Pranarôm Duo Roller Anti-Moustiques + Après-Piqûres Bébé Bio à 15,20 € (-20 %)",bon-plan,2026-07-24,Affilae,lb.affilae.com,"15,20 € (au lieu de 19,00 €, -20 %)",0,0,0,0,Améliorer la visibilité
bon-plan-pranarom-duo-roller-apres-piqures-bio-2026,"Pranarôm Duo Roller Après-Piqûres Bio à 13,60 € (-20 %)",bon-plan,2026-07-24,Affilae,lb.affilae.com,"13,60 € (au lieu de 17,00 €, -20 %)",0,0,0,0,Améliorer la visibilité
bon-plan-pranarom-duo-spray-assainissant-gel-hydro-ravintsara-tea-tree-bio-2026,Pranarôm Duo Pack Spray Assainissant + Gel Hydroalcoolique Ravintsara Tea-tree Bio à 17…,bon-plan,2026-07-24,Affilae,lb.affilae.com,"17,95 € (au lieu de 21,10 €, -15 %)",0,0,0,0,Améliorer la visibilité
bon-plan-pranarom-huile-essentielle-eucalyptus-radie-2026,"Pranarôm Huile Essentielle d'Eucalyptus Radié à 4,60 € (-20 %)",bon-plan,2026-07-24,Affilae,lb.affilae.com,"4,60 € (au lieu de 5,75 €, -20 %)",0,0,0,0,Améliorer la visibilité
bon-plan-pranarom-huile-essentielle-romarin-camphre-bio-2026,"Pranarôm Huile Essentielle de Romarin à Camphre Bio à 7,23 € (-15 %)",bon-plan,2026-07-24,Affilae,lb.affilae.com,"7,23 € (au lieu de 8,50 €, -15 %)",0,0,0,0,Améliorer la visibilité
bon-plan-pranarom-huile-massage-amande-douce-bio-2026,"Pranarôm Huile Massage Amande Douce Bio à 6,32 € (-20 %)",bon-plan,2026-07-24,Affilae,lb.affilae.com,"6,32 € (au lieu de 7,90 €, -20 %)",0,0,0,0,Améliorer la visibilité
bon-plan-pranarom-livre-huiles-vegetales-cest-malin-2026,"Pranarôm Livre ""Les Huiles Végétales, c'est malin"" à 12,64 € (-30 %)",bon-plan,2026-07-24,Affilae,lb.affilae.com,"12,64 € (au lieu de 18,05 €, -30 %)",0,0,0,0,Améliorer la visibilité
bon-plan-puma-teamrise-jersey-tricot-mixte-amazon-2026,"PUMA Teamrise jersey maillot tricot mixte à 10,99 €",bon-plan,2026-06-26,Amazon,Amazon,"10,99 €",0,0,0,0,Améliorer la visibilité
bon-plan-purecozy-tapis-salon-160x230-blanc-lavable-promo-amazon-2026,Tapis Salon PureCozy 160x230cm a -57% sur Amazon : tapis blanc géométrique lavable en machine pour 34 euros,bon-plan,2026-03-30,Amazon,Amazon,"34,71€",0,0,0,0,Améliorer la visibilité
bon-plan-puressentiel-circulation-gel-ultra-frais-jambes-lourdes-amazon-2026,"Puressentiel Circulation gel jambes lourdes à 8,71 €",bon-plan,2026-07-26,Amazon,Amazon,"8,71 €",0,0,0,0,Améliorer la visibilité
bon-plan-purina-pro-plan-smash-gagnant-40-euros-rembourses-croquettes-juin-septembre-2026,Pro Plan Smash Gagnant 2026 : 40€ Remboursés sur Croquettes,bon-plan,2026-06-01,Direct / autre,purina.fr,Jusqu'à 40€ remboursés sur achat d'un sac Pro Plan,0,0,0,0,Améliorer la visibilité
bon-plan-rainbow-high-swim-style-sunny-poupee-amazon-2026,Rainbow High poupée Swim & Style Sunny + accessoires à 8 €,bon-plan,2026-06-26,Amazon,Amazon,"8,00 €",0,0,0,0,Améliorer la visibilité
bon-plan-rakuten-ninja-crispi-fn101eugd-air-fryer-verre-4en1-gingembre-juillet-2026,"Ninja CRISPi FN101EUGD Air Fryer Modulaire en Verre 4-en-1 Gingembre chez Rakuten à 99,…",bon-plan,2026-07-24,Effiliation,track.effiliation.com,"99,99 € (au lieu de 119,00 €, -16 %)",0,0,0,0,Améliorer la visibilité
bon-plan-raxco-lot-18-couteaux-cuisine-bloc-amazon-2026,"Raxco lot 18 couteaux de cuisine avec bloc + ustensiles à 39,99 €",bon-plan,2026-06-26,Amazon,Amazon,"39,99 €",0,0,0,0,Améliorer la visibilité
bon-plan-reebok-baskets-charge-run-homme-shadow-chalk-33-euros,"Reebok baskets Charge Run homme Shadow/Chalk à 32,79€",bon-plan,2026-06-23,Amazon,Amazon,"32,79 euros",0,0,0,0,Améliorer la visibilité
bon-plan-reebok-glide-baskets-femme-amazon-2026,"Reebok Glide baskets sneakers femme à 53,99 €",bon-plan,2026-07-13,Amazon,Amazon,"53,99 €",0,0,0,0,Améliorer la visibilité
bon-plan-reebok-rewind-run-sneakers-basses-noir-blanc-mixte-34-euros,"Reebok Rewind Run sneakers basses mixtes noir/blanc à 33,09 €",bon-plan,2026-07-22,Amazon,Amazon,"33,09 €",0,0,0,0,Améliorer la visibilité
bon-plan-refrigerateur-congelateur-portable-indel-b-itb42-42l-compresseur-amazon,Frigo congélateur portable Indel B ITB42 42 L à 304 €,bon-plan,2026-06-27,Amazon,Amazon,"304,00€",0,0,0,0,Améliorer la visibilité
bon-plan-relax4life-grand-parasol-double-4-7m-pied-12-baleines-amazon-2026,"Relax4Life grand parasol double 4,7 m pied 12 baleines manivelle à 127,29 €",bon-plan,2026-06-26,Amazon,Amazon,"127,29 €",0,0,0,0,Améliorer la visibilité
bon-plan-remington-boucleur-conique-13-25mm-ceramique-perles-17-euros,"Remington boucleur conique 13-25mm céramique perles à 16,99€",bon-plan,2026-06-23,Amazon,Amazon,"16,99 euros",0,0,0,0,Améliorer la visibilité
bon-plan-remington-brosse-soufflante-rotative-keratin-protect-1000w-30-euros,"Remington brosse soufflante rotative Keratin Protect 1000W à 29,99€",bon-plan,2026-06-23,Amazon,Amazon,"29,99 euros",0,0,0,0,Améliorer la visibilité
bon-plan-remington-cb7480-brosse-lissante-keratine-53-euros,"Remington Brosse Lissante Keratin Protect CB7480 à 29,99 € sur Amazon",bon-plan,2026-06-09,Amazon,Amazon,"29,99 €",0,0,0,0,Améliorer la visibilité
bon-plan-remington-d3198-seche-cheveux-ionique-2200w-diffuseur-16-euros,"Remington D3198 sèche-cheveux ionique 2200W diffuseur à 15,99€",bon-plan,2026-06-23,Amazon,Amazon,"15,99 euros",0,0,0,0,Améliorer la visibilité
bon-plan-remington-lisseur-ceramique-25-euros-au-lieu-de-56,"Lisseur Remington Pro-Ceramic Extra S5525 à 19,99 € (-64%)",bon-plan,2026-06-23,Amazon,Amazon,"19,99 € au lieu de 55,99 €",0,0,0,0,Améliorer la visibilité
bon-plan-remington-seche-cheveux-proluxe-39-euros-au-lieu-de-80,"Sèche-Cheveux Remington PROluxe à 34,99 € (-56 %)",bon-plan,2026-06-10,Amazon,Amazon,"34,99 €",0,0,0,0,Améliorer la visibilité
bon-plan-remington-xr1501-rx5-rasoir-electrique-5-tetes-rotatives-35-euros,"Remington XR1501 RX5 rasoir électrique 5 têtes Wet & Dry à 34,99€",bon-plan,2026-06-23,Amazon,Amazon,"34,99 euros",0,0,0,0,Améliorer la visibilité
bon-plan-revitalash-duo-serum-sourcils-revitabrow-masque-89-euros-juin-2026,Duo RevitaLash : Sérum RevitaBrow + Masque sourcils à 89 € (-20 %),bon-plan,2026-07-07,Awin,tidd.ly,"89,00 € au lieu de 110,80 € (-20 %)",0,0,0,0,Améliorer la visibilité
bon-plan-revix-lot-2-packs-glace-blessures-sangle-amazon-2026,"REVIX lot 2 packs glace réutilisables sangle réglable chaud/froid à 11,99 €",bon-plan,2026-06-26,Amazon,Amazon,"11,99 €",0,0,0,0,Améliorer la visibilité
bon-plan-rideaux-occultants-jaune-moutarde-oeillets-promo-amazon-2026,"Rideaux occultants jaune moutarde à œillets à 22,78 € (−38 %)",bon-plan,2026-06-05,Amazon,Amazon,"22,78 € au lieu de 36,95 € (-38 %)",0,0,0,0,Améliorer la visibilité
bon-plan-roborock-q10-s5-plus-aspirateur-robot-laveur-promo-amazon-2026,Roborock Q10 S5+ Aspirateur Robot Laveur a -47% sur Amazon : 229 euros au lieu de 429 euros,bon-plan,2026-03-30,Amazon,Amazon,"229,99€",0,0,0,0,Améliorer la visibilité
bon-plan-roborock-qv-35a-aspirateur-robot-laveur-station-300-euros,"Roborock QV 35A aspirateur robot laveur station à 299,99€",bon-plan,2026-06-23,Amazon,Amazon,"299,99 euros",0,0,0,0,Améliorer la visibilité
bon-plan-rose-caramel-purity-excel-dissolvant-autobronzant-440ml-23-euros,"Rose & Caramel dissolvant autobronzant 440ml à 22,79€",bon-plan,2026-06-23,Amazon,Amazon,"22,79 euros",0,0,0,0,Améliorer la visibilité
bon-plan-rougj-creme-solaire-spf50-visage-corps-100ml-lot-3-30-euros,"Rougj crème solaire SPF 50+ visage corps 100ml lot 3 à 29,90€",bon-plan,2026-06-23,Amazon,Amazon,"29,90 euros",0,0,0,0,Améliorer la visibilité
bon-plan-rowenta-xpert-660-aspirateur-balai-sans-fil-99-euros-amazon-mai-2026,"Rowenta X-Pert 6.60 aspirateur balai sans fil à 94,98 €",bon-plan,2026-06-28,Amazon,Amazon,"94,98 €",0,0,0,0,Améliorer la visibilité
bon-plan-russell-hobbs-mixeur-plongeant-3-en-1-rouge-blender-20-euros,"Russell Hobbs mixeur plongeant 3 en 1 rouge blender à 19,99€",bon-plan,2026-06-23,Amazon,Amazon,"19,99 euros",0,0,0,0,Améliorer la visibilité
bon-plan-samsung-galaxy-a35-5g-128go-enceinte-jbl-go3-offerte-249-euros,"Samsung Galaxy A35 5G 128 Go smartphone Android déverrouillé à 230,08 €",bon-plan,2026-07-24,Amazon,Amazon,"230,08 €",0,0,0,0,Améliorer la visibilité
bon-plan-samsung-galaxy-book4-edge-ordinateur-portable-ia-amazon-2026,"Samsung Galaxy Book4 Edge IA Copilot+ 15,6"" à 569 €",bon-plan,2026-06-28,Amazon,Amazon,569 €,0,0,0,0,Améliorer la visibilité
bon-plan-samsung-galaxy-buds3-pro-argent-129-euros-amazon-mai-2026,Samsung Galaxy Buds3 Pro Argent ANC Galaxy AI à 129 €,bon-plan,2026-06-26,Amazon,Amazon,"129,00 €",0,0,0,0,Améliorer la visibilité
bon-plan-samsung-galaxy-buds3-pro-ecouteurs-bluetooth-anc-120-euros,"Samsung Galaxy Buds3 Pro écouteurs Bluetooth ANC à 119,99€",bon-plan,2026-06-23,Amazon,Amazon,"119,99 euros",0,0,0,0,Améliorer la visibilité
bon-plan-samsung-galaxy-s26-256go-galaxy-ai-chargeur-25w-699-euros,Samsung Galaxy S26 256Go Galaxy AI + chargeur 25W à 699€,bon-plan,2026-06-23,Amazon,Amazon,"699,00 euros",0,0,0,0,Améliorer la visibilité
bon-plan-samsung-galaxy-watch-ultra-2025-47mm-bleu-titane-gps-4g-amazon-2026,"Samsung Galaxy Watch Ultra 2025 47 mm GPS 4G Bleu Titane à 489,99 €",bon-plan,2026-07-01,Amazon,Amazon,"489,99 €",0,0,0,0,Améliorer la visibilité
bon-plan-seche-cheveux-haokoo-ions-negatifs-diffuseur-boucle-promo-amazon-2026,"Seche-cheveux Haokoo diffuseur boucle a -51% sur Amazon : ions negatifs, 9 temperatures, moteur 160 000 tr/min",bon-plan,2026-03-29,Amazon,Amazon,"56,99€",0,0,0,0,Améliorer la visibilité
bon-plan-seesii-scie-sabre-sans-fil-21v-2-batteries-77-euros-amazon-mai-2026,"Scie sabre Seesii sans fil 21 V + 2 batteries à 69,69 € (−37 %)",bon-plan,2026-06-05,Amazon,Amazon,"69,69 € au lieu de 109,99 € (-37 %)",0,0,0,0,Améliorer la visibilité
bon-plan-segway-navimow-i210-lidar-pro-robot-tondeuse-rtk-949-euros,Segway Navimow i210 LiDAR Pro robot tondeuse RTK à 949€,bon-plan,2026-06-23,Amazon,Amazon,"949,00 euros",0,0,0,0,Améliorer la visibilité
bon-plan-segway-navimow-x420-robot-tondeuse-rtk-4-roues-motrices-pente-84-pourcent-949-euros,Segway Navimow X420 robot tondeuse 4×4 RTK pentes 84% à 949€,bon-plan,2026-06-23,Amazon,Amazon,"949,00 euros",0,0,0,0,Améliorer la visibilité
bon-plan-sekey-parasol-220cm-manivelle-basculement-auto-amazon-2026,Sekey parasol 220 cm manivelle basculement auto UPF 50+ à 45 €,bon-plan,2026-07-07,Amazon,Amazon,"45,00 €",0,0,0,0,Améliorer la visibilité
bon-plan-serenelife-climatiseur-mobile-9000-btu-wifi-sans-unite-amazon-2026,"SereneLife climatiseur mobile 9000 BTU WiFi mode nuit + kit fenêtre à 446,99 €",bon-plan,2026-06-26,Amazon,Amazon,"446,99 €",0,0,0,0,Améliorer la visibilité
bon-plan-severin-friteuse-air-chaud-double-zone-air-fryer-amazon-2026,"Severin friteuse air chaud double zone 10 programmes à 47,49 €",bon-plan,2026-06-26,Amazon,Amazon,"47,49 €",0,0,0,0,Améliorer la visibilité
bon-plan-shokz-openrun-casque-bluetooth-conduction-osseuse-ip67-99-euros,Shokz OpenRun casque conduction osseuse IP67 USB-C noir à 99€,bon-plan,2026-06-23,Amazon,Amazon,"99,00 euros",0,0,0,0,Améliorer la visibilité
bon-plan-skin1004-centella-toner-11-euros-au-lieu-de-20,"SKIN1004 Centella Toning Toner à 11,84 € au lieu de 19,78 € sur YesStyle (-40 %)",bon-plan,2026-07-25,Awin,awin1.com,"11,84 €",0,0,0,0,Améliorer la visibilité
bon-plan-sobio-etic-gelee-de-nuit-anti-age-2026,"So'Bio Etic Gelée de nuit anti-âge à 12,60 €",bon-plan,2026-07-24,Direct / autre,ryt.leanature.com,"12,60 €",0,0,0,0,Améliorer la visibilité
bon-plan-sobio-etic-la-routine-ride-eclat-lift-grenade-2026,"So'Bio Etic La routine ride + éclat Lift Grenade à 42,00 €",bon-plan,2026-07-24,Direct / autre,ryt.leanature.com,"42,00 €",0,0,0,0,Améliorer la visibilité
bon-plan-sobio-etic-routine-clean-yuzu-2026,"So'Bio Etic Routine Clean'Yuzu à 22,90 €",bon-plan,2026-07-24,Direct / autre,ryt.leanature.com,"22,90 €",0,0,0,0,Améliorer la visibilité
bon-plan-sobio-etic-routine-eclat-peaux-matures-2026,"So'Bio Etic Routine éclat peaux matures à 37,00 €",bon-plan,2026-07-24,Direct / autre,ryt.leanature.com,"37,00 €",0,0,0,0,Améliorer la visibilité
bon-plan-sobio-etic-routine-peaux-tres-seches-hydra-aloe-vera-2026,"So'Bio Etic Routine Peaux très sèches Hydra Aloe Vera à 16,00 €",bon-plan,2026-07-24,Direct / autre,ryt.leanature.com,"16,00 €",0,0,0,0,Améliorer la visibilité
bon-plan-sobio-etic-soin-leger-anti-age-nuit-2026,"So'Bio Etic Soin léger anti-âge Nuit à 11,00 €",bon-plan,2026-07-24,Direct / autre,ryt.leanature.com,"11,00 €",0,0,0,0,Améliorer la visibilité
bon-plan-sobio-etic-soin-peeling-doux-nuit-2026,"So'Bio Etic Soin peeling doux nuit à 20,40 €",bon-plan,2026-07-24,Direct / autre,ryt.leanature.com,"20,40 €",0,0,0,0,Améliorer la visibilité
bon-plan-sobio-etic-soin-repulpant-lissant-eclat-nuit-2026,"So'Bio Etic Soin repulpant lissant éclat Nuit à 9,24 €",bon-plan,2026-07-24,Direct / autre,ryt.leanature.com,"9,24 €",0,0,0,0,Améliorer la visibilité
bon-plan-sobio-etic-soins-anti-age-peaux-seches-2026,"So'Bio Etic Soins Anti-âge peaux sèches à 36,00 €",bon-plan,2026-07-24,Direct / autre,ryt.leanature.com,"36,00 €",0,0,0,0,Améliorer la visibilité
bon-plan-spray-rafraichissant-temps-chaud-brume-visage-amazon-2026,"Spray rafraîchissant temps chaud brume visage anti coup de chaleur à 9,99 €",bon-plan,2026-06-26,Amazon,Amazon,"9,99 €",0,0,0,0,Améliorer la visibilité
bon-plan-stabilo-boss-original-surligneur-set-bureau-15-pieces-amazon-2026,Stabilo Boss Original lot 15 surligneurs fluo + pastel à 10 €,bon-plan,2026-06-26,Amazon,Amazon,"10,00 €",0,0,0,0,Améliorer la visibilité
bon-plan-sumtab-tablette-enfants-7-pouces-android-44-euros-amazon-mai-2026,"Tablette enfants SUMTAB 7 pouces Android avec étui antichoc à 44,63 € sur Amazon",bon-plan,2026-05-16,Amazon,Amazon,"44,63 € au lieu de 47,98 €",0,0,0,0,Améliorer la visibilité
bon-plan-sunsare-aspirateur-balai-sans-fil-600w-50kpa-promo-amazon-2026,SunSare aspirateur balai sans fil 600 W à 139 € (−47 %),bon-plan,2026-06-05,Amazon,Amazon,"139 € au lieu de 259,99 € (-47 %)",0,0,0,0,Améliorer la visibilité
bon-plan-systeme-brumisation-exterieur-pied-terrasse-4-buses-amazon-2026,"Système de brumisation extérieur sur pied terrasse jardin 4 buses à 36,99 €",bon-plan,2026-06-26,Amazon,Amazon,"36,99 €",0,0,0,0,Améliorer la visibilité
bon-plan-tablette-10-pouces-android-20go-ram-128go-amazon-2026,"Tablette 10 pouces Android 20 Go RAM + 128 Go à 75,99 €",bon-plan,2026-06-26,Amazon,Amazon,"75,99 €",0,0,0,0,Améliorer la visibilité
bon-plan-tablette-android-10-pouces-clavier-souris-85-euros-amazon-2026,"Tablette Android 10.1 Pouces avec Clavier et Souris à 85,99 euros au lieu de 189,99 euros (-55%)",bon-plan,2026-03-27,Amazon,Amazon,"85,99€",0,0,0,0,Améliorer la visibilité
bon-plan-taktark-babyphone-camera-720p-vision-nocturne-promo-amazon-2026,"TakTark Babyphone Caméra 2,8 pouces a -51% sur Amazon : le vidéo-babyphone à 34 euros",bon-plan,2026-03-30,Amazon,Amazon,"34,28€",0,0,0,0,Améliorer la visibilité
bon-plan-tefal-duetto-batterie-cuisine-7-pieces-induction-inox-80-euros,"Tefal Duetto batterie cuisine 7 pièces induction inox à 79,99€",bon-plan,2026-06-23,Amazon,Amazon,"79,99 euros",0,0,0,0,Améliorer la visibilité
bon-plan-tefal-ingenio-batterie-cuisine-20-pieces-114-euros,"Tefal Ingenio batterie cuisine 20 pièces à 113,69€",bon-plan,2026-06-23,Amazon,Amazon,"113,69 euros",0,0,0,0,Améliorer la visibilité
bon-plan-tefal-ingenio-serenity-batterie-4-pieces-antiadhesive-40-euros,"Tefal Ingenio Serenity batterie 4 pièces antiadhésive à 39,99€",bon-plan,2026-06-23,Amazon,Amazon,"39,99 euros",0,0,0,0,Améliorer la visibilité
bon-plan-tente-plage-wolfwise-pop-up-3-personnes-upf-50-amazon,"Tente de plage Wolfwise pop-up 3 personnes UPF 50+ à 39,99 €",bon-plan,2026-06-27,Amazon,Amazon,"39,99€",0,0,0,0,Améliorer la visibilité
bon-plan-thalgo-produits-cultes-creme-fondante-hydratante-2026,"Thalgo Crème Fondante Hydratante à 21,00 €",bon-plan,2026-07-24,Direct / autre,lk.gt,"21,00 €",0,0,0,0,Améliorer la visibilité
bon-plan-thalgo-produits-cultes-creme-riche-correction-rides-2026,"Thalgo Crème Riche Correction Rides à 31,00 €",bon-plan,2026-07-24,Direct / autre,lk.gt,"31,00 €",0,0,0,0,Améliorer la visibilité
bon-plan-thalgo-source-marine-creme-fondante-rehydratante-24h-2026,"Thalgo Crème Fondante Réhydratante 24H à 51,00 €",bon-plan,2026-07-24,Direct / autre,lk.gt,"51,00 €",0,0,0,0,Améliorer la visibilité
bon-plan-thalgo-source-marine-soin-de-nuit-ressourcant-2026,"Thalgo Soin de Nuit Ressourçant à 56,00 €",bon-plan,2026-07-24,Direct / autre,lk.gt,"56,00 €",0,0,0,0,Améliorer la visibilité
bon-plan-the-ordinary-serum-multi-peptides-cuivre-anti-age-amazon-2026,The Ordinary Serum Multi-Peptides + Cuivre 1% a -20% sur Amazon : l'anti-age a forte demande,bon-plan,2026-03-29,Amazon,Amazon,"26,59€",0,0,0,0,Améliorer la visibilité
bon-plan-tineco-floor-one-i5-stretch-aspirateur-laveur-20kpa-154-euros,Tineco Floor One i5 Stretch aspirateur laveur 20kPa 180° à 154€,bon-plan,2026-06-23,Amazon,Amazon,"154,00 euros",0,0,0,0,Améliorer la visibilité
bon-plan-tineco-floor-one-s7-pro-aspirateur-laveur-sans-fil-amazon-2026,"Tineco Floor One S7 Pro aspirateur laveur sans fil à 289,99 €",bon-plan,2026-06-28,Amazon,Amazon,"289,99 €",0,0,0,0,Améliorer la visibilité
bon-plan-tire-lait-electrique-haokoo-portable-promo-amazon-2026,"Tire-lait electrique Haokoo a -46% sur Amazon : portable, silencieux et mains libres",bon-plan,2026-07-07,Amazon,Amazon,"38,79€",0,0,0,0,Améliorer la visibilité
bon-plan-tk-gruppe-coussins-refroidissants-gel-accumulateurs-amazon-2026,"TK Gruppe set coussins refroidissants gel accumulateurs froid à 12,99 €",bon-plan,2026-06-26,Amazon,Amazon,"12,99 €",0,0,0,0,Améliorer la visibilité
bon-plan-tommee-tippee-poubelle-couches-twist-click-2-recharges-15-euros,"Tommee Tippee poubelle à couches Twist & Click + 2 recharges à 14,98€",bon-plan,2026-06-23,Amazon,Amazon,"14,98 euros",0,0,0,0,Améliorer la visibilité
bon-plan-tondeuse-essence-stiga-multiclip-47-mulching-123cc-amazon,Tondeuse essence STIGA Multiclip 47 mulching à 284 €,bon-plan,2026-06-28,Amazon,Amazon,"284,00€",0,0,0,0,Améliorer la visibilité
bon-plan-tondeuse-essence-tractee-alpina-al4-46-sh-145cc-46cm-amazon,"Tondeuse essence tractée Alpina AL4 46 SH 145 cc à 255,55 €",bon-plan,2026-06-28,Amazon,Amazon,"255,55€",0,0,0,0,Améliorer la visibilité
bon-plan-tondeuse-sans-fil-snapfresh-40v-40cm-bac-42l-amazon,"Tondeuse sans fil SnapFresh 40V largeur 40 cm à 269,99 €",bon-plan,2026-06-28,Amazon,Amazon,"269,99€",0,0,0,0,Améliorer la visibilité
bon-plan-tondeuse-tractee-stiga-combi-553-s-166cc-51cm-amazon,Tondeuse tractée STIGA Combi 553 S 166 cc à 382 €,bon-plan,2026-06-28,Amazon,Amazon,"382,00€",0,0,0,0,Améliorer la visibilité
bon-plan-topicrem-etui-solaire-spf50-3-produits-50ml-perfumes-club-juin-2026,"Bon plan Topicrem : étui solaire SPF50+ 3 produits 14,63€ (-25%)",bon-plan,2026-07-10,Tradedoubler,clk.tradedoubler.com,"14,63€",0,0,0,0,Améliorer la visibilité
bon-plan-tornado-tphaw-07abg-climatiseur-portatif-7000-btu-amazon-2026,"Tornado TPHAW-07ABG climatiseur portatif 7000 BTU 790 W à 299,90 €",bon-plan,2026-06-26,Amazon,Amazon,"299,90 €",0,0,0,0,Améliorer la visibilité
bon-plan-touroll-s3-velo-electrique-pliant-pneus-fat-juin-2026,Touroll S3 vélo électrique pliant fat bike 20 pouces 65 km à 649 €,bon-plan,2026-06-27,Direct / autre,ttanalytics.zigbuy.fr,"649 € livraison gratuite + paiement 3× ou 4× sans frais (prévente, expédition dès le 25 juin)",0,0,0,0,Améliorer la visibilité
bon-plan-tristar-bouilloire-wk-3372-classe-a-promo-amazon-2026,Tristar WK-3372 Bouilloire Classe A a -37% sur Amazon : la bouilloire à moins de 10 euros,bon-plan,2026-03-30,Amazon,Amazon,"9,99€",0,0,0,0,Améliorer la visibilité
bon-plan-tuibeidamai-parasol-plage-160cm-manchon-sol-pivotant-360-amazon-2026,"Tuibeidamai parasol plage 160 cm manchon sol pivotant 360° à 24,99 €",bon-plan,2026-06-26,Amazon,Amazon,"24,99 €",0,0,0,0,Améliorer la visibilité
bon-plan-ukliss-lisseur-plaques-larges-2en1-promo-amazon-2026,UKLISS Lisseur Plaques Larges 2 en 1 a -40% sur Amazon : lissage et bouclage pour 11 euros,bon-plan,2026-03-30,Amazon,Amazon,"11,12€",0,0,0,0,Améliorer la visibilité
bon-plan-unikome-oreiller-rafraichissant-50x70-double-face-amazon-2026,"UNIKOME oreiller rafraîchissant 50x70 mousse mémoire double face froid/chaud à 34,99 €",bon-plan,2026-07-18,Amazon,Amazon,"34,99 €",0,0,0,0,Améliorer la visibilité
bon-plan-uriage-age-absolu-baume-regard-flouteur-redensifiant-2026,"Uriage Age Absolu Baume Regard Flouteur-Redensifiant à 35,90 €",bon-plan,2026-07-24,Direct / autre,lk.gt,"35,90 €",0,0,0,0,Améliorer la visibilité
bon-plan-uriage-age-absolu-creme-rose-redensifiante-2026,"Uriage Age Absolu Crème Rose Redensifiante à 43,90 €",bon-plan,2026-07-24,Direct / autre,lk.gt,"43,90 €",0,0,0,0,Améliorer la visibilité
bon-plan-uriage-age-absolu-soin-de-nuit-redensifiant-2026,"Uriage Age Absolu Soin de Nuit Redensifiant à 43,90 €",bon-plan,2026-07-24,Direct / autre,lk.gt,"43,90 €",0,0,0,0,Améliorer la visibilité
bon-plan-uriage-coffret-age-absolu-creme-rose-soin-nuit-offert-2026,"Coffret Uriage Age Absolu Crème Rose + Soin Nuit à 43,90 €",bon-plan,2026-07-24,Direct / autre,lk.gt,"43,90 €",0,0,0,0,Améliorer la visibilité
bon-plan-vansmago-ventilateur-main-turbo-refroidissement-glace-amazon-2026,"VanSmaGo ventilateur à main turbo + refroidissement glace 6200 tr/min à 19,99 €",bon-plan,2026-06-26,Amazon,Amazon,"19,99 €",0,0,0,0,Améliorer la visibilité
bon-plan-ventilateur-poche-ha1-aromatherapie-3-vitesses-amazon-2026,"Ventilateur de poche HA1 rechargeable + aromathérapie 3 vitesses à 19,99 €",bon-plan,2026-07-18,Amazon,Amazon,"19,99 €",0,0,0,0,Améliorer la visibilité
bon-plan-ventilateur-voiture-12v-double-tete-12-vitesses-360-affichage-amazon,"Ventilateur voiture 12V double tête 12 vitesses 360° à 37,99 €",bon-plan,2026-07-18,Amazon,Amazon,"37,99 €",0,0,0,0,Améliorer la visibilité
bon-plan-ventilateur-voiture-qidoe-double-tete-usb-siege-arriere-360-amazon,"Ventilateur voiture Qidoe double tête USB 360° à 30,98 €",bon-plan,2026-07-18,Amazon,Amazon,"30,98€",0,0,0,0,Améliorer la visibilité
bon-plan-ventilateur-voiture-usb-double-tete-360-portable-amazon,"Ventilateur voiture USB double tête 360° portable à 21,99 €",bon-plan,2026-06-27,Amazon,Amazon,"21,99€",0,0,0,0,Améliorer la visibilité
bon-plan-vivirofex-masque-collagene-hydrogel-hydratation-promo-amazon-2026,VIVIROFEX Masques Collagène Hydrogel a -30% sur Amazon : 5 masques hydratants pour moins de 10 euros,bon-plan,2026-03-30,Amazon,Amazon,"9,77€",0,0,0,0,Améliorer la visibilité
bon-plan-voltman-climatiseur-mobile-reversible-3-en-1-9000btu-220-euros,"Voltman climatiseur mobile réversible 3 en 1 9000 BTU à 219,99€",bon-plan,2026-06-23,Amazon,Amazon,"219,99 euros",0,0,0,0,Améliorer la visibilité
bon-plan-vounot-parasol-deporte-hexagonal-3m-manivelle-6-baleines-amazon-2026,"Vounot parasol déporté hexagonal 3 m manivelle 6 baleines inclinable à 61,99 €",bon-plan,2026-06-26,Amazon,Amazon,"61,99 €",0,0,0,0,Améliorer la visibilité
bon-plan-waterwipes-sensitive-plus-on-the-go-100-lingettes-amazon-2026,"WaterWipes Sensitive+ On The Go 100 lingettes 3-en-1 nettoie soigne à 11,62 €",bon-plan,2026-06-26,Amazon,Amazon,"11,62 €",0,0,0,0,Améliorer la visibilité
bon-plan-weleda-creme-jour-lissante-rose-musquee-the-blanc-2026,"Weleda Crème de Jour Lissante à 26,90 €",bon-plan,2026-07-24,Direct / autre,lk.gt,"26,90 €",0,0,0,0,Améliorer la visibilité
bon-plan-weleda-creme-jour-raffermissante-grenade-peptides-maca-2026,"Weleda Crème de Jour Raffermissante à 31,90 €",bon-plan,2026-07-24,Direct / autre,lk.gt,"31,90 €",0,0,0,0,Améliorer la visibilité
bon-plan-weleda-creme-nuit-raffermissante-grenade-peptides-maca-2026,"Weleda Crème de Nuit Raffermissante à 31,90 €",bon-plan,2026-07-24,Direct / autre,lk.gt,"31,90 €",0,0,0,0,Améliorer la visibilité
bon-plan-weleda-summer-crush-collection-ete-2026,"Weleda Summer Crush Collection à 62,90 €",bon-plan,2026-07-24,Direct / autre,lk.gt,"62,90 €",0,0,0,0,Améliorer la visibilité
bon-plan-weleda-summer-glow-vanilla-trio-ete-2026,"Weleda Summer Glow Vanilla — Trio été à 39,90 €",bon-plan,2026-07-24,Direct / autre,lk.gt,"39,90 €",0,0,0,0,Améliorer la visibilité
bon-plan-weleda-trousse-anti-age-gentiane-bleue-edelweiss-2026,"Weleda Gentiane Bleue & Edelweiss : trousse Anti-âge Gentiane Bleue & Edelweiss à 79,90…",bon-plan,2026-07-24,Direct / autre,lk.gt,"79,90 € (au lieu de 151,20 €, -47 %)",0,0,0,0,Améliorer la visibilité
bon-plan-weleda-trousse-anti-age-rose-musquee-the-blanc-2026,"Weleda Trousse Routine Complète Anti-âge Rose Musquée & Thé Blanc à 95,90 €",bon-plan,2026-07-24,Direct / autre,lk.gt,"95,90 €",0,0,0,0,Améliorer la visibilité
bon-plan-windgallop-gonfleur-pneu-compresseur-portable-promo-amazon-2026,WindGallop Gonfleur de Pneu Portable a -37% sur Amazon : le compresseur d'air à 24 euros,bon-plan,2026-03-30,Amazon,Amazon,"24,59€",0,0,0,0,Améliorer la visibilité
bon-plan-workpro-secateur-jardin-pro-210mm-amazon-2026,"WORKPRO sécateur jardin pro 210 mm lame SK5 à 7,59 €",bon-plan,2026-06-26,Amazon,Amazon,"7,59 €",0,0,0,0,Améliorer la visibilité
bon-plan-worx-vision-cloud-2wd-robot-tondeuse-ia-600m2-sans-fil-perimetrique-649-euros,Worx Vision Cloud 2WD robot tondeuse IA 600m² à 649€,bon-plan,2026-06-23,Amazon,Amazon,"649,00 euros",0,0,0,0,Améliorer la visibilité
bon-plan-wybot-a1-robot-piscine-sans-fil-juin-2026,"WYBOT A1 robot piscine sans fil 120 min autonomie à 179,99 €",bon-plan,2026-06-27,Direct / autre,ttanalytics.zigbuy.fr,"179,99 € livraison gratuite + paiement 4× sans frais",0,0,0,0,Améliorer la visibilité
bon-plan-xiaomi-redmi-note-15-pro-5g-12-512go-6580mah-ip68-331-euros,Xiaomi Redmi Note 15 Pro 5G 12+512Go 6580mAh à 331€,bon-plan,2026-06-23,Amazon,Amazon,"331,00 euros",0,0,0,0,Améliorer la visibilité
bon-plan-xixi-glitter-mud-eyeshadow-fard-paupieres-paillete-yesstyle-2026,"xixi Glitter Mud Eyeshadow fard pailleté : 2,05 € (-39 %)",bon-plan,2026-07-20,YesStyle,YesStyle,"2,05 € (au lieu de 3,41 €)",0,0,0,0,Améliorer la visibilité
bon-plan-yesstyle-anua-heartleaf-77-toner-2026,"Anua Heartleaf 77 Soothing Toner à 14,56 € au lieu de 23,75 € sur YesStyle (-39 %)",bon-plan,2026-07-15,Awin,awin1.com,"14,56 €",0,0,0,0,Améliorer la visibilité
bon-plan-yesstyle-cosrx-snail-96-mucin-essence-2026,COSRX Advanced Snail 96 Mucin Power Essence à 24 € au lieu de 30 € sur YesStyle (-20 %),bon-plan,2026-07-15,Awin,awin1.com,"24,00 €",0,0,0,0,Améliorer la visibilité
bon-plan-yisora-aspirateur-balai-sans-fil-n300-175w-promo-amazon-2026,"YISORA Aspirateur Balai sans Fil N300 a -57% sur Amazon : 85,49 euros au lieu de 199,99 euros",bon-plan,2026-03-30,Amazon,Amazon,"85,49€",0,0,0,0,Améliorer la visibilité
bon-plan-zens-matcha-kit-rose-6-pieces-amazon-2026,"Zens Matcha Kit Rose 6 pièces avec fouet et bol à 14,86 €",bon-plan,2026-06-26,Amazon,Amazon,"14,86 €",0,0,0,0,Améliorer la visibilité
bons-plans-amazon-2-juin-2026-8-deals-jusqu-73-pourcent,Bons Plans Amazon 2 Juin 2026 : 8 Deals Jusqu'à -73%,bon-plan,2026-06-02,Amazon,Amazon,"8 deals de 10€ à 99,99€, jusqu'à -73€ d'économie",0,0,0,0,Améliorer la visibilité
bons-plans-amazon-3-juin-2026-27-deals-beaute-soin-coiffure,Bons Plans Amazon 3 Juin 2026 : 27 Deals Beauté & Coiffure,bon-plan,2026-06-03,Amazon,Amazon,"27 deals de 7,21€ à 119,99€ — beauté, soin, coiffure",0,0,0,0,Améliorer la visibilité
bons-plans-amazon-bebe-mai-2026-hub-puericulture,Bons plans bébé Amazon mai 2026 : notre hub complet (21 promos puériculture + cadeaux 0-3 ans),bon-plan,2026-05-18,Amazon,Amazon,21 promos de 8 € à 132 €,0,0,0,0,Améliorer la visibilité
box-avantages-monsieur-8-soins-160-euros-29-90-euros-edition-limitee-juin-2026,"Box Avantages Monsieur : 8 soins (160,65 €) pour 25 €",box-beaute,2026-07-12,Direct / autre,fnty.co,"25 € au lieu de 160,65 € (-84 %)",0,0,0,0,Améliorer la visibilité
box-beaute-mademoiselle-confettis-ma-valise-ete-juin-2026,Box Mademoiselle Confettis Ma valise d'été : 56 € de produits,box-beaute,2026-06-20,Direct / autre,mademoiselleconfettis.com,"56 € de produits dès 33,40 €/mois (formule 1 an)",0,0,0,0,Améliorer la visibilité
box-beaute-solaire-marie-claire-9-produits-39-euros-juin-2026,"Box Marie Claire Beauté Solaire : 9 essentiels été à 39,90€",box-beaute,2026-06-17,Direct / autre,fnty.co,"39,90€ (au lieu de 261,85€)",0,0,0,0,Améliorer la visibilité
box-cosmopolitan-summer-edition-13-produits-29-euros-juin-2026,"Box Cosmopolitan Summer Édition : 13 produits beauté à 29,90€",box-beaute,2026-06-17,Direct / autre,fnty.co,"29,90€ (au lieu de 287,78€)",0,0,0,0,Améliorer la visibilité
box-lookfantastic-edition-k-beauty-3-8-soins-coreens-50-euros-juin-2026,Box Lookfantastic K-Beauty 3 : 8 soins coréens + trousse à 50€,box-beaute,2026-06-17,Awin,tidd.ly,50€ (au lieu de 130€+),0,0,0,0,Améliorer la visibilité
braun-epilateur-lumiere-pulsee-skin-iexpert-pl7442-promo-amazon-mars-2026,"Braun Skin i-expert PL7442 épilateur lumière pulsée à 529,99 €",bon-plan,2026-06-30,Amazon,Amazon,"529,99 €",0,0,0,0,Améliorer la visibilité
calvin-klein-boxer-lot-5-homme-amazon-juin-2026,"Calvin Klein lot de 5 boxers caleçons homme à 34,76 €",bon-plan,2026-06-24,Amazon,Amazon,"34,76 €",0,0,0,0,Améliorer la visibilité
candia-grandlait-grand-coeur-concours-funbooker-mai-septembre-2026,Concours Candia GrandLait Grand Cœur : 100 pass loisirs Funbooker,concours,2026-06-15,Direct / autre,candia.fr,Avec obligation d'achat (1 produit GrandLait),0,0,0,0,Améliorer la visibilité
canni-vernis-gel-semi-permanent-6-couleurs-amazon-bon-plan-2026,CANNI vernis gel semi-permanent : 6 couleurs pour 18€ sur Amazon (-5%),bon-plan,2026-04-01,Amazon,Amazon,"18,04€",0,0,0,0,Améliorer la visibilité
carrefour-braun-bt7420-tondeuse-barbe-series-7-47-49-euros-juin-2026,"Tondeuse barbe Braun Series 7 BT7420 à 47,49 € (-50%)",bon-plan,2026-07-07,Direct / autre,action.metaffiliation.com,"47,49 € au lieu de 94,99 €",0,0,0,0,Améliorer la visibilité
carrefour-urbanglide-ride-100-eco-trottinette-electrique-129-euros-juin-2026,"Trottinette URBANGLIDE Ride 100 Eco à 129,35 €",bon-plan,2026-06-25,Direct / autre,action.metaffiliation.com,"129,35 €",0,0,0,0,Améliorer la visibilité
catrice-aura-glam-baume-illuminateur-8-testeuses-test-gratuit-juin-2026,Test gratuit Catrice Aura Glam : baume illuminateur,test-gratuit,2026-05-27,Direct / autre,free-cosmetic-testing.com,8 baumes Aura Glam offerts (test gratuit),0,0,0,0,Améliorer la visibilité
cattier-vs-melvita-creme-bio-2026,Cattier vs Melvita : quelle marque bio est la meilleure en 2026 ?,comparatif,2026-07-23,Amazon,Amazon,"à partir de 17,45 €",0,0,0,0,Améliorer la visibilité
caudalie-premier-cru-vs-nuxe-nuxuriance-2026,Caudalie Premier Cru vs Nuxe Nuxuriance : quel soin anti-âge premium ?,comparatif,2026-07-23,Amazon,Amazon,"à partir de 45,35 €",0,0,0,0,Améliorer la visibilité
cecotec-seche-cheveux-voyage-pliable-2000w-promo-amazon-2026,"Cecotec sèche-cheveux de voyage pliable 2000W à 12,90€ : le Choix d'Amazon",bon-plan,2026-04-09,Amazon,Amazon,"12,90€",0,0,0,0,Améliorer la visibilité
celims-valise-cabine-55x35x25-rigide-abs-orange-amazon-juin-2026,"Celims Valise Cabine 55×35×25 cm 8 roues ABS rigide à 38,99 €",bon-plan,2026-06-24,Amazon,Amazon,"38,99 €",0,0,0,0,Améliorer la visibilité
cerave-vs-the-ordinary-routine-hydratation-2026,CeraVe vs The Ordinary : quelle routine hydratation choisir en 2026 ?,comparatif,2026-07-23,Amazon,Amazon,"à partir de 11,50 €",0,0,0,0,Améliorer la visibilité
chaussea-mickey-baskets-femme-noires-8-99-euros-soldes-juin-2026,"Baskets Mickey femme noires à 8,99 € chez Chaussea (-70%)",bon-plan,2026-07-22,Direct / autre,jwv.chaussea.com,"8,99 € au lieu de 29,99 €",0,0,0,0,Améliorer la visibilité
chaussea-minnie-baskets-fille-rose-iridescent-14-99-euros-soldes-juin-2026,"Baskets Minnie fille rose à 14,99 € chez Chaussea (-50%)",bon-plan,2026-07-22,Direct / autre,jwv.chaussea.com,"14,99 € au lieu de 29,99 €",0,0,0,0,Améliorer la visibilité
chaussea-pokemon-pikachu-baskets-lumineuses-garcon-20-99-euros-juin-2026,"Baskets Pokemon Pikachu garçon lumineuses à 20,99 € chez Chaussea (-30%)",bon-plan,2026-07-22,Direct / autre,jwv.chaussea.com,"20,99 € au lieu de 29,99 €",0,0,0,0,Améliorer la visibilité
chicco-poussette-dolomiti-test-produit-gratuit-juin-2026,Test Gratuit Chicco Poussette Dolomiti (Devenir Testeur),test-gratuit,2026-06-01,Direct / autre,chicco.fr,Poussette envoyée gratuitement aux testeurs sélectionnés,0,0,0,0,Améliorer la visibilité
choosetime-montre-connectee-homme-amoled-800mah-59-99-euros-amazon-moins-45-pourcent,"Montre connectée homme AMOLED 800 mAh avec appel Bluetooth : 39,99 € (-64 %)",bon-plan,2026-07-24,Amazon,Amazon,"39,99 €",0,0,0,0,Améliorer la visibilité
clatronic-seche-cheveux-voyage-9-99-euros-amazon-moins-47-pourcent,"Clatronic HTD3429 sèche-cheveux de voyage compact à 5,22 €",bon-plan,2026-06-30,Amazon,Amazon,"5,22 €",0,0,0,0,Améliorer la visibilité
cocunat-routine-anti-age-reparatrice-promo-amazon-40-pourcent-2026,Cocunat routine anti-âge réparatrice à 122€ au lieu de 204€ : -40% sur Amazon,bon-plan,2026-04-10,Amazon,Amazon,"122,31€",0,0,0,0,Améliorer la visibilité
cocunat-routine-boucles-definies-promo-amazon-2026,Cocunat Routine Boucles Définies à 121€ au lieu de 187€ : -35% sur Amazon,bon-plan,2026-04-09,Amazon,Amazon,"121,36€",0,0,0,0,Améliorer la visibilité
code-promo-carte-noire-mars-2026,Code promo Carte Noire été : jusqu'à -25 € (CARTENOIRE) + -40 % machine SMEG,code-promo,2026-07-24,Awin,tidd.ly,Jusqu'à -25 € (code CARTENOIRE été) + -40 % machine SMEG (BARISTA40),0,0,0,0,Améliorer la visibilité
code-promo-la-redoute-newsletter-exclu-ampm-tempur-mai-2026,Codes promo La Redoute : -20% newsletter + -30% AMPM,code-promo,2026-05-17,Direct / autre,laredoute.fr,-20% / -30% / -10% supp selon offre,0,0,0,0,Améliorer la visibilité
code-promo-miin-cosmetics-mars-2026,SOLDES MiiN Cosmetics : jusqu'à -70 % + 5 % avec MIIN5,code-promo,2026-07-13,Awin,tidd.ly,Jusqu'à -70 % + 5 % EXTRA avec MIIN5,0,0,0,0,Améliorer la visibilité
code-promo-my-little-box-first-30-pourcent-3-box-mai-2026,"My Little Box : -30% sur les 3 prochaines box (dès 14,63 €)",box-beaute,2026-05-24,Affilae,c3po.link,"à partir de 14,63€/mois (-30% sur 3 box)",0,0,0,0,Améliorer la visibilité
code-promo-petit-bateau-journees-extraordinaires-30-pourcent-collection-ete-mai-2026,Petit Bateau Journées Extraordinaires : -30% sur la collection été,code-promo,2026-05-20,Direct / autre,lk.gt,-30% collection été + -10% supp sur les soldes (20-24 mai 2026),0,0,0,0,Améliorer la visibilité
code-promo-yesstyle-best-of-korean-beauty-kglow26-kglam26-btsvip15-juillet-2026,YesStyle Best of Korean Beauty : 3 codes flash -15 % + jusqu'à -50 %,code-promo,2026-07-21,YesStyle,YesStyle,jusqu'à -65 % effectifs,0,0,0,0,Améliorer la visibilité
comparatif-cremes-hydratantes-amazon-valent-coup-2026,5 crèmes hydratantes Amazon qui valent vraiment le coup en 2026,comparatif,2026-07-23,Amazon,Amazon,"à partir de 8,00 €",0,0,0,0,Améliorer la visibilité
comparatif-cremes-visage-bio-moins-15-euros-2026,Les meilleures crèmes visage bio à moins de 15 € en 2026,comparatif,2026-07-24,Amazon,Amazon,"à partir de 4,72 €",0,0,0,0,Améliorer la visibilité
comparatif-meilleures-brosses-dents-bebe-amazon-2026-guide-achat,Les 4 meilleures brosses à dents bébé,comparatif,2026-05-17,Amazon,Amazon,"à partir de 8,04 € selon l'âge",0,0,0,0,Améliorer la visibilité
comparatif-meilleures-brossettes-interdentaires-amazon-2026-guide-achat,Les 5 meilleures brossettes interdentaires,comparatif,2026-05-17,Amazon,Amazon,"à partir de 6,90 € selon la marque",0,0,0,0,Améliorer la visibilité
comparatif-meilleures-cremes-contour-des-yeux-2026,Meilleures crèmes contour des yeux en 2026,comparatif,2026-07-23,Amazon,Amazon,"à partir de 11,47 €",0,0,0,0,Améliorer la visibilité
comparatif-meilleures-huiles-vergetures-grossesse-amazon-2026-guide-achat,Meilleures huiles vergetures grossesse : comparatif top 4,comparatif,2026-05-17,Amazon,Amazon,"à partir de 8,98 € selon la marque",0,0,0,0,Améliorer la visibilité
comparatif-meilleures-imprimantes-amazon-2026,"Meilleures imprimantes : comparatif top 5 (Epson, HP, Canon)",comparatif,2026-05-19,Amazon,Amazon,À partir de 60€ — Comparatif 2026,0,0,0,0,Améliorer la visibilité
comparatif-meilleures-liseuses-kindle-amazon-2026,Meilleures liseuses Kindle : comparatif top 5,comparatif,2026-05-19,Amazon,Amazon,À partir de 99€ — Comparatif 2026,0,0,0,0,Améliorer la visibilité
comparatif-meilleures-machines-glace-ninja-creami-slushi-amazon-2026-guide-achat,Meilleures machines à glace Ninja : comparatif top 4,comparatif,2026-05-17,Amazon,Amazon,"à partir de 209,99 €",0,0,0,0,Améliorer la visibilité
comparatif-meilleures-marques-cremes-bio-pas-cheres-2026,Les meilleures marques de crèmes visage bio pas chères en 2026,comparatif,2026-07-24,Amazon,Amazon,"à partir de 4,72 €",0,0,0,0,Améliorer la visibilité
comparatif-meilleures-planchas-amazon-2026,"Meilleures planchas : comparatif top 5 (Krampouz, Tefal",comparatif,2026-05-19,Amazon,Amazon,À partir de 80€ — Comparatif 2026,0,0,0,0,Améliorer la visibilité
comparatif-meilleurs-bandeaux-grossesse-amazon-2026-guide-achat,Les 4 meilleurs bandeaux de grossesse,comparatif,2026-05-17,Amazon,Amazon,à partir de 15 € selon l'usage,0,0,0,0,Améliorer la visibilité
comparatif-meilleurs-bolas-grossesse-amazon-2026-guide-achat,Les 4 meilleurs bolas de grossesse,comparatif,2026-05-17,Amazon,Amazon,"à partir de 27,95 € selon le modèle",0,0,0,0,Améliorer la visibilité
comparatif-meilleurs-fers-a-lisser-amazon-2026-guide-achat,Comparatif : les 7 meilleurs fers à lisser sur Amazon en 2026,comparatif,2026-05-23,Amazon,Amazon,"de 25,70 € à 308,90 €",0,0,0,0,Améliorer la visibilité
comparatif-meilleurs-robots-aspirateurs-laveurs-amazon-2026,Meilleurs robots aspirateurs laveurs : comparatif top 5,comparatif,2026-05-19,Amazon,Amazon,À partir de 250€ — Comparatif 2026,0,0,0,0,Améliorer la visibilité
comparatif-meilleurs-seche-cheveux-amazon-2026-guide-achat,Comparatif : les 6 meilleurs sèche-cheveux sur Amazon en 2026,comparatif,2026-05-23,Amazon,Amazon,"de 17,99 € à 549 €",0,0,0,0,Améliorer la visibilité
comparatif-meilleurs-serums-anti-age-visage-2026,5 meilleurs sérums anti-âge : notre comparatif complet,comparatif,2026-07-21,Effiliation,track.effiliation.com,de 25 € à 130 € selon la marque,0,0,0,0,Améliorer la visibilité
comparatif-meilleurs-shampoings-anti-pelliculaires-2026,Meilleurs shampoings anti-pelliculaires en 2026,comparatif,2026-07-23,Amazon,Amazon,"à partir de 2,25 €",0,0,0,0,Améliorer la visibilité
comparatif-meilleurs-shampoings-sans-sulfate-silicone-paraben-2026,"Meilleurs shampoings sans sulfate, sans silicone et sans paraben en 2026",comparatif,2026-07-23,Amazon,Amazon,"à partir de 3,29 €",0,0,0,0,Améliorer la visibilité
concours-actes-sud-babel-grand-concours-ete-10-livres-poche-voyage-litterature-juillet-aout-2026,Concours Babel été Actes Sud : jusqu'à 10 livres de poche,concours,2026-07-06,Direct / autre,hub.actes-sud.fr,Gratuit (sans obligation d'achat),0,0,0,0,Améliorer la visibilité
concours-alvadiem-friends-6-lots-550-euros-juillet-2026,"Concours Alvadiem & Friends : 6 gagnants, 550 € de cadeaux à gagner",concours,2026-07-23,Direct / autre,alvadiem.fr,"Gratuit, sans obligation d'achat",0,0,0,0,Améliorer la visibilité
concours-ancel-dr-oetker-babyfoot-tentez-gagner-mai-juillet-2026,Concours Ancel (Dr Oetker) : babyfoot pliable 300 € à gagner,concours,2026-05-26,Direct / autre,oetker.fr,1 babyfoot pliable (~300€) + produits Ancel,0,0,0,0,Améliorer la visibilité
concours-as-monaco-roue-100-gagnante-juillet-2026,"Concours AS Monaco Roue 100% gagnante : maillots, VIP, Mizuno",concours,2026-06-29,Direct / autre,story.tl,Gratuit (100% gagnant),0,0,0,0,Améliorer la visibilité
concours-aubert-center-parcs-juin-2026-sejour-famille-700-euros,Concours Aubert x Center Parcs : Séjour 700€ à Gagner,concours,2026-06-01,Direct / autre,aubert.com,1 séjour Center Parcs 4 personnes (valeur 700€),0,0,0,0,Améliorer la visibilité
concours-aubert-chicco-trio-bellagio-2-como-lake-juillet-2026,Concours Aubert x Chicco : trio Bellagio 2 Como Lake (849 €),concours,2026-07-01,Direct / autre,aubert.com,Gratuit (1 trio Bellagio 2 valeur 849 €),0,0,0,0,Améliorer la visibilité
concours-aubert-grand-jeu-fete-des-meres-sac-langer-maika-flowers-mai-2026,Concours Aubert : 3 sacs à langer Maïka Flowers à gagner,concours,2026-05-27,Direct / autre,aubert.com,"3 sacs à langer Maïka Flowers (59,90€ chacun)",0,0,0,0,Améliorer la visibilité
concours-belle-au-naturel-box-rituel-detente-bio-94-euros-juin-aout-2026,Concours Belle au Naturel : Box Rituel Détente Bio 94€,concours,2026-07-23,Direct / autre,belleaunaturel.fr,"Gratuit, sans obligation d'achat",0,0,0,0,Améliorer la visibilité
concours-bibliotheque-rose-ete-2026-170-ans-europa-park-livres-enfants,Concours Bibliothèque Rose Été : Europa Park + livres à gagner,concours,2026-06-12,Direct / autre,bibliothequerose.com,Gratuit,0,0,0,0,Améliorer la visibilité
concours-bienmanger-pinata-coffret-espagne-juillet-2026,Concours BienManger Piñata : Coffret Gastronomie Ibérique,concours,2026-06-29,Direct / autre,bienmanger.com,Gratuit,0,0,0,0,Améliorer la visibilité
concours-blissim-sarenza-fete-des-meres-1-an-shopping-box-beaute-mai-2026,Concours Blissim × Sarenza : 1 an de shopping + box beauté,concours,2026-05-18,Awin,tidd.ly,1 an de shopping Sarenza 1200€ + 1 an de box Blissim à gagner,0,0,0,0,Améliorer la visibilité
concours-bolle-safety-packs-safety-stks-tracker-spectrum-mai-2026,Concours Bollé Safety : 4 Packs Safety à gagner,concours,2026-05-18,Direct / autre,bolle-safety.com,4 Packs Safety (75 € chacun) à gagner,0,0,0,0,Améliorer la visibilité
concours-bonhomme-de-bois-attrape-queue-bs-toys-juin-2026,Concours Bonhomme de Bois : Jeu Attrape-Queue Bs Toys (Juin),concours,2026-06-02,Direct / autre,bonhommedebois.com,1 jeu Attrape-Queue BS Toys (jeu d'adresse en bois pour enfants),0,0,0,0,Améliorer la visibilité
concours-caminteresse-futuroscope-xperiences-5-lots-4-entrees-236-euros-juillet-2026,Concours Ça M'intéresse x Futuroscope : 5 lots de 4 entrées,concours,2026-07-06,Direct / autre,jeux.caminteresse.fr,Gratuit (sans obligation d'achat),0,0,0,0,Améliorer la visibilité
concours-candia-candy-up-milkshake-ticketmaster-jbl-grip-instant-gagnant-mai-2026,Concours Candia Candy'Up : 25 cartes 150 € + 100 JBL Grip,concours,2026-05-18,Direct / autre,milkshake.candy-up.fr,125 lots à gagner — Ticketmaster 150€ + JBL Grip 100€ — obligation d'achat,0,0,0,0,Améliorer la visibilité
concours-carambar-caraheros-2026-50-casques-pompier-papillotes-gagnantes,Concours Carambar Carahéros 2026 : 50 Casques de Pompier,concours,2026-06-02,Direct / autre,carambarcaraheros.fr,50 casques de pompier officiels (valeur indicative 270€ chacun),0,0,0,0,Améliorer la visibilité
concours-carola-ete-2026-100-lots-europa-park-2-personnes,Concours Carola Été 2026 : 100 Lots Europa-Park 🎢,concours,2026-06-01,Direct / autre,carola.fr,100 lots de 2 billets Europa-Park (152€ chacun),0,0,0,0,Améliorer la visibilité
concours-carrefour-he-amsterdam-fours-pizza-imprimantes-juillet-2026,"Concours HE Carrefour : Amsterdam, fours à pizza, imprimantes",concours,2026-06-30,Direct / autre,jeu-he-2026.fr,Gratuit,0,0,0,0,Améliorer la visibilité
concours-catit-creamy-nouvelles-saveurs-moule-silicone-juillet-2026,Concours Catit : moule à glaçons Creamy + 4 nouvelles saveurs à gagner,concours,2026-07-23,Direct / autre,catit.com,"Gratuit, sans obligation d'achat",0,0,0,0,Améliorer la visibilité
concours-catit-trousse-toilettage-chat-my-cat-magazine-juillet-2026,Concours Catit : trousse de toilettage chat à gagner,concours,2026-07-13,Direct / autre,catit.com,GRATUIT — 1 trousse à gagner,0,0,0,0,Améliorer la visibilité
concours-cdiscount-defi-declic-instant-gagnant-code-reduction-500-euros-juillet-septembre-2026,Défi Déclic Cdiscount : jusqu'à 500 € en codes offerts (gratuit),concours,2026-07-03,Awin,tidd.ly,Gratuit (sans obligation d'achat),0,0,0,0,Améliorer la visibilité
concours-charles-et-alice-on-the-beach-2026-voyages-tapis-coussins-plage,Concours Charles & Alice On The Beach : voyage 2 000 € + 250 lots plage,concours,2026-07-23,Direct / autre,charlesetalice-onthebeach.fr,Achat d'un produit Charles & Alice éligible requis,0,0,0,0,Améliorer la visibilité
concours-contact-hotels-grand-jeu-ete-2026-weekend-300-euros,Concours Contact Hôtels : un week-end de 300 € en France à gagner,concours,2026-07-23,Direct / autre,contact-hotel.com,"Gratuit, sans obligation d'achat",0,0,0,0,Améliorer la visibilité
concours-cosmopolitan-in-haircare-routine-pousse-cheveux-juillet-2026,Concours Cosmopolitan x IN Haircare : routine pousse cheveux,concours,2026-06-29,Direct / autre,cosmopolitan.fr,Gratuit,0,0,0,0,Améliorer la visibilité
concours-cuisine-actuelle-portaventura-world-sejour-4-personnes-septembre-2026,Concours PortAventura x Cuisine Actuelle : séjour famille 4 pers,concours,2026-07-01,Direct / autre,cuisineactuelle.fr,Gratuit (valeur totale 2 088 €),0,0,0,0,Améliorer la visibilité
concours-darty-chasse-au-tresor-juin-2026-micro-trophee-ballon-foot,Concours Darty Chasse au Trésor : 3 éléments à trouver,concours,2026-06-03,Awin,tidd.ly,"Gratuit, sans obligation d'achat",0,0,0,0,Améliorer la visibilité
concours-decca-jazz-ete-vinyle-universal-music-juillet-2026,Concours Decca : sélection jazz de l'été en vinyle à gagner,concours,2026-07-13,Direct / autre,competition.umusic.com,GRATUIT — sélection jazz vinyle à gagner,0,0,0,0,Améliorer la visibilité
concours-decor-discount-grand-jeu-anniv-instant-gagnant-21-lots-mai-2026,Grand Jeu Décor Discount : 21 lots dont barbecue et vidéoproj,concours,2026-05-18,Direct / autre,jeu.decor-discount.com,"21 lots à gagner — barbecue, vidéoprojecteur, panier pique-nique + 600€ cartes cadeaux",0,0,0,0,Améliorer la visibilité
concours-doritos-f1-monaco-gp-2027-tickets-grandstands-instants-gagnants-juillet-2026,Concours Doritos x F1 : 2 tickets Monaco GP 2027 (2 240 €) + 100 casquettes,concours,2026-07-23,Direct / autre,joy-pepsico.eu,Achat d'un paquet Doritos requis,0,0,0,0,Améliorer la visibilité
concours-dr-oetker-ristorante-a-toi-de-marquer-2026-5-airfryer-200-kits-ete-pizza,Concours Ristorante 2026 : 5 Air Fryer + 200 Kits Été Pizza,concours,2026-06-02,Direct / autre,oetker.fr,205 lots : 5 Air Fryer XL (100€) + 200 Kits Été Ristorante (25€),0,0,0,0,Améliorer la visibilité
concours-dr-oetker-ristorante-a-toi-de-marquer-5-air-fryer-200-kits-ete-juin-juillet-2026,Concours Ristorante : 5 Air Fryer XL + 200 kits été à gagner,concours,2026-05-27,Direct / autre,oetker.fr,5 Air Fryer XL (100€/pièce) + 200 kits été Ristorante (25€/pièce) — 5 500€ de dotation totale,0,0,0,0,Améliorer la visibilité
concours-dr-schar-marmiton-coeliaque-machine-a-pain-bons-achat-mai-2026,Concours Dr. Schär × Marmiton : machine à pain + bons d'achat,concours,2026-05-17,Direct / autre,schaer.grandjeumarmiton.fr,1 machine à pain + 2 bons d'achat 75 €,0,0,0,0,Améliorer la visibilité
concours-duval-apero-cocorico-2026-6-verres-ballon-instants-gagnants,Concours Duval Apéro Cocorico 2026 : 6 Verres Ballon à Gagner,concours,2026-06-02,Direct / autre,jeu.pastisduval.fr,214 lots de 6 verres ballon (1/jour) + bons de réduction 1€,0,0,0,0,Améliorer la visibilité
concours-easypara-ete-2026-sac-solaires-avene-cerave-la-roche-posay-juillet-aout-2026,Concours Easypara été : sac rempli de solaires + goodie surprise,concours,2026-07-06,Direct / autre,docs.google.com,Gratuit (sans obligation d'achat),0,0,0,0,Améliorer la visibilité
concours-entremont-supporter-fromages-francais-20-babyfoots-rene-pierre-juin-juillet-2026,Concours Entremont : 20 babyfoots René Pierre à gagner,concours,2026-05-27,Direct / autre,jeuautrementbon.entremont.com,20 babyfoots René Pierre Leader (1 099€ pièce — 21 980€ de dotation totale),0,0,0,0,Améliorer la visibilité
concours-envie-de-bien-manger-ope-ete-four-pizza-tefal-fromages-lactalis-juillet-aout-2026,Gagne un four à pizza Tefal + fromages (concours gratuit),concours,2026-07-03,Direct / autre,enviedebienmanger.fr,Gratuit (sans obligation d'achat),0,0,0,0,Améliorer la visibilité
concours-familiscope-agata-detective-bayard-jeunesse-mai-2026,Concours Familiscope × Bayard : 5 lots Agata Détective à gagner,concours,2026-05-18,Direct / autre,familiscope.fr,"5 lots complets Agata Détective (234,25 € au total) à gagner",0,0,0,0,Améliorer la visibilité
concours-familiscope-dans-le-sac-de-maman-fete-des-meres-bayard-jeunesse-mai-2026,Concours Familiscope : album « Dans le sac de maman » à gagner,concours,2026-05-18,Direct / autre,familiscope.fr,"5 albums « Dans le sac de maman » (54,50 € au total) à gagner",0,0,0,0,Améliorer la visibilité
concours-familiscope-futuroscope-juin-2026-14-lots-4-places,Concours Futuroscope Juin 2026 : 14 Lots de 4 Places,concours,2026-06-01,Direct / autre,familiscope.fr,"14 lots de 4 places Futuroscope (236€ chacun, total 3 304€)",0,0,0,0,Améliorer la visibilité
concours-familiscope-la-cantoche-tome-11-bayard-jeunesse-mai-2026,Concours Familiscope × Bayard : 5 La Cantoche tome 11 à gagner,concours,2026-05-18,Direct / autre,familiscope.fr,5 BD La Cantoche tome 11 (55€ au total) à gagner,0,0,0,0,Améliorer la visibilité
concours-feliway-adaptil-roue-fortune-100-gagnant-chat-chien-juin-2026,Concours Feliway × Adaptil : Roue de la Fortune 100% Gagnant,concours,2026-06-03,Direct / autre,feliway.fr,"Gratuit, 1 tour par jour",0,0,0,0,Améliorer la visibilité
concours-ferrero-vos-biscuits-pref-210-box-degustation-juin-aout-2026,Concours Ferrero Vos Biscuits Pref : 210 box dégustation à gagner,concours,2026-06-23,Direct / autre,vos-biscuits-pref.fr,210 box dégustation (valeur unitaire ~33 euros),0,0,0,0,Améliorer la visibilité
concours-first-stop-bridgestone-valise-vacances-iphone-17-airpods-4-pneus-juillet-2026,Concours First Stop x Bridgestone : iPhone 17 + 1000 € carburant,concours,2026-07-01,Direct / autre,jeu-firststop.fr,Gratuit (30 jours d'instants gagnants + tirage au sort 1000 € carburant),0,0,0,0,Améliorer la visibilité
concours-fnac-lego-fan-zone-2026-35-lots-collection-victoria-fast-pass,Concours Fnac LEGO Fan Zone 2026 : 35 Lots à Gagner,concours,2026-06-02,Direct / autre,fnac.com,"35 lots : 25 × 4 Fast Pass + 10 collections LEGO Victoria (759,91€/lot)",0,0,0,0,Améliorer la visibilité
concours-fnac-polaroid-go-gen-2-fete-des-meres-instant-gagnant-mai-2026,Concours Fnac Fête des Mères : 3 Polaroid Go Gen 2 à gagner,concours,2026-05-19,Direct / autre,animation.fnac.com,"3 coffrets Polaroid Go Gen 2 + 16 films (314,97 € total)",0,0,0,0,Améliorer la visibilité
concours-gitem-liebherr-biofresh-refrigerateur-1149-euros-mai-juillet-2026,Concours Gitem × Liebherr : réfrigérateur BioFresh à gagner,concours,2026-05-27,Direct / autre,gitem.fr,1 réfrigérateur combiné Liebherr BioFresh — 1 149€,0,0,0,0,Améliorer la visibilité
concours-grand-mercredi-puy-du-fou-juin-2026-20-entrees-sejour-4-personnes,Concours Grand-Mercredi × Puy du Fou : 20 Entrées + Séjour 4 Pers.,concours,2026-06-03,Direct / autre,grand-mercredi.com,"Gratuit, sans obligation d'achat",0,0,0,0,Améliorer la visibilité
concours-hachette-jeunesse-pat-patrouille-mission-dino-3-lots-cinema-jouet-album-juillet-aout-2026,Concours Pat'Patrouille Mission Dino : places ciné + jouet + album,concours,2026-07-06,Direct / autre,hachette-jeunesse.com,"Gratuit (sans obligation d'achat, lot 48,94 € par gagnant)",0,0,0,0,Améliorer la visibilité
concours-hachette-luciole-au-japon-livre-tote-bag-stickers-mai-2026,Concours Hachette Tourisme : 3 lots « Luciole au Japon » à gagner,concours,2026-05-18,Direct / autre,hachette.fr,3 lots Luciole au Japon (livre + tote bag + stickers exclusifs),0,0,0,0,Améliorer la visibilité
concours-henkel-gliss-nicolas-waldorf-relooking-capillaire-500-euros-labelleadresse-juin-juillet-2026,Concours Gliss × Nicolas Waldorf : 1 relooking 500 € à gagner,concours,2026-05-28,Direct / autre,labelleadresse.com,1 relooking capillaire avec Nicolas Waldorf (500€),0,0,0,0,Améliorer la visibilité
concours-hindbag-juin-2026-10-bons-achat-100-euros-sacs,Concours Hindbag Juin 2026 : 10 Bons d'Achat 100€ à Gagner,concours,2026-06-01,Direct / autre,manage.kmail-lists.com,10 cartes cadeaux 100€ (valeur totale 1 000€),0,0,0,0,Améliorer la visibilité
concours-husse-box-ete-chien-juillet-2026,Concours Husse : gagne une box été pour ton chien,concours,2026-06-29,Direct / autre,husse.fr,Gratuit,0,0,0,0,Améliorer la visibilité
concours-jeu-saison-sejour-famille-puy-du-fou-529-euros-mai-aout-2026,Concours : séjour famille Puy du Fou 2 jours 1 nuit (529 €),concours,2026-07-03,Direct / autre,jeu-digital.fr,Gratuit (sans obligation d'achat),0,0,0,0,Améliorer la visibilité
concours-jpg-nestle-perrier-roland-garros-sac-tennis-mai-2026,Concours JPG × Perrier × Roland-Garros : 2 sacs de tennis,concours,2026-05-18,Direct / autre,jpg.fr,2 sacs de tennis complets à gagner (Facebook + Instagram),0,0,0,0,Améliorer la visibilité
concours-kellogg-pokemon-1516-cadeaux-sacs-dos-casquettes-cartes-pikachu-juillet-2026,"Concours Kellogg's Pokémon : 1 516 cadeaux (sacs, casquettes",concours,2026-07-06,Direct / autre,kelloggs.fr,Achat 1 paquet de céréales Kellogg's requis,0,0,0,0,Améliorer la visibilité
concours-la-boite-rose-thule-essentiels-bebe-siege-auto-velo-porte-bebe-mai-2026,Concours La Boîte Rose × Thule : 3 essentiels bébé à gagner,concours,2026-05-17,Awin,tidd.ly,3 essentiels Thule à gagner,0,0,0,0,Améliorer la visibilité
concours-laboiterose-cotton-bird-2026-papeterie-mariage-150-euros-mensuel,Concours Cotton Bird 2026 : 150€ Papeterie Mariage à Gagner,concours,2026-06-02,Awin,tidd.ly,"1 carte cadeau Cotton Bird de 150€ (valable 1 an, multi-utilisation)",0,0,0,0,Améliorer la visibilité
concours-laboiterose-poussette-babyzen-yoyo-349-euros-juin-juillet-2026,Concours La Boîte Rose : une poussette Babyzen Yoyo (349€),concours,2026-06-17,Direct / autre,jeu.laboiterose.fr,Gratuit,0,0,0,0,Améliorer la visibilité
concours-lancome-roue-100-pourcent-gagnante-parfums-soins-bandeau-code-chance-juillet-aout-2026,Concours Lancôme Roue 100 % gagnante : jusqu'à 490 € de beauté,concours,2026-07-06,Direct / autre,ecampaign.lancome.fr,Gratuit (sans obligation d'achat),0,0,0,0,Améliorer la visibilité
concours-lansinoh-2026-allaitement-pack-maternite-retour-travail-essentiels,"Concours Lansinoh 2026 : 309,97 € de packs allaitement à gagner",concours,2026-07-23,Awin,tidd.ly,"Gratuit, sans obligation d'achat",0,0,0,0,Améliorer la visibilité
concours-le-gaulois-tour-de-france-2026-100-pourcent-gagnant,Concours Le Gaulois Tour de France : Jeu 100 % gagnant TV + casques,concours,2026-06-12,Direct / autre,legauloistourdefrance.fr,Gratuit (avec achat d'un produit Le Gaulois),0,0,0,0,Améliorer la visibilité
concours-le-petit-marseillais-ensoleiller-demain-velo-gaya-cabane-citronnier-mai-novembre-2026,Concours Le Petit Marseillais : vélo Gaya + cabanes + citronniers,concours,2026-06-22,Direct / autre,lepetitmarseillais.com,41 gagnants : 1 vélo Gaya 2 900 € + 10 cabanes Coucoo 430 € + 30 citronniers 65 €,0,0,0,0,Améliorer la visibilité
concours-leclub-bricolage-briconautes-juin-2026-7-jeux-concours-du-mois,Concours Le Club Bricolage Juin 2026 : 7 Jeux à Tenter,concours,2026-06-02,Direct / autre,leclub-bricolage.fr,"7 lots du mois : salon jardin Antibes, coffret Bahco, caméra Sentinel, etc.",0,0,0,0,Améliorer la visibilité
concours-lotus-60-ans-douceur-voyage-5000-euros-wonderbox-peluches-411-lots-juillet-decembre-2026,"Concours Lotus 60 ans : voyage 5 000 €, Wonderbox, peluches",concours,2026-07-06,Direct / autre,monbienetrerecompense.fr,Achat produit Lotus requis (hors cotons tiges),0,0,0,0,Améliorer la visibilité
concours-louis-pion-juin-2026-bijou-marques-partenaires-tirage-au-sort,Concours Louis Pion Juin 2026 : Un Bijou Offert (Tirage au Sort),concours,2026-06-02,Direct / autre,louispion.fr,"Un bijou parmi les marques partenaires Louis Pion (Pandora, Swarovski…)",0,0,0,0,Améliorer la visibilité
concours-mafamillezen-calendrier-avant-ete-21-jours-21-cadeaux-juin-2026,Concours Mafamillezen Calendrier Avant-Été : 21 Jours 21 Cadeaux,concours,2026-06-03,Direct / autre,mafamillezen.com,"Gratuit, 21 cadeaux à gagner",0,0,0,0,Améliorer la visibilité
concours-mafamillezen-livres-humour-enfants-7-10-ans-mai-2026,Concours Ma Famille Zen : 6 livres jeunesse humour 7-10 ans,concours,2026-05-18,Direct / autre,mafamillezen.com,6 livres jeunesse pleins d'humour à gagner (6 gagnants),0,0,0,0,Améliorer la visibilité
concours-magazine-avantages-homair-juin-2026-semaine-mobil-home-660-euros,Concours Homair × Avantages 2026 : 1 Semaine en Mobil-Home,concours,2026-06-02,Direct / autre,magazine-avantages.fr,1 semaine en mobil-home Classic 4-6 personnes (660€),0,0,0,0,Améliorer la visibilité
concours-maped-leclerc-rentree-des-classes-200-cartes-cadeaux-20-euros-juin-2026,Concours Maped × Leclerc : 200 cartes cadeaux 20 € à gagner,concours,2026-05-27,Direct / autre,ma-rentree-maped.com,200 × 20€ en cartes cadeaux Leclerc dématérialisées (4 000€ de dotation),0,0,0,0,Améliorer la visibilité
concours-maped-trousse-dragon-juin-2026,Concours Maped : 40 trousses garnies collection Dragon à gagner,concours,2026-06-29,Direct / autre,fr.maped.com,"Gratuit (40 lots de 25,90 €)",0,0,0,0,Améliorer la visibilité
concours-mccain-tour-de-france-experiences-vip-air-fryer-ninja-21152-lots-mai-2026,Concours McCain Tour de France : 21 152 lots dont Air Fryer Ninja,concours,2026-05-18,Direct / autre,mccain.fr,21 152 lots à gagner — VIP Tour de France + Air Fryer + bons,0,0,0,0,Améliorer la visibilité
concours-milan-toboggan-fort-boyard-50-lots-rebus-ete-2026,Milan × Toboggan Jeux × Fort Boyard : 50+ Lots à gagner,concours,2026-06-08,Direct / autre,milan-jeunesse.com,Plus de 50 lots Fort Boyard (lots dévoilés prochainement),0,0,0,0,Améliorer la visibilité
concours-monster-munch-crazy-action-2-nintendo-switch-2-mai-2026-aout-2027,Concours Monster Munch × Action : 2 Nintendo Switch 2 à gagner,concours,2026-05-20,Direct / autre,mesinstantsvico.fr,"2 Nintendo Switch 2 à gagner (469,99€ chacune)",0,0,0,0,Améliorer la visibilité
concours-moulinex-blender-revele-saveur-2026-10-blenders-perfectmix-cook-blend-up,"Concours Moulinex 2026 : 10 Blenders à Gagner (jusqu'à 189,99€)",concours,2026-06-02,Awin,tidd.ly,"10 blenders Moulinex : 5 Perfectmix Cook (189,99€) + 5 Blend Up (99,99€)",0,0,0,0,Améliorer la visibilité
concours-ms-vacances-fete-des-meres-instant-gagnant-bandit-manchot-4-lots-mai-2026,Concours MS Vacances : Bandit Manchot — 4 lots à gagner,concours,2026-05-21,Direct / autre,jeux.ms-vacances.com,4 lots à gagner — Week-end 2 nuits + bon cadeau 150€ + 2 coffrets,0,0,0,0,Améliorer la visibilité
concours-myfujifilm-jeu-fete-des-meres-instant-gagnant-pop-book-offert-mai-2026,Concours MyFUJIFILM : Instax Mini 12 + Pop Book offert,concours,2026-05-18,Direct / autre,my.fujifilm.com,"59 lots à gagner + Pop Book 9,95€ offert à TOUS les perdants",0,0,0,0,Améliorer la visibilité
concours-nescafe-espresso-concentrate-30-coffrets-bouteilles-tote-bag-verre-moule-glacons-juin-aout-2026,Nescafé Espresso Concentrate : 30 Coffrets Exclusifs à gagner,concours,2026-06-08,Direct / autre,nescafe.com,"30 coffrets Nescafé Espresso Concentrate (~33,40 € le coffret, ~1 002 € au total)",0,0,0,0,Améliorer la visibilité
concours-nivea-sun-toy-story-100-casquettes-officielles-mai-2026,Concours Nivea Sun × Toy Story 5 : 100 casquettes à gagner,concours,2026-05-20,Direct / autre,nivea.fr,100 casquettes Toy Story officielles Disney/Pixar à gagner,0,0,0,0,Améliorer la visibilité
concours-odalys-vacances-annuel-2026-1-semaine-4-personnes,Concours Odalys Vacances 2026 : 1 Semaine 4 Pers à Gagner,concours,2026-06-01,Direct / autre,odalys-vacances.com,1 séjour 1 semaine 4 personnes en résidence Odalys,0,0,0,0,Améliorer la visibilité
concours-parexlanko-goal-maillot-equipe-france-juillet-2026,Concours Parexlanko Goal : maillots équipe de France à gagner,concours,2026-06-29,Direct / autre,kimple.co,Gratuit,0,0,0,0,Améliorer la visibilité
concours-paysan-breton-festival-bout-du-monde-pass-3-jours-instant-gagnant-mai-2026,Concours Paysan Breton : 17 pass Festival Bout du Monde,concours,2026-05-18,Direct / autre,jeu-paysanbreton.fr,"17 pass 3 jours Festival du Bout du Monde (84€ pièce, 1 428€ total)",0,0,0,0,Améliorer la visibilité
concours-paysan-breton-recette-champions-ete-15-bons-achat-100-euros-enseigne-sportive-juin-septembre-2026,Concours Paysan Breton : 15 bons d'achat 100 € enseigne sportive,concours,2026-07-06,Direct / autre,paysanbreton.com,Achat 1 produit Paysan Breton requis (dès 2-3 €),0,0,0,0,Améliorer la visibilité
concours-pilot-wonderland-rentree-2026-100-pourcent-gagnant-20-sejours-parcs-loisirs-juin-septembre-2026,"Concours Pilot Wonderland Rentrée 2026 : 100 % gagnant, 20 séjours parcs",concours,2026-07-06,Direct / autre,pilotpen.fr,Achat 1 produit Pilot requis (hors Amazon),0,0,0,0,Améliorer la visibilité
concours-planete-vegetal-100-planches-apero-croq-carotte-radis-instant-gagnant-mai-2026,Concours Planète Végétal : 100 planches apéro à gagner,concours,2026-05-18,Direct / autre,planetevegetal.com,100 planches apéro en bois (12 € pièce) à gagner — obligation d'achat,0,0,0,0,Améliorer la visibilité
concours-pointe-de-penmarch-tirage-5-assortiments-conserverie-bretagne-juin-aout-2026,Concours Pointe de Penmarc'h : 5 assortiments conserverie bretonne,concours,2026-06-22,Direct / autre,pointedepenmarch.com,"5 gagnants : 1 coffret assortiment chacun (valeurs 25,90 € à 49,90 €) — sans obligation d'achat",0,0,0,0,Améliorer la visibilité
concours-primeale-la-fan-zone-40-maillots-nike-france-2026-instant-gagnant-mai-juillet-2026,Concours Priméale Fan Zone : 40 maillots Nike France à gagner,concours,2026-05-27,Direct / autre,primeale.fr,40 maillots Nike France 2026 domicile (110€/pièce — 4 400€ de dotation totale),0,0,0,0,Améliorer la visibilité
concours-purina-destination-friandises-juin-2026-van-150-lots,Concours Purina 2026 : 1 Van + 150 Lots Friandises 🐾,concours,2026-06-01,Direct / autre,purina.fr,1 van 500€ + 150 lots de friandises (30€ chacun),0,0,0,0,Améliorer la visibilité
concours-ricore-chicoree-nature-tasse-nestle-goodnest-juillet-aout-2026,Grand Jeu Ricoré : 40 lots chicorée + tasse à gagner (gratuit),concours,2026-07-03,Direct / autre,nestlegoodnest.com,Gratuit (sans obligation d'achat),0,0,0,0,Améliorer la visibilité
concours-rivadouce-odalys-city-grand-jeu-ete-juillet-2026,Concours Rivadouce x Odalys City : séjour 2 nuits + bons d'achat,concours,2026-06-29,Direct / autre,rivadouce.fr,Gratuit,0,0,0,0,Améliorer la visibilité
concours-roady-jeu-mobilite-120-velos-electriques-118000-euros-juillet-aout-2026,Concours Roady : 120 vélos électriques (118 000 € de gains),concours,2026-07-06,Direct / autre,je-participe.fr,Gratuit (sans obligation d'achat),0,0,0,0,Améliorer la visibilité
concours-saint-amand-cabane-arbres-bain-foret-2026-20-sejours,Saint-Amand Cabane dans les Arbres 2026 : 20 Lots 300€,concours,2026-06-01,Direct / autre,saint-amand.com,20 cartes cadeaux 300€ (1 nuit 4 pers + bain nordique),0,0,0,0,Améliorer la visibilité
concours-saint-amand-envolez-vous-2026-montgolfiere-4-places,Saint-Amand Montgolfière 2026 : 4 Places à Gagner,concours,2026-06-01,Direct / autre,saint-amand.com,"4 places en montgolfière (2 lots × 2 places, valeur 329€ chacun)",0,0,0,0,Améliorer la visibilité
concours-saint-mamet-cups-prets-savourez-2026-60-lots-air-fryer-mon-bento,Concours Saint Mamet 2026 : Air Fryer + Mon Bento à Gagner,concours,2026-06-02,Direct / autre,jeu-promotion.saintmamet.com,"60 lots : 10 Air Fryer (200€) + 50 Mon Bento (30,50€) + bon -0,50€ pour tous",0,0,0,0,Améliorer la visibilité
concours-schar-roulette-a-pizza-sans-gluten-2026,Concours Schär : Gagnez une Roulette à Pizza Sans Gluten,concours,2026-06-09,Direct / autre,pizza.schaer.com,"Gratuit, sans obligation d'achat",0,0,0,0,Améliorer la visibilité
concours-scotch-3m-instants-parfaits-1000-euros-aout-2026,Concours Scotch 3M Instants Parfaits : 1 000 € par mois à gagner,concours,2026-06-30,Direct / autre,promodiy.3mfrance.fr,Avec obligation d'achat,0,0,0,0,Améliorer la visibilité
concours-senseo-grand-jeu-tour-de-france-100-pourcent-gagnant-39029-lots-mai-2026,Concours Senseo Tour de France : 39 029 lots 100% gagnant,concours,2026-05-18,Direct / autre,grandjeuconcourssenseotdf.fr,39 029 lots à gagner (100% gagnant) — sans obligation d'achat,0,0,0,0,Améliorer la visibilité
concours-st-michel-minions-100-pourcent-gagnant-sejour-londres-7000-euros-kits-gouter-juin-septembre-2026,Concours St Michel x Minions 100 % gagnant : séjour Londres 7 000 €,concours,2026-07-06,Direct / autre,st-michel-gouter.fr,Achat 3 produits Goûter St Michel (dont 1 Minions) requis,0,0,0,0,Améliorer la visibilité
concours-stabilo-avery-pack-rentree-mafamillezen-juillet-2026,Concours STABILO x AVERY : 10 packs rentrée primaire à gagner,concours,2026-06-29,Direct / autre,mafamillezen.com,Gratuit (valeur 46 € le pack),0,0,0,0,Améliorer la visibilité
concours-sybotanica-produits-plantes-a-vie-20000-euros-50-ans-juin-2026,Gagne 20 000€ de produits jardin,concours,2026-06-03,Direct / autre,sybotanica.com,"Gratuit, 20 000€ à gagner sur 50 ans",0,0,0,0,Améliorer la visibilité
concours-tele-loisirs-park-loisirs-juin-2026-sejours-portaventura-europa-park-futuroscope,Concours Télé Loisirs 2026 : Séjours Parcs (PortAventura...),concours,2026-06-02,Direct / autre,jeux.programme-tv.net,"Séjours dans PortAventura World, Europa-Park Resort, Futuroscope",0,0,0,0,Améliorer la visibilité
concours-tele-loisirs-trixie-juin-2026-10-lots-tente-chien-panier-velo-149-euros,Concours Trixie × Télé Loisirs 2026 : 10 Lots Chien à Gagner,concours,2026-06-02,Direct / autre,jeux.programme-tv.net,"10 lots Trixie : pop-up tente chien + panier vélo (149,98€/lot)",0,0,0,0,Améliorer la visibilité
concours-tourisme-occitanie-sejours-juniors-vacances-colonie-juillet-2026,Concours Occitanie Séjours Juniors : séjours + colonies à gagner,concours,2026-07-13,Direct / autre,tourisme-occitanie-jeux.com,GRATUIT — nombreux lots à gagner,0,0,0,0,Améliorer la visibilité
concours-tractive-x-franklin-1000-euros-10-colliers-gps-aout-2026,Concours Tractive x Franklin : 10 colliers GPS + 1 000 € de bons d'achat,concours,2026-07-23,Direct / autre,franklinpetfood.com,"Gratuit, sans obligation d'achat",0,0,0,0,Améliorer la visibilité
concours-urban-comics-batman-prime-tome-1-gotham-gazette-mai-2026,Concours Urban Comics : Batman Prime tome 1 à gagner,concours,2026-05-18,Direct / autre,urban-comics.com,Batman Prime tome 1 + Gotham Gazette à gagner,0,0,0,0,Améliorer la visibilité
concours-viandes-limousines-weber-2026-barbecue-master-touch-gbs-e5750,Concours Viandes Limousines 2026 : Barbecue Weber 299€,concours,2026-06-02,Direct / autre,lesviandeslimousines.com,1 barbecue Weber Master-Touch GBS E-5750 noir (valeur 299€),0,0,0,0,Améliorer la visibilité
concours-vico-carrefour-juin-2026-170-lots-foot-videoprojecteurs,Concours Vico x Carrefour Juin 2026 : 170 Lots à Gagner,concours,2026-06-01,Direct / autre,mesinstantsvico.fr,170 lots (50 vidéoprojecteurs + 100 bons 30€ + 20 maillots foot),0,0,0,0,Améliorer la visibilité
concours-vico-carrefour-tour-de-france-juillet-2026,"Concours Vico x Carrefour Tour de France : vélo, TV, Decathlon",concours,2026-06-29,Direct / autre,mesinstantsvico.fr,Avec obligation d'achat,0,0,0,0,Améliorer la visibilité
concours-voici-futuroscope-xperiences-6-lots-4-entrees-236-euros-juillet-2026,Concours Voici x Futuroscope Xperiences : 6 lots de 4 entrées,concours,2026-07-06,Direct / autre,jeux.voici.fr,Gratuit (sans obligation d'achat),0,0,0,0,Améliorer la visibilité
concours-voyages-pirates-chasse-aux-tresors-2026-13-lots-voyages,Voyages Pirates Chasse aux Trésors 2026 : 13 Voyages à Gagner,concours,2026-06-01,Direct / autre,highlights.voyagespirates.fr,"13+ lots voyages : séjours hôtels, vouchers 250€ Airbnb/GetYourGuide, 2500€ Luxury Escapes, etc.",0,0,0,0,Améliorer la visibilité
concours-xtra-juste-prix-labelleadresse-350-lots-mai-decembre-2026,Concours X.TRA × Le Juste Prix : 350 lots à gagner,concours,2026-05-20,Direct / autre,labelleadresse.com,350 lots X.TRA à gagner — Sans obligation d'achat,0,0,0,0,Améliorer la visibilité
consobaby-joie-i-spin-360-max-siege-auto-test-gratuit-juin-2026,Test Gratuit Siège Auto Joie i-Spin 360 Max (Consobaby),test-gratuit,2026-06-01,Direct / autre,consobaby.com,"Siège auto offert (valeur 359,90€)",0,0,0,0,Améliorer la visibilité
consobaby-nuk-biberon-perfect-match-260ml-singe-test-gratuit-juin-2026,Test Gratuit Biberon NUK Perfect Match 260ml (Consobaby),test-gratuit,2026-06-01,Direct / autre,consobaby.com,"Biberon offert (valeur 11,29€)",0,0,0,0,Améliorer la visibilité
corine-de-farme-graisse-a-traire-monoi-150ml-3-95-euros,"Corine de Farme Graisse à Traire Monoï 150 ml à 3,95 €",bon-plan,2026-07-07,Amazon,Amazon,"3,95 €",0,0,0,0,Améliorer la visibilité
cosmechic-maybelline-lot-6-vernis-superstay-19-99-euros,"Lot de 6 vernis Maybelline Superstay à 19,99 € (-63 %)",bon-plan,2026-07-20,Direct / autre,cosmechic.fr,"19,99 € au lieu de 54,59 €",0,0,0,0,Améliorer la visibilité
cosmopolitan-box-peau-zero-defaut-10-produits-29-90-euros-edition-limitee-2026,Box Cosmopolitan Peau Zéro Défaut : 285 € de produits à 20 €,box-beaute,2026-07-08,Direct / autre,fnty.co,20 € au lieu de 285 €,0,0,0,0,Améliorer la visibilité
cosrx-vs-beauty-of-joseon-routine-coreenne-2026,COSRX vs Beauty of Joseon : quelle routine coréenne est la meilleure ?,comparatif,2026-07-23,Amazon,Amazon,"à partir de 15,90 €",0,0,0,0,Améliorer la visibilité
daco-bello-concours-equipe-marque-ballons-foot-juin-juillet-2026,Concours Daco Bello : 500 ballons de foot (2 produits achetés),concours,2026-06-15,Direct / autre,coupedumonde2026dacobello.fr,Avec obligation d'achat (2 produits Daco Bello),0,0,0,0,Améliorer la visibilité
damart-soldes-jusqu-a-70-pourcent-code-promo-40815-juin-2026,Damart Soldes : Jusqu'à -70% + Code Promo 40815 + 2 T-shirts Achetés = 3,code-promo,2026-06-07,TimeOne / Public Idées,tracking.publicidees.com,Jusqu'à -70%,0,0,0,0,Améliorer la visibilité
darty-lg-refrigerateur-multi-portes-638l-no-frost-1999-euros-juin-2026,Réfrigérateur multi-portes LG 638 L à 1 999 € (-500 €),bon-plan,2026-06-24,Awin,tidd.ly,1 999 € au lieu de 2 499 €,0,0,0,0,Améliorer la visibilité
darty-lg-washtower-lave-linge-12kg-sechant-10kg-2099-euros-juin-2026,LG WASHTOWER lave-linge 12 kg + séchant 10 kg à 1 899 €,bon-plan,2026-07-07,Awin,tidd.ly,1 899 € au lieu de 2 599 €,0,0,0,0,Améliorer la visibilité
darty-ninja-creami-scoop-swirl-nc702eu-sorbetiere-279-99-euros-juin-2026,"Sorbetière Ninja CREAMi Scoop & Swirl à 279,99 € (-20%)",bon-plan,2026-06-24,Awin,tidd.ly,"279,99 € au lieu de 349,99 €",0,0,0,0,Améliorer la visibilité
darty-ninja-slushi-fs301eu-machine-granita-189-99-euros-juin-2026,"Machine à granita Ninja SLUSHI FS301EU à 189,99 € (-35%)",bon-plan,2026-07-16,Awin,tidd.ly,"189,99 € au lieu de 289,99 €",0,0,0,0,Améliorer la visibilité
delonghi-nespresso-lattissima-one-en510-amazon-promo-2026,"Delonghi Nespresso Lattissima One EN510 : 189€ au lieu de 249,99€ (-24%)",bon-plan,2026-04-01,Amazon,Amazon,189€,0,0,0,0,Améliorer la visibilité
dewalt-kit-7-outils-18v-brushless-3-batteries-5ah-1070-euros-juin-2026,Kit Dewalt 7 outils 18V Brushless + 3 batteries 5 Ah à 1 070 €,bon-plan,2026-06-24,Awin,tidd.ly,"1 070,64 € au lieu de 1 359,63 €",0,0,0,0,Améliorer la visibilité
disney-princess-ariel-petite-sirene-poupee-nageuse-amazon-juin-2026,"Disney Princess Ariel Petite Sirène Poupée Nageuse à 14,25 € sur Amazon",bon-plan,2026-06-24,Amazon,Amazon,"14,25 €",0,0,0,0,Améliorer la visibilité
dove-gommage-corps-grenade-karite-test-produit-gratuit-try-and-review-2026,Test gratuit Dove Gommage Corps — Grenade & Karité ou Macadamia & Lait de Riz,test-gratuit,2026-07-23,Direct / autre,tryandreview.com,Gratuit,0,0,0,0,Améliorer la visibilité
dr-pierre-ricaud-contour-yeux-nuit-regeneration-supreme-amazon-juin-2026,"Dr Pierre Ricaud Contour Yeux Nuit Régénération Suprême à 15,40 €",bon-plan,2026-06-30,Amazon,Amazon,"15,40 €",0,0,0,0,Améliorer la visibilité
eastpak-padded-pakr-sac-a-dos-test-produit-gratuit-2026,Test gratuit : Sac à dos Eastpak Padded Pak'r,test-gratuit,2026-06-15,Direct / autre,testerdesproduits.fr,Gratuit,0,0,0,0,Améliorer la visibilité
ebuyclub-60-coupons-remboursement-courses-supermarche-avril-2026,"eBuyClub : 66 coupons de remboursement sur tes courses (mai 2026) — Maître CoQ, Danone, L'Or, Häagen-Dazs, Pampers, Felix...",bon-plan,2026-05-20,Direct / autre,ebuyclub.com,"66 coupons disponibles (0,20€ à 2,50€ par produit) — mai 2026",0,0,0,0,Améliorer la visibilité
electro-depot-krups-dolce-gusto-piccolo-xs-noir-28-98-euros-juin-2026,"Cafetière Krups Dolce Gusto Piccolo XS noire à 28,98 €",bon-plan,2026-07-18,Direct / autre,fnty.co,"28,98 €",0,0,0,0,Améliorer la visibilité
electro-depot-valberg-lave-linge-hublot-11kg-309-96-euros-juin-2026,"Lave-linge hublot Valberg 11 kg à 309,96 € (-11%)",bon-plan,2026-06-25,Direct / autre,fnty.co,"309,96 € au lieu de 349,50 €",0,0,0,0,Améliorer la visibilité
electro-depot-xiaomi-redmi-watch5-buds6-bundle-79-euros-juin-2026,Xiaomi Redmi Watch5 + Buds6 (bundle) à 49 € (-51 %),bon-plan,2026-07-24,Direct / autre,fnty.co,"49 € au lieu de 99,99 € (-51 %)",0,0,0,0,Améliorer la visibilité
elf-soft-glam-fond-de-teint-satin-10-euros-amazon-moins-39-pourcent,"e.l.f. Soft Glam Fond de Teint Satin à 7,99 € (-52 %)",bon-plan,2026-07-26,Amazon,Amazon,"7,99 € au lieu de 16,48 € (-52 %)",0,0,0,0,Améliorer la visibilité
erborian-bb-eye-touche-parfaite-contour-yeux-promo-amazon-2026,"Erborian BB Eye Touche Parfaite contour des yeux à 16,70 €",bon-plan,2026-06-30,Amazon,Amazon,"16,70 €",0,0,0,0,Améliorer la visibilité
evercross-trottinette-electrique-enfant-6-12-ans-amazon-promo-2026,EVERCROSS trottinette électrique enfant 6-12 ans à 132€ au lieu de 179€ (-26%),bon-plan,2026-04-01,Amazon,Amazon,"132,99€",0,0,0,0,Améliorer la visibilité
facelle-robot-patissier-2000w-6-litres-promo-amazon-2026,"Robot pâtissier Facelle 2000W à 109,97€ (-31%) : le rival du KitchenAid",bon-plan,2026-04-10,Amazon,Amazon,"109,97€",0,0,0,0,Améliorer la visibilité
fiximaster-remorque-velo-enfant-2-en-1-poussette-amazon-promo-2026,"Remorque vélo enfant 2 en 1 Fiximaster : 149,99€ (-12%) déjà 27% vendus",bon-plan,2026-04-01,Amazon,Amazon,"149,99€",0,0,0,0,Améliorer la visibilité
fromagerie-milleret-jeu-concours-peluche-exclusive-juillet-aout-2026,Fromagerie Milleret : gagne une peluche exclusive Milleret,concours,2026-07-15,Direct / autre,fromagerie-milleret.com,Gratuit,0,0,0,0,Améliorer la visibilité
funko-pop-sanrio-hello-kitty-kuromi-my-melody-figurine-amazon-juin-2026,"Funko Pop! Sanrio Hello Kitty — Kuromi 20th — My Melody à 6,64 €",bon-plan,2026-06-24,Amazon,Amazon,"6,64 €",0,0,0,0,Améliorer la visibilité
gillette-labs-i7-tondeuse-corps-intime-promo-amazon-2026,"La tondeuse corps Gillette i7 passe à 68€ (-34%, stock limité)",bon-plan,2026-04-09,Amazon,Amazon,"68,90€",0,0,0,0,Améliorer la visibilité
gillette-venus-comfortglide-spa-breeze-promo-amazon-2026,"Gillette Venus ComfortGlide Spa Breeze à 9,90€ (-31%) : le rasoir sans gel",bon-plan,2026-04-09,Amazon,Amazon,"9,90€",0,0,0,0,Améliorer la visibilité
ginzyaiy-debroussailleuse-electrique-sans-fil-2-batteries-21v-amazon-promo-2026,"Ginzyaiy débroussailleuse sans fil 2 batteries 21V à 48,18 €",bon-plan,2026-07-07,Amazon,Amazon,"48,18 €",0,0,0,0,Améliorer la visibilité
gitelsnour-arbre-a-chat-180cm-tour-griffoirs-hamac-amazon-promo-2026,"Arbre à chat Gitelsnour 180 cm tour complète à 63,16 €",bon-plan,2026-06-28,Amazon,Amazon,"63,16 €",0,0,0,0,Améliorer la visibilité
glowria-4-nouvelles-routines-13-euros-11-produits-349-euros,Glowria : 11 produits pour 13 € sans engagement (valeur 349 €),box-beaute,2026-07-17,Direct / autre,glowria.com,"13,00 € au lieu de 349 €",0,0,0,0,Améliorer la visibilité
glowria-4-routines-13-euros-sans-engagement-sunset-sunrise-juillet-2026,Glowria : 4 routines beauté à 13 € sans engagement (303 €),box-beaute,2026-07-03,Direct / autre,glowria.com,13 €,0,0,0,0,Améliorer la visibilité
glowria-5-routines-estivales-13-produits-238-euros-13-euros-juin-2026,Box Glowria : 5 routines beauté = 238 € de produits pour 13 €,box-beaute,2026-06-12,Affilae,c3po.link,"13 € + 4,90 € de port (sans engagement)",0,0,0,0,Améliorer la visibilité
glowria-6-routines-13-euros-tote-bag-ete-2026,Glowria offre XXL été : 6 routines beauté + tote bag pour 13 € (valeur 300 €),box-beaute,2026-07-24,Direct / autre,glowria.com,"13 € (+ 5,90 € livraison) — valeur 300 €",0,0,0,0,Améliorer la visibilité
glowria-box-avril-2026-beauty-brunch-16-50-euros,"Glowria avril 2026 Beauty Brunch : 5 produits beauté dès 16,50€",box-beaute,2026-04-01,Affilae,c3po.link,"dès 16,50€",0,0,0,0,Améliorer la visibilité
glowria-box-cherry-pop-juin-2026-5-produits-90-euros,"Glowria Box Cherry Pop Juin 2026 : 5 Produits à 16,50€",box-beaute,2026-06-01,Affilae,c3po.link,"à partir de 16,50€/mois (valeur 90€)",0,0,0,0,Améliorer la visibilité
glowria-box-coquine-friday-bae-edition-limitee,"Glowria Box Coquine x Friday Bae : 121€ de produits pour 29,90€",box-beaute,2026-04-28,Affilae,c3po.link,"29,90€",0,0,0,0,Améliorer la visibilité
glowria-box-xxl-journee-femme-15-euros-2026,Glowria : 35 produits beauté (682€) pour 15€,box-beaute,2026-03-06,Affilae,c3po.link,15€ au lieu de 682€,0,0,0,0,Améliorer la visibilité
glowria-chasse-aux-box-paques-3-box-9-90-euros-17-produits-2026,"Glowria Chasse aux Box Pâques : 3 box pour 9,90€, 17 produits",box-beaute,2026-04-03,Affilae,c3po.link,"9,90€",0,0,0,0,Améliorer la visibilité
glowria-mega-offre-4-routines-11-produits-16-euros-2026,"Glowria : 4 routines beauté (11 produits, valeur 239€) pour 16€",box-beaute,2026-04-10,Affilae,c3po.link,"16,00€",0,0,0,0,Améliorer la visibilité
glowria-offre-xxl-6-routines-16-euros-319-euros-mai-2026,Glowria offre XXL : 6 routines beauté (16 produits) pour 16 €,box-beaute,2026-05-24,Direct / autre,glowria.com,"16€ (319€ de valeur, sans engagement)",0,0,0,0,Améliorer la visibilité
goture-canne-peche-telescopique-carbone-ensemble-amazon-juin-2026,"Goture canne à pêche télescopique carbone + ensemble complet à 40,19 €",bon-plan,2026-06-24,Amazon,Amazon,"40,19 €",0,0,0,0,Améliorer la visibilité
grand-mere-cafe-54-dosettes-senseo-amazon-promo-2026,Grand Mère café 54 dosettes Senseo à 5€ au lieu de 17€ (-71%),bon-plan,2026-04-01,Amazon,Amazon,"5,02€",0,0,0,0,Améliorer la visibilité
greenweez-biolane-lingettes-eau-bio-15-lingettes-1-26-euros-juin-2026,"Lingettes Biolane à l'eau bio x15 à 1,26 € (-30%)",bon-plan,2026-07-07,Direct / autre,greenweez.com,"1,26 € au lieu de 1,80 €",0,0,0,0,Améliorer la visibilité
greenweez-biolane-pack-couches-taille-1-168-couches-33-12-euros-juin-2026,"Couches Biolane Nature Taille 1 (168 couches) à 33,12 € (-30%)",bon-plan,2026-06-24,Direct / autre,greenweez.com,"33,12 € au lieu de 47,31 €",0,0,0,0,Améliorer la visibilité
greenweez-dbb-remond-sucette-medicament-silicone-7-60-euros-juin-2026,"Sucette médicament dBb Remond silicone à 7,60 € (-10%)",bon-plan,2026-07-07,Direct / autre,greenweez.com,"7,60 € au lieu de 8,45 €",0,0,0,0,Améliorer la visibilité
greenweez-yooji-pack-economique-4-7m-purees-bio-bebe-83-50-euros-juin-2026,"Yooji Pack 4-7 mois purées bio bébé à 83,50 € (-26%)",bon-plan,2026-07-07,Direct / autre,greenweez.com,"83,50 € au lieu de 112,65 €",0,0,0,0,Améliorer la visibilité
guide-meilleure-creme-cicatrisante-amazon-2026,Meilleure crème cicatrisante : guide d'achat 8 marques testées,comparatif,2026-05-28,Amazon,Amazon,"De 5,08€ à 25,59€ selon la référence",0,0,0,0,Améliorer la visibilité
guide-meilleurs-autobronzants-corps-amazon-2026,Meilleurs autobronzants pour un joli teint hâlé : guide top 8,comparatif,2026-05-27,Amazon,Amazon,"Sélection 8 produits — de 6,22€ à 35,95€",0,0,0,0,Améliorer la visibilité
guide-meilleurs-soins-hydratants-corps-amazon-2026,Meilleurs soins hydratants corps : guide 8 laits & crèmes,comparatif,2026-05-27,Amazon,Amazon,"Sélection 8 produits — de 3,26€ à 16€",0,0,0,0,Améliorer la visibilité
h-koenig-sorbetiere-srb80-2l-amazon,"H.Koenig SRB80 sorbetière 2 L inox à 49,99 €",bon-plan,2026-06-29,Amazon,Amazon,"49,99 €",0,0,0,0,Améliorer la visibilité
head-evo-padel-racket-raquette-amazon-juin-2026,"HEAD Evo Padel Racket raquette padel à 52,69 € sur Amazon",bon-plan,2026-06-24,Amazon,Amazon,"52,69 €",0,0,0,0,Améliorer la visibilité
homcom-moto-cross-electrique-enfant-350w-amazon-promo-2026,HOMCOM moto cross électrique enfant 350W à 236€ au lieu de 279€ (-15%),bon-plan,2026-04-01,Amazon,Amazon,"236,90€",0,0,0,0,Améliorer la visibilité
hoover-lave-linge-hwp-610ambc-10kg-classe-a-cdiscount-promo-2026,"Hoover lave-linge 10 kg classe A à 279,99 € sur Cdiscount",bon-plan,2026-06-28,Awin,tidd.ly,"279,99 €",0,0,0,0,Améliorer la visibilité
hub-amazon-meilleures-cremes-visage-2026,Les meilleures crèmes visage Amazon en 2026 : notre sélection,comparatif,2026-07-24,Amazon,Amazon,"à partir de 7,68 €",0,0,0,0,Améliorer la visibilité
hub-bons-plans-amazon-bebe-puericulture-juin-2026,"Bons plans bébé Amazon : biberons, sièges auto et babyphones",bon-plan,2026-06-18,Amazon,Amazon,21 bons plans bébé jusqu'à -50%,0,0,0,0,Améliorer la visibilité
hub-cadeaux-fete-des-peres-2026-amazon-papa-top-15-produits,Hub Fête des Pères : 15 cadeaux papa Amazon (8 € à 458 €),test-avis,2026-05-22,Amazon,Amazon,"de 8,99 € à 458,66 €",0,0,0,0,Améliorer la visibilité
hub-coffrets-magnifaik-juillet-2026-cristina-cordula-newsletter-10-pourcent,Coffrets Magnifaïk : 7 pack Cristina Cordula à -20 à -40 %,bon-plan,2026-07-03,Awin,awin1.com,"dès 39,90 €",0,0,0,0,Améliorer la visibilité
hub-dr-pierre-ricaud-meilleurs-soins-visage-2026,Les meilleurs soins Dr Pierre Ricaud en 2026 : notre sélection,comparatif,2026-07-24,Awin,awin1.com,"à partir de 12,20 €",0,0,0,0,Améliorer la visibilité
hub-meilleures-promos-cosmechic-destockage-grandes-marques-2026,Destockage Cosmé'Chic : -85 % sur les grandes marques,bon-plan,2026-07-20,Direct / autre,cosmechic.fr,Jusqu'à -85 %,0,0,0,0,Améliorer la visibilité
hub-meilleures-ventes-privees-beaute-mode-juin-2026,"Meilleures Ventes Privées : Beauté, Mode, Lingerie, Papeterie (Jusqu'à -70%)",bon-plan,2026-06-14,Direct / autre,fnty.co,Jusqu'à -70% selon les marques + codes promo cumulables,0,0,0,0,Améliorer la visibilité
hub-meilleurs-bons-plans-blissim-juillet-2026-coffret-experte-boucles,Meilleurs bons plans Blissim juillet 2026 + coffret Boucles,bon-plan,2026-07-02,Awin,awin1.com,"à partir de 4,40 €",0,0,0,0,Améliorer la visibilité
hub-meilleurs-bons-plans-cdiscount-juillet-2026-codes-promo-hello10-igraal,Bons plans Cdiscount juillet 2026 + codes HELLO10 & Philips,bon-plan,2026-07-02,Awin,awin1.com,"à partir de 4,55 €",0,0,0,0,Améliorer la visibilité
hub-meilleurs-bons-plans-darty-juillet-2026-cashback-igraal-5-pourcent,Meilleurs bons plans Darty juillet 2026 : flash GEM -120€ + iGraal 5 %,bon-plan,2026-07-24,Awin,awin1.com,"à partir de 114,99 €",0,0,0,0,Améliorer la visibilité
hub-meilleurs-bons-plans-lookfantastic-juillet-2026-selection-editoriale,Lookfantastic : 17 stars beauté à petits & moyens prix,bon-plan,2026-07-03,Awin,awin1.com,"dès 5,11 €",0,0,0,0,Améliorer la visibilité
hub-meilleurs-soldes-ete-15-marques-jusqu-70-pourcent-cashback-igraal-juin-2026,Hub soldes d'été : 15 marques jusqu'à -70 % + cashback iGraal,bon-plan,2026-06-28,Direct / autre,fr.igraal.com,Jusqu'à -70% selon les marques + bonus newsletter + cashback iGraal cumulables,0,0,0,0,Améliorer la visibilité
hub-solaires-ete-2026-meilleurs-spf50-visage-corps-bebe,"Meilleures crèmes solaires 2026 : Top SPF50 visage, corps, bébé, bio",beaute,2026-07-14,Amazon,Amazon,"de 5,93 € à 32,28 €",0,0,0,0,Améliorer la visibilité
ice-watch-smart-tks-2-montre-connectee-femme-amazon-juin-2026,"ICE-WATCH Smart TKS 2.0 montre connectée femme 1,41 pouces à 79,80 €",bon-plan,2026-06-24,Amazon,Amazon,"79,80 €",0,0,0,0,Améliorer la visibilité
idees-cadeaux-fete-des-peres-2026-amazon-selection-papa,Idées cadeaux Fête des Pères : 6 cadeaux malins sur Amazon,test-avis,2026-05-17,Amazon,Amazon,"de 8,99 € à 107,99 €",0,0,0,0,Améliorer la visibilité
jack-jones-corp-logo-tshirt-homme-3xl-amazon-juin-2026,"Jack & Jones t-shirt Corp Logo homme à 6,34 € sur Amazon",bon-plan,2026-06-24,Amazon,Amazon,"6,34 €",0,0,0,0,Améliorer la visibilité
jack-jones-jcologan-tshirt-garcon-amazon-juin-2026,"Jack & Jones Jcologan t-shirt garçon à 5,56 € sur Amazon",bon-plan,2026-06-24,Amazon,Amazon,"5,56 €",0,0,0,0,Améliorer la visibilité
jummico-litiere-chat-automatique-intelligente-amazon-promo-2026,"JUMMICO litière chat automatique intelligente : 185,99€ au lieu de 239,99€ (-23%)",bon-plan,2026-04-01,Amazon,Amazon,"185,99€",0,0,0,0,Améliorer la visibilité
kanzy-huile-essentielle-tea-tree-60ml-amazon-promo-2026,"Kanzy huile essentielle tea tree 60ml à 7,73€ : le produit multi-usage à avoir",bon-plan,2026-04-01,Amazon,Amazon,"7,73€",0,0,0,0,Améliorer la visibilité
kiabi-community-ensemble-size-plus-blouse-pantalon-broderies-orange-beige-2026,Kiabi Community : ensemble size+ blouse + pantalon broderies à tester et garder,test-gratuit,2026-07-15,Direct / autre,community.kiabi.com,Gratuit,0,0,0,0,Améliorer la visibilité
kiabi-community-robe-longue-rose-col-croise-test-produit-gratuit-juin-2026,Kiabi Community : Robe Longue Rose à Tester Gratuitement,test-gratuit,2026-06-01,Direct / autre,community.kiabi.com,Robe offerte après test (valeur retail Kiabi),0,0,0,0,Améliorer la visibilité
king-c-gillette-kit-barbe-homme-nettoyant-baume-amazon-juin-2026,"King C. Gillette Kit Barbe homme — nettoyant + baume à 11,90 €",bon-plan,2026-06-24,Amazon,Amazon,"11,90 €",0,0,0,0,Améliorer la visibilité
kodak-dock-plus-imprimante-photo-amazon-promo-2026,"Kodak Dock Plus imprimante photo + 50 feuilles à 109,99 € au lieu de 189 € (-42 %)",bon-plan,2026-07-24,Amazon,Amazon,"109,99 €",0,0,0,0,Améliorer la visibilité
la-boite-rose-affiche-naissance-personnalisee-gratuite-bebe-juin-2026,La Boîte Rose : Affiche Naissance Personnalisée OFFERTE pour bébé,bon-plan,2026-07-21,Awin,tidd.ly,"Gratuit, à télécharger",0,0,0,0,Améliorer la visibilité
la-roche-posay-hyalu-b5-vs-cerave-creme-hydratante-2026,La Roche-Posay Hyalu B5 vs CeraVe : quelle crème hydratante choisir ?,comparatif,2026-07-23,Amazon,Amazon,"à partir de 11,80 €",0,0,0,0,Améliorer la visibilité
la-roche-posay-toleriane-vs-bioderma-sensibio-pharma-2026,La Roche-Posay Toleriane vs Bioderma Sensibio : quelle pharma choisir ?,comparatif,2026-07-23,Amazon,Amazon,"à partir de 13,79 €",0,0,0,0,Améliorer la visibilité
lacoste-montre-homme-continental-acier-77-99-euros,"Montre Lacoste Continental Homme acier à 77,99 €",bon-plan,2026-06-24,Amazon,Amazon,"77,99 €",0,0,0,0,Améliorer la visibilité
lagrange-409001-sorbetiere-1-5l-framboise-amazon,"Lagrange 409001 sorbetière 1,5 L LCD framboise à 49,99 €",bon-plan,2026-06-29,Amazon,Amazon,"49,99 €",0,0,0,0,Améliorer la visibilité
laromabox-promo-10-euros-premiere-box-mars-2026,"L'Arôma Box : ton cocon aromathérapie à 19,90€",box-beaute,2026-07-12,Direct / autre,laromabox.fr,"19,90 € (au lieu de 29,90 €, -10 € sur ta 1ère box)",0,0,0,0,Améliorer la visibilité
lavera-vs-avril-creme-bio-petit-budget-2026,Lavera vs Avril : quelle crème bio petit budget choisir en 2026 ?,comparatif,2026-07-23,Amazon,Amazon,"à partir de 8,55 €",0,0,0,0,Améliorer la visibilité
lavera-vs-cattier-soin-visage-bio-efficace-2026,Lavera vs Cattier : quel soin visage bio est le plus efficace ?,comparatif,2026-07-23,Amazon,Amazon,"à partir de 12,00 €",0,0,0,0,Améliorer la visibilité
lego-ideas-les-loutres-calines-jouet-construction-adulte-amazon,"LEGO Ideas Les Loutres Câlines à 59,90 € sur Amazon",bon-plan,2026-06-24,Amazon,Amazon,"59,90 €",0,0,0,0,Améliorer la visibilité
lego-speed-champions-f1-oracle-red-bull-rb20-17-17-euros,"LEGO Speed Champions F1 Oracle Red Bull RB20 à 17,17 €",bon-plan,2026-07-02,Amazon,Amazon,"17,17 €",0,0,0,0,Améliorer la visibilité
lifenaxx-sorbetiere-mini-450ml-amazon,"Lifenaxx sorbetière mini 450 ml à 37,99 €",bon-plan,2026-06-29,Amazon,Amazon,"37,99 €",0,0,0,0,Améliorer la visibilité
lookfantastic-beauty-egg-paques-2025-promo,Lookfantastic Beauty Egg 2026 : 260€ de produits beauté pour 70€,bon-plan,2026-03-20,Awin,tidd.ly,70€,0,0,0,0,Améliorer la visibilité
lookfantastic-edition-estivale-box-summer-160-euros-44-euros-2026,Box Estivale Lookfantastic : 8 produits été (160 €+) à 44 €,box-beaute,2026-07-15,Awin,awin1.com,"44,00 €",0,0,0,0,Améliorer la visibilité
lookfantastic-edition-pro-ageing-box-anti-age-260-euros-55-euros-2026,Box Pro-Ageing Lookfantastic : 7 soins anti-âge (260 €) à 55 €,box-beaute,2026-07-15,Awin,awin1.com,"55,00 €",0,0,0,0,Améliorer la visibilité
lookfantastic-edition-speciale-fete-des-meres-60-euros-2026,Lookfantastic édition fête des mères : plus de 200€ de beauté pour 45€,box-beaute,2026-05-04,Awin,tidd.ly,"45,00€",0,0,0,0,Améliorer la visibilité
lookfantastic-edition-tendances-beaute-promo-40-pourcent,Lookfantastic Edition Tendances Beauté : 145€ de produits pour 30€ (-40%),bon-plan,2026-03-20,Awin,tidd.ly,30€,0,0,0,0,Améliorer la visibilité
lookfantastic-medik8-total-moisture-gel-nettoyant-hydratant-145ml-nouveaute-2026,Medik8 Total Moisture : nouveau gel nettoyant hydratant 145 ml,bon-plan,2026-07-15,Awin,awin1.com,"33,35 €",0,0,0,0,Améliorer la visibilité
lookfantastic-sol-de-janeiro-cheirosa-39-brume-coco-vanille-90ml-18-euros-2026,"Sol de Janeiro Cheirosa 39 : brume coco-vanille 90 ml à 18,75 €",bon-plan,2026-07-15,Awin,awin1.com,"18,75 €",0,0,0,0,Améliorer la visibilité
lookfantastic-sol-de-janeiro-discovery-mist-set-4-brumes-40-euros-28-euros-2026,Sol de Janeiro Discovery Mist Set : 4 brumes (40 €) à 28 €,bon-plan,2026-07-15,Awin,awin1.com,"28,18 €",0,0,0,0,Améliorer la visibilité
loreal-men-expert-power-age-soin-visage-acide-hyaluronique-xxl-15-90-euros-amazon-moins-19-pourcent,"L'Oréal Men Expert Power Age soin visage XXL 100 ml à 14,79 €",bon-plan,2026-06-30,Amazon,Amazon,"14,79 €",0,0,0,0,Améliorer la visibilité
machine-a-glace-portable-1000ml-amazon,"Machine à glace portable automatique 1000 ml à 130,99 €",bon-plan,2026-06-29,Amazon,Amazon,"130,99 €",0,0,0,0,Améliorer la visibilité
mademoiselle-confettis-abonnement-box-fille-45-pourcent-soldes-juillet-2026,"Mademoiselle Confettis : box fille -45 % dès 32,90 €",box-beaute,2026-07-08,Direct / autre,mademoiselleconfettis.com,"dès 32,90 € au lieu de 60 €",0,0,0,0,Améliorer la visibilité
mademoiselle-confettis-box-anniversaire-fille-3-14-ans-2026,"Mademoiselle Confettis : la box anniversaire pour filles de 3 à 14 ans à 35,90€",box-beaute,2026-04-09,Affilae,c3po.link,"35,90€",0,0,0,0,Améliorer la visibilité
magimix-gelato-expert-sorbetiere-compresseur-amazon,Magimix Gelato Expert sorbetière compresseur pro à 549 €,bon-plan,2026-06-29,Amazon,Amazon,549 €,0,0,0,0,Améliorer la visibilité
makeup-revolution-awesome-eyeliner-felt-kohl-6-97-euros-amazon-moins-44-pourcent,Makeup Revolution Awesome Eyeliner Felt & Kohl à 4 € (-68 %),bon-plan,2026-07-26,Amazon,Amazon,"4 € au lieu de 12,46 € (-68 %)",0,0,0,0,Améliorer la visibilité
mam-easy-active-biberon-lot-2-330ml-13-euros-promo-amazon-avril-2026,"MAM Easy Active : lot de 2 biberons 330 ml à 13,21 €",bon-plan,2026-07-21,Amazon,Amazon,"13,21 €",0,0,0,0,Améliorer la visibilité
marque-semaine-sol-de-janeiro-lookfantastic-jusqu-a-40-pourcent-cadeau-offert-juillet-2026,La Marque de la Semaine : Sol de Janeiro jusqu'à -40 %,bon-plan,2026-07-20,Awin,awin1.com,Jusqu'à -40 % + cadeau dès 45 €,0,0,0,0,Améliorer la visibilité
maybelline-serum-lipstick-rouge-levres-soin-promo-amazon-2026,"Maybelline Serum Lipstick à 8,45€ (-43%) : le rouge à lèvres soin qui buzze",bon-plan,2026-04-09,Amazon,Amazon,"8,45€",0,0,0,0,Améliorer la visibilité
medi-partners-reducteur-lit-bebe-cocon-amazon-promo-2026,"Réducteur de lit bébé Medi Partners : 47,49€ au lieu de 55,99€ (-14%)",bon-plan,2026-04-01,Amazon,Amazon,"47,49€",0,0,0,0,Améliorer la visibilité
medicube-zero-exosome-shot-7500-serum-13-euros-promo-amazon-avril-2026,"Medicube Zero Exosome Shot 7500 Sérum à 12,54 € au lieu de 18,60 € (-33 %)",bon-plan,2026-07-15,Amazon,Amazon,"12,54 €",0,0,0,0,Améliorer la visibilité
meilleures-bouillottes-2026-test-avis-eau-chaude-seche-gel-bebe,Meilleures Bouillottes 2026 : Top 5 Amazon (Test & Avis),beaute,2026-06-03,Amazon,Amazon,"5 bouillottes de 8,89€ à 14,99€ — eau chaude / sèche / gel / bébé",0,0,0,0,Améliorer la visibilité
meilleures-bouillottes-electriques-2026-guide-amazon-sans-fil-rechargeable,Meilleures bouillottes électriques : top 5 sans fil rechargeables,beaute,2026-05-31,Amazon,Amazon,"À partir de 20,82€",0,0,0,0,Améliorer la visibilité
meilleures-nouveautes-parfum-2026-comparatif,Meilleures nouveautés parfum 2026 : comparatif 10 lancements,comparatif,2026-07-21,Effiliation,track.effiliation.com,"de 49,90 € à 195,90 €",0,0,0,0,Améliorer la visibilité
meilleures-tondeuses-barbe-cheveux-2026-test-avis-amazon-philips-babyliss-remington,Meilleures tondeuses barbe & cheveux : top 5 Amazon comparé,comparatif,2026-07-26,Amazon,Amazon,"5 tondeuses de 29,99€ à 109,99€ — barbe + cheveux + multifonctions",0,0,0,0,Améliorer la visibilité
meilleurs-baumes-pectoraux-2026-guide-amazon-eucalyptus-huiles-essentielles,"Meilleurs baumes pectoraux : top 5 Amazon (Eucalyptus, HE)",comparatif,2026-07-26,Amazon,Amazon,"À partir de 5,94 €",0,0,0,0,Améliorer la visibilité
meilleurs-bons-plans-adopt-parfums-maquillage-soin-juillet-2026,"Meilleurs bons plans Adopt : parfums maquillage soin dès 1,48 €",beaute,2026-07-21,Affilae,lb.affilae.com,"de 1,48 € à 51,96 € selon le produit",0,0,0,0,Améliorer la visibilité
meilleurs-bons-plans-nuxe-2026-selection-huile-prodigieuse-reve-de-miel-merveillance,"Meilleurs bons plans Nuxe 2026 : 9 icônes vérifiées + prix Amazon dès 6,90 €",bon-plan,2026-07-16,Amazon,Amazon,"Dès 6,90 €",0,0,0,0,Améliorer la visibilité
meilleurs-gels-intimes-homme-2026-guide-amazon-saugella-ziaja-bioturm-peesafe,Meilleurs gels intimes pour homme : top 5,beaute,2026-05-31,Amazon,Amazon,"À partir de 5,29€",0,0,0,0,Améliorer la visibilité
melvita-vs-la-provencale-bio-francais-2026,Melvita vs La Provençale : quelle marque bio française choisir ?,comparatif,2026-07-23,Amazon,Amazon,"à partir de 6,25 €",0,0,0,0,Améliorer la visibilité
melvita-vs-weleda-apres-50-ans-2026,Melvita vs Weleda : quelle marque bio choisir après 50 ans ?,comparatif,2026-07-23,Amazon,Amazon,"à partir de 8,00 €",0,0,0,0,Améliorer la visibilité
mobicool-mirabelle-mm24-mini-frigo-12v-camping-amazon-juin-2026,"Mobicool Mirabelle MM24 mini-frigo voiture 12 V 21 L à 33,59 € sur Amazon",bon-plan,2026-06-24,Amazon,Amazon,"33,59 €",0,0,0,0,Améliorer la visibilité
momi-kenani-sand-balancelle-bebe-88-euros-promo-amazon-avril-2026,"MoMi KENANI SAND : balancelle bébé Bluetooth à 85,57 €",bon-plan,2026-07-21,Amazon,Amazon,"85,57 €",0,0,0,0,Améliorer la visibilité
monster-high-poupee-lagoona-blue-tshirt-cargo-amazon-juin-2026,"Monster High Poupée Lagoona Blue + poisson Neptuna à 14,25 €",bon-plan,2026-06-24,Amazon,Amazon,"14,25 €",0,0,0,0,Améliorer la visibilité
moulinex-air-fryer-crispy-stack-10l-amazon,"Moulinex Air Fryer Crispy Stack 10 L double tiroir à 129,99 €",bon-plan,2026-06-29,Amazon,Amazon,"129,99 €",0,0,0,0,Améliorer la visibilité
moulinex-easy-fry-dual-flex-9l-amazon,"Moulinex Easy Fry Dual Flex 9 L double zone à 129,99 €",bon-plan,2026-06-29,Amazon,Amazon,"129,99 €",0,0,0,0,Améliorer la visibilité
moulinex-easy-fry-mega-air-fryer-7-5l-amazon,"Moulinex Easy Fry Mega air fryer 7,5 L à 69,99 €",bon-plan,2026-06-29,Amazon,Amazon,"69,99 €",0,0,0,0,Améliorer la visibilité
mountfield-mtf-84h-tondeuse-autoportee-3000m2-1820-euros,Mountfield MTF 84H tondeuse autoportée 3 000 m² à 1 820 €,bon-plan,2026-06-24,Amazon,Amazon,1 820 €,0,0,0,0,Améliorer la visibilité
mowrator-s1-4wd-tondeuse-thermique-4500m2-4769-euros,Mowrator S1 4WD tondeuse thermique 4 500 m² à 4 769 €,bon-plan,2026-06-24,Amazon,Amazon,4 769 €,0,0,0,0,Améliorer la visibilité
my-beauty-factory-avantages-box-peau-satinee-juin-2026-11-produits-315-euros,"Box Peau Satinée Avantages 2026 : 11 Produits à 34,90€",box-beaute,2026-06-01,Direct / autre,fnty.co,"34,90€ au lieu de 315,84€ (-89%)",0,0,0,0,Améliorer la visibilité
my-beauty-factory-box-avantages-apothicaire-8-soins-parapharmacie-30-euros-avis-2026,Box Avantages Apothicaire : 8 soins parapharmacie à 30 €,box-beaute,2026-07-20,Effiliation,track.effiliation.com,"30 € (au lieu de 160,90 €)",0,0,0,0,Améliorer la visibilité
my-beauty-factory-box-bebe-mode-emploi-magicmaman-22-90-euros-169-euros-2026,Box magicmaman Bébé Mode d'Emploi : 13 produits (169 €) à 20 €,box-beaute,2026-07-08,Direct / autre,fnty.co,"20 € au lieu de 169,37 € (-88 %)",0,0,0,0,Améliorer la visibilité
my-beauty-factory-box-marie-claire-idees-loisirs-creatifs-20-euros-juin-2026,Box Marie Claire Idées Loisirs Créatifs : 113 € pour 20 € (-82 %),box-beaute,2026-06-24,Direct / autre,fnty.co,"20 € au lieu de 113,06 € (-82 %)",0,0,0,0,Améliorer la visibilité
my-beauty-factory-box-marie-claire-routine-apaisante-8-produits-27-euros-avis-2026,Box Marie Claire Routine Apaisante : 8 produits à 27 €,box-beaute,2026-07-20,Effiliation,track.effiliation.com,"27 € (au lieu de 221,90 €)",0,0,0,0,Améliorer la visibilité
my-beauty-factory-box-routine-du-soir-24-90-euros-220-euros-7-produits-2026,Box Soin & Glam My Beauty Factory : 7 produits à 20 €,box-beaute,2026-07-08,Effiliation,track.effiliation.com,20 €,0,0,0,0,Améliorer la visibilité
my-little-box-double-box-printemps-code-spring50,"My Little Box -50 % : la Double Box du printemps à 20,90 € avec SPRING50",code-promo,2026-06-04,Affilae,c3po.link,"20,90€",0,0,0,0,Améliorer la visibilité
nespresso-vertuo-pop-machine-cafe-amazon-2026,"Nespresso Vertuo Pop : la machine à café compacte et colorée à 59,99 €",bon-plan,2026-06-21,Amazon,Amazon,"59,99 €",0,0,0,0,Améliorer la visibilité
ninja-air-fryer-max-pro-6-2l-amazon,"Ninja Air Fryer MAX PRO 6,2 L sans huile à 109,99 €",bon-plan,2026-06-29,Amazon,Amazon,"109,99 €",0,0,0,0,Améliorer la visibilité
ninja-crispi-friteuse-sans-huile-3-8l-4-en-1-amazon-promo-2026,"Ninja CRISPi friteuse sans huile 3,8 L 4-en-1 à 109,99 €",bon-plan,2026-06-29,Amazon,Amazon,"109,99 €",0,0,0,0,Améliorer la visibilité
ninja-foodi-3en1-mixeur-melangeur-hachoir-main-amazon,"Ninja Foodi 3-en-1 mixeur + mélangeur + hachoir à 78,39 €",bon-plan,2026-06-29,Amazon,Amazon,"78,39 €",0,0,0,0,Améliorer la visibilité
ninja-foodi-possiblecooker-6l-multicuiseur-amazon,"Ninja Foodi PossibleCooker 6 L multicuiseur 8-en-1 à 89,99 €",bon-plan,2026-06-29,Amazon,Amazon,"89,99 €",0,0,0,0,Améliorer la visibilité
ninja-frostvault-glaciere-isotherme-roues-amazon,"Ninja FrostVault glacière isotherme avec roues à 249,99 €",bon-plan,2026-06-29,Amazon,Amazon,"249,99 €",0,0,0,0,Améliorer la visibilité
ninja-frostvault-go-glaciere-sac-a-dos-23l-amazon,"Ninja FrostVault Go glacière sac à dos 23 L à 199,99 €",bon-plan,2026-06-29,Amazon,Amazon,"199,99 €",0,0,0,0,Améliorer la visibilité
ninja-precisionpro-robot-culinaire-2-1l-amazon,"Ninja PrecisionPro robot culinaire 2,1 L à 97,99 €",bon-plan,2026-07-13,Amazon,Amazon,"97,99 €",0,0,0,0,Améliorer la visibilité
nintendo-switch-joy-con-bleu-rouge-neon-266-euros,"Nintendo Switch Joy-Con bleu et rouge néon à 266,09 € (-11 %)",bon-plan,2026-07-24,Amazon,Amazon,"266,09 € au lieu de 299 € (-11 %)",0,0,0,0,Améliorer la visibilité
nuoo-patyka-solaires-2eme-moins-50-pourcent-mai-2026,"Nuoo : crèmes solaires Patyka bio — 1 achetée, la 2e à -50% (+ 10€ offerts cumulables)",bon-plan,2026-05-24,Direct / autre,nuoobox.com,"24,90€ la 1ère + 12,45€ la 2e",0,0,0,0,Améliorer la visibilité
nuxe-vs-caudalie-creme-anti-age-2026,Nuxe vs Caudalie : quelle crème anti-âge choisir en 2026 ?,comparatif,2026-07-23,Amazon,Amazon,"à partir de 27,00 €",0,0,0,0,Améliorer la visibilité
okwrap-airbrush-5-en-1-air-styler-seche-cheveux-boucleur-promo-amazon-2026,"OKWRAP Airbrush 5-en-1 Air Styler à 46,99 € (-41 %)",bon-plan,2026-07-26,Amazon,Amazon,"46,99 € au lieu de 79,99 € (-41 %)",0,0,0,0,Améliorer la visibilité
outzer-black-diamond-pursuit-25-sac-a-dos-test-prive-juin-2026,Test Gratuit Sac à Dos Black Diamond Pursuit 25 (Outzer),test-gratuit,2026-06-01,Direct / autre,outzer.fr,Sac à dos offert (valeur Black Diamond Pursuit 25),0,0,0,0,Améliorer la visibilité
pat-patrouille-coffret-6-racers-pup-squad-amazon-promo-2026,"Pat Patrouille coffret 6 Racers Pup Squad : 16,10€ au lieu de 29,99€ (-46%)",bon-plan,2026-07-13,Amazon,Amazon,"16,10€",0,0,0,0,Améliorer la visibilité
pat-patrouille-peluche-gund-ruben-25cm-amazon-juin-2026,"Pat' Patrouille Peluche Gund Ruben 25 cm à 5,50 € sur Amazon",bon-plan,2026-06-24,Amazon,Amazon,"5,50 €",0,0,0,0,Améliorer la visibilité
patyka-teasing-soins-anti-age-experts-test-produit-longevite-cutanee-2026,Patyka : teste ses nouveaux soins anti-âge experts en avant-première,test-gratuit,2026-07-14,Direct / autre,patyka.com,Gratuit,0,0,0,0,Améliorer la visibilité
peacecolor-kit-manucure-complet-35-vernis-gel-lampe-amazon-2026,"PEACECOLOR kit manucure complet 65 pièces : 35 vernis gel + lampe + ponceuse à 36,99€",bon-plan,2026-04-01,Amazon,Amazon,"36,99€",0,0,0,0,Améliorer la visibilité
philips-avent-kit-biberons-natural-response-scd657-19-euros-promo-amazon-avril-2026,"Philips Avent Kit Natural Response 2 biberons + 2 sucettes : 18,65 €",bon-plan,2026-07-21,Amazon,Amazon,"18,65 €",0,0,0,0,Améliorer la visibilité
philips-rasoir-electrique-series-3000-49-euros-promo-amazon-2026,"Philips Series 3000 rasoir électrique à 49,99€ au lieu de 79,99€ : -38%",bon-plan,2026-04-10,Amazon,Amazon,"49,99€",0,0,0,0,Améliorer la visibilité
philips-series-5000-tondeuse-cheveux-barbe-hc5632-amazon-juin-2026,"Philips Series 5000 tondeuse cheveux + barbe + kit barber à 32,99 €",bon-plan,2026-06-24,Amazon,Amazon,"32,99 €",0,0,0,0,Améliorer la visibilité
pietuley-3-moules-silicone-air-fryer-ninja-amazon,"Pietuley 3 grands moules silicone Air Fryer Ninja à 13,96 €",bon-plan,2026-06-29,Amazon,Amazon,"13,96 €",0,0,0,0,Améliorer la visibilité
poderm-vernis-mycose-ongles-tea-tree-amazon-promo-2026,"PODERM vernis mycose ongles au tea tree : 10,99€ au lieu de 16€ (-32%)",bon-plan,2026-04-01,Amazon,Amazon,"10,99€",0,0,0,0,Améliorer la visibilité
prescription-lab-3-box-pour-le-prix-d-une-sans-engagement,"Prescription Lab : 3 Box pour le prix d'1, sans engagement",box-beaute,2026-03-20,Affilae,c3po.link,"19,90€",0,0,0,0,Améliorer la visibilité
prescription-lab-3-box-prix-1-printemps-16-produits-257-euros-2026,"Prescription Lab : 3 box pour le prix d'1, 16 produits pour 24,90€",box-beaute,2026-04-10,Affilae,c3po.link,"24,90€",0,0,0,0,Améliorer la visibilité
prescription-lab-3-nouvelles-box-12-euros-algologie-plein-sud-just-love-juillet-2026,Prescription Lab : 3 nouvelles box beauté à 12 € (valeur 231 €),box-beaute,2026-07-03,Direct / autre,prescriptionlab.com,12 €,0,0,0,0,Améliorer la visibilité
prescription-lab-4-routines-beaute-16-euros-paques-sans-engagement,"Prescription Lab : 4 routines beauté à 16 € (12 produits, 268 €)",box-beaute,2026-05-31,Affilae,c3po.link,16€ pour 12 produits (valeur 268€),0,0,0,0,Améliorer la visibilité
prescription-lab-box-15-euros-journee-femme-2026,Prescription Lab : 187€ de produits beauté pour 15€,box-beaute,2026-03-06,Affilae,c3po.link,15€ au lieu de 187€,0,0,0,0,Améliorer la visibilité
prescription-lab-box-avril-2026-mille-eclats-printemps,"Prescription Lab avril 2026 Mille Éclats : 5 soins à 19,90 €",box-beaute,2026-04-01,Affilae,c3po.link,"19,90€",0,0,0,0,Améliorer la visibilité
prescription-lab-box-coquine-yesforlov-friday-bae,"Prescription Lab Box Coquine : 123€ de produits pour 29,90€",box-beaute,2026-03-20,Affilae,c3po.link,"29,90€",0,0,0,0,Améliorer la visibilité
prescription-lab-box-plein-sud-juin-2026-5-produits-palais-des-thes,"Prescription Lab Box Juin 2026 : Plein Sud à 19,90€",box-beaute,2026-06-01,Affilae,c3po.link,"19,90€ au lieu de 24,90€ (valeur 76€)",0,0,0,0,Améliorer la visibilité
prescription-lab-maxi-promo-3-routines-trousse-karl-marc-john-388-euros-9-90-euros-juin-2026,"Prescription Lab Maxi Promo : 388 € de produits pour 9,90 €",box-beaute,2026-06-26,Affilae,c3po.link,"9,90 €",0,0,0,0,Améliorer la visibilité
prescription-lab-offre-beaux-jours-10-produits-13-euros-2026,Prescription Lab : 10 produits + fouta édition limitée pour 13€,box-beaute,2026-04-10,Affilae,c3po.link,"13,00€",0,0,0,0,Améliorer la visibilité
promod-jeu-ete-playland-roue-fortune-1-an-shopping-2026,Promod Playland : roue de la fortune + 1 an de shopping à gagner,concours,2026-07-15,Direct / autre,promod.fr,Gratuit,0,0,0,0,Améliorer la visibilité
puma-courtflex-v2-baskets-enfant-mixte-amazon-juin-2026,"PUMA Courtflex V2 V Inf baskets enfant mixte à 11,90 € sur Amazon",bon-plan,2026-06-24,Amazon,Amazon,"11,90 €",0,0,0,0,Améliorer la visibilité
puma-milenio-tech-sneakers-unisex-amazon-juin-2026,"PUMA Milenio Tech sneakers unisex à 36,65 € sur Amazon",bon-plan,2026-06-24,Amazon,Amazon,"36,65 €",0,0,0,0,Améliorer la visibilité
puma-popcat-20-sandale-homme-amazon-juin-2026,"PUMA Popcat 20 sandales à enfiler homme à 15,02 € sur Amazon",bon-plan,2026-06-24,Amazon,Amazon,"15,02 €",0,0,0,0,Améliorer la visibilité
puma-teamrise-jersey-tricot-bebe-enfant-amazon-juin-2026,"PUMA Teamrise Jersey tricot bébé enfant à 7,77 € sur Amazon",bon-plan,2026-06-24,Amazon,Amazon,"7,77 €",0,0,0,0,Améliorer la visibilité
recap-codes-promo-mars-avril-2026-toutes-marques,Tous les Codes Promo du Moment,code-promo,2026-06-03,Effiliation,track.effiliation.com,Codes vérifiés juin 2026 — jusqu'à -40%,0,0,0,0,Améliorer la visibilité
romand-juicy-lasting-tint-levres-yesstyle-2026,"rom&nd Juicy Lasting Tint : le lip tint K-beauty n° 1 à 13,95 € (-10 %)",bon-plan,2026-07-07,Awin,awin1.com,"13,95 € (au lieu de 15,50 €)",0,0,0,0,Améliorer la visibilité
routine-matin-dr-pierre-ricaud-soins-visage-promo-mai-2026,Routine Matin Dr Pierre Ricaud : notre avis honnête,test-avis,2026-07-26,Awin,awin1.com,"71,15 € au lieu de 105,80 € (-34,65 €)",0,0,0,0,Améliorer la visibilité
routine-soir-dr-pierre-ricaud-soins-visage-promo-mai-2026,Routine Soir Dr Pierre Ricaud : notre avis honnête,beaute,2026-05-31,Awin,tidd.ly,"105,40€ au lieu de 171,90€ (-66,50€)",0,0,0,0,Améliorer la visibilité
salomon-adv-hydra-8-gilet-hydratation-trail-running-amazon-juin-2026,"Salomon Adv Hydra 8 gilet hydratation trail à 85,95 € sur Amazon",bon-plan,2026-06-24,Amazon,Amazon,"85,95 €",0,0,0,0,Améliorer la visibilité
samsung-galaxy-tab-s10-lite-promo-amazon-389-euros-2026,Samsung Galaxy Tab S10 Lite à 389€ au lieu de 459€ : le bon plan Amazon,bon-plan,2026-04-09,Amazon,Amazon,"389,00€",0,0,0,0,Améliorer la visibilité
satisfait-ou-rembourse-whiskas-mars-pf-france-juin-juillet-2026,Satisfait ou Remboursé Whiskas : essai gratuit,test-gratuit,2026-06-14,Direct / autre,whiskas.fr,Remboursement intégral si non satisfait,0,0,0,0,Améliorer la visibilité
segway-navimow-i205-awd-robot-tondeuse-909-euros-promo-amazon-avril-2026,Robot tondeuse Segway Navimow i205 AWD kit à 749 €,bon-plan,2026-06-28,Amazon,Amazon,749 €,0,0,0,0,Améliorer la visibilité
segway-navimow-i208-robot-tondeuse-lidar-garage-1219-euros-amazon-moins-36-pourcent,Robot tondeuse Segway Navimow i208 LiDAR + garage à 1 199 €,bon-plan,2026-07-24,Amazon,Amazon,1 199 €,0,0,0,0,Améliorer la visibilité
segway-navimow-i215-lidar-robot-tondeuse-garage-1399-euros-amazon-moins-12-pourcent,Robot tondeuse Segway Navimow i215 LiDAR + garage à 1 099 €,bon-plan,2026-06-28,Amazon,Amazon,1 099 €,0,0,0,0,Améliorer la visibilité
selection-bons-plans-amazon-ete-2026-piscine-parasol-bouee-ventilo,"Meilleurs bons plans Amazon été 2026 : piscine, parasol, bouée, ventilo",bon-plan,2026-06-16,Interne,bonsplansmania.fr,"À partir de 4,89€",0,0,0,0,Améliorer la visibilité
sensilab-metabolism-boost-4x-55-pourcent-programme-metabolisme,Sensilab Metabolism Boost 4x à -55 % + livraison offerte,bon-plan,2026-07-17,Awin,awin1.com,-55 % sur le programme complet + livraison offerte,0,0,0,0,Améliorer la visibilité
serum-vitamine-c-florence-bio-promo-amazon-mars-2026,"Sérum Vitamine C Florence Bio 60 ml à 9,99 € (-44 %)",bon-plan,2026-07-26,Amazon,Amazon,"9,99 € au lieu de 17,99 € (-44 %)",0,0,0,0,Améliorer la visibilité
shark-klik-n-flip-balai-vapeur-amazon,"Shark Klik n'Flip balai vapeur à 99,99 €",bon-plan,2026-06-29,Amazon,Amazon,"99,99 €",0,0,0,0,Améliorer la visibilité
skin1004-vs-purito-marque-coreenne-2026,SKIN1004 vs Purito : quelle marque coréenne choisir en 2026 ?,comparatif,2026-07-23,Amazon,Amazon,"à partir de 21,48 €",0,0,0,0,Améliorer la visibilité
sol-de-janeiro-brazilian-bum-bum-creme-240ml-lookfantastic-36-euros-avis-2026,Sol de Janeiro Brazilian Bum Bum Crème 240 ml à 36 € (-25 %),bon-plan,2026-07-20,Awin,awin1.com,36 € (au lieu de 48 €),0,0,0,0,Améliorer la visibilité
sol-de-janeiro-cheirosa-62-perfume-mist-90ml-lookfantastic-18-75-euros-avis-2026,"Sol de Janeiro Cheirosa 62 Perfume Mist 90 ml à 18,75 €",bon-plan,2026-07-20,Awin,awin1.com,"18,75 € (au lieu de 25 €)",0,0,0,0,Améliorer la visibilité
sol-de-janeiro-cheirosa-to-go-set-limited-edition-lookfantastic-31-05-euros-avis-2026,"Sol de Janeiro Cheirosa To Go Set édition limitée à 31,05 €",bon-plan,2026-07-20,Awin,awin1.com,"31,05 € (au lieu de 51,75 €)",0,0,0,0,Améliorer la visibilité
sophie-la-girafe-coffret-eveil-bebe-17-euros-promo-amazon-2026,"Sophie la Girafe coffret d'éveil à 17,99€ au lieu de 29,99€ : -40% sur Amazon",bon-plan,2026-04-10,Amazon,Amazon,"17,99€",0,0,0,0,Améliorer la visibilité
spielwerk-salon-jardin-enfants-table-pique-nique-amazon-promo-2026,"Spielwerk salon de jardin enfants avec parasol : 49,99€ au lieu de 66,99€ (-25%)",bon-plan,2026-04-01,Amazon,Amazon,"49,99€",0,0,0,0,Améliorer la visibilité
stabilo-boss-pastel-set-15-surligneurs-12-59-euros,"STABILO BOSS Pastel : set 15 surligneurs à 12,59 €",bon-plan,2026-06-24,Amazon,Amazon,"12,59 €",0,0,0,0,Améliorer la visibilité
stiga-estate-384-tracteur-de-jardin-3000m2-2137-euros,STIGA Estate 384 tracteur de jardin 3 000 m² à 2 137 €,bon-plan,2026-06-24,Amazon,Amazon,2 137 €,0,0,0,0,Améliorer la visibilité
suaat-tablette-10-pouces-clavier-souris-89-euros-promo-amazon-2026,"Tablette SUAAT 10 pouces + clavier + souris à 85,99 € (−60 %)",bon-plan,2026-06-05,Amazon,Amazon,"85,99 € au lieu de 215,99 € (-60 %)",0,0,0,0,Améliorer la visibilité
supply-guy-5-cartouches-encre-canon-pgi-580-cli-581-amazon-juin-2026,"Supply Guy 5 cartouches encre XXL compatibles Canon PGI-580 CLI-581 à 14,98 €",bon-plan,2026-06-24,Amazon,Amazon,"14,98 €",0,0,0,0,Améliorer la visibilité
tectake-salon-jardin-rotin-modulable-6-places-amazon-promo-2026,"Salon de jardin TecTake rotin modulable 6 places à 444,88 € (-22%)",bon-plan,2026-07-07,Amazon,Amazon,"444,88 € au lieu de 569,90 €",0,0,0,0,Améliorer la visibilité
tefal-easy-fry-xl-air-fryer-amazon,"Tefal Easy Fry XL air fryer FW4018 à 97,99 €",bon-plan,2026-07-18,Amazon,Amazon,"97,99 €",0,0,0,0,Améliorer la visibilité
tefal-ingenio-emotion-batterie-cuisine-inox-promo-amazon-mars-2026,"Tefal Ingenio Emotion Batterie Cuisine Inox à 60,99 € (-32 %)",bon-plan,2026-07-18,Amazon,Amazon,"60,99 €",0,0,0,0,Améliorer la visibilité
test-ambassadeur-crinex-sourire-sans-compromis-routine-dents-sensibles-juin-2026,Test ambassadeur Crinex : routine dents sensibles à tester,test-gratuit,2026-05-27,Direct / autre,crinex.fr,Routine experte Crinex offerte (test gratuit),0,0,0,0,Améliorer la visibilité
test-ambassadeur-instagram-gum-trousse-voyage-candidature-juin-2026,Test ambassadeur GUM : trousse voyage hygiène bucco-dentaire,test-gratuit,2026-05-26,Direct / autre,sunstargum.com,Mission Instagram — trousse offerte,0,0,0,0,Améliorer la visibilité
test-avis-bomoi-creme-solaire-visage-spf30-bio-curcuma-belle-au-naturel-juillet-2026,Avis BOMOÏ Crème solaire visage SPF30 Bio curcuma (box BAN),beaute,2026-07-01,Direct / autre,wkl.belleaunaturel.fr,24 € (12 € prix abonnée Belle au Naturel),0,0,0,0,Améliorer la visibilité
test-avis-dear-klairs-vitamin-pdrn-bouncy-pore-serum-yesstyle-juillet-2026,Sérum Klairs Vitamin PDRN Bouncy Pore : mon avis honnête,beaute,2026-07-03,YesStyle,YesStyle,"17,85 €",0,0,0,0,Améliorer la visibilité
test-avis-garnier-skinactive-vitamine-c-creme-sorbet-hydratante-2026,"Crème sorbet Garnier Vitamine C : avis, composition et prix",beaute,2026-07-10,Amazon,Amazon,"5,99€",0,0,0,0,Améliorer la visibilité
test-avis-hairlust-sun-defense-hair-mist-brume-protection-solaire-cheveux-juin-2026,Avis Hairlust Sun Defense Hair Mist : brume solaire cheveux,test-avis,2026-07-26,Direct / autre,fnty.co,"25,95 € (150 ml)",0,0,0,0,Améliorer la visibilité
test-avis-kerargan-trio-uv-color-protect-marula-shampoing-apres-shampoing-masque-juin-2026,Avis Kerargan UV & Color Protect : trio Marula cheveux colorés,test-avis,2026-07-26,Amazon,Amazon,"Trio à 56,53 € OU coffret complet 5 produits à 87,57 € sur Amazon",0,0,0,0,Améliorer la visibilité
test-avis-royer-creme-visage-anti-age-bave-escargot-bio-belle-au-naturel-juillet-2026,Avis RoyeR Crème anti-âge bave d'escargot bio (Belle au Naturel),beaute,2026-06-30,Direct / autre,wkl.belleaunaturel.fr,"23 € (11,50 € prix abonnée Belle au Naturel)",0,0,0,0,Améliorer la visibilité
test-avis-tage-cica-tree-water-jelly-sun-serum-spf50-yesstyle-mai-2026,Test & avis Tage Cica-Tree Water Jelly Sun Serum SPF 50+,test-avis,2026-07-26,YesStyle,YesStyle,"9,63 € au lieu de 12,03 € (-19 %)",0,0,0,0,Améliorer la visibilité
test-gratuit-aboca-coligas-fast-ballonnements-digestion-plantes-juillet-aout-2026,Test gratuit Aboca ColiGas Fast : gélules ballonnements & digestion,test-gratuit,2026-07-06,Direct / autre,cercle.aboca.life,"Gratuit (test produit, valeur 13,50 €)",0,0,0,0,Améliorer la visibilité
test-gratuit-algologie-ambassadeur-soins-marins-juillet-2026,Test gratuit Algologie : ambassadrice + soins marins offerts,test-gratuit,2026-07-13,Direct / autre,algologie.com,GRATUIT — produits offerts pour test,0,0,0,0,Améliorer la visibilité
test-gratuit-biodance-masque-collagene-visage-hydrogel-testerdesproduits-juin-juillet-2026,Test gratuit BIODANCE Masque Collagène Visage Hydrogel : 6 exemplaires offerts,test-gratuit,2026-06-22,Direct / autre,testerdesproduits.fr,Gratuit — 6 exemplaires à tester (tirage 07/09/2026),0,0,0,0,Améliorer la visibilité
test-gratuit-bioderma-photoderm-solaire-spf50-500-testeurs-mai-2026,Test gratuit Bioderma Photoderm : gamme solaire SPF50+,test-gratuit,2026-05-19,Direct / autre,bioderma.fr,500 solaires Bioderma Photoderm SPF50+ à tester,0,0,0,0,Améliorer la visibilité
test-gratuit-brut-deodorant-spray-original-energy-beaute-test-juin-2026,Test Gratuit Déodorant BRUT Spray Original + Energy (50 places),test-gratuit,2026-06-03,Direct / autre,beaute-test.com,"Gratuit, sans obligation d'achat",0,0,0,0,Améliorer la visibilité
test-gratuit-catrice-palette-allround-correcteur-contouring-free-cosmetic-testing-juin-2026,Test gratuit Catrice palette Allround correcteur & contouring,test-gratuit,2026-06-17,Direct / autre,free-cosmetic-testing.com,Gratuit,0,0,0,0,Améliorer la visibilité
test-gratuit-chicco-soft-bubble-armonia-baignoire-table-langer-juillet-2026,Test gratuit Chicco Soft Bubble Armonia baignoire 4 en 1,test-gratuit,2026-07-12,Direct / autre,chicco.fr,Gratuit,0,0,0,0,Améliorer la visibilité
test-gratuit-coffret-hydratation-aloe-vera-testerdesproduits-8-exemplaires-2026,Test Gratuit Coffret Hydratation Aloe Vera : 8 Lots à Tester,test-gratuit,2026-06-02,Direct / autre,testerdesproduits.fr,8 coffrets hydratation aloe vera à tester (routine visage + corps),0,0,0,0,Améliorer la visibilité
test-gratuit-coslys-spray-demelant-sans-rincage-aloe-vera-abricot-bio-belle-au-naturel-juin-2026,Test Gratuit Coslys Spray Démêlant Sans Rinçage Bio (20 places),test-gratuit,2026-06-03,Direct / autre,belleaunaturel.fr,"Gratuit (valeur 6,95€)",0,0,0,0,Améliorer la visibilité
test-gratuit-creme-solaire-stick-spf-50-testerdesproduits-aout-2026,Test gratuit stick solaire SPF 50+ : 16 exemplaires à tester,test-gratuit,2026-05-17,Direct / autre,testerdesproduits.fr,GRATUIT — 16 exemplaires,0,0,0,0,Améliorer la visibilité
test-gratuit-demele-serum-fortifiant-densifiant-beaute-test-100-testeurs-mai-2026,Test gratuit Démélé Sérum Fortifiant & Densifiant : 100 testeurs,test-gratuit,2026-05-19,Direct / autre,beaute-test.com,100 sérums Démélé Fortifiant & Densifiant à tester,0,0,0,0,Améliorer la visibilité
test-gratuit-diffuseur-parfum-maison-testerdesproduits-septembre-2026,Test gratuit Diffuseur de parfum maison : 12 exemplaires,test-gratuit,2026-07-13,Direct / autre,testerdesproduits.fr,GRATUIT — 12 exemplaires,0,0,0,0,Améliorer la visibilité
test-gratuit-elancyl-huile-soin-reparatrice-ambassadrice-juillet-2026,Test gratuit Elancyl : Huile de soin réparatrice (Ambassadrice),test-gratuit,2026-07-09,Direct / autre,elancyl.fr,Gratuit,0,0,0,0,Améliorer la visibilité
test-gratuit-eno-codexial-enoliss-15-peeling-acide-glycolique-ambassadeur-mai-2026,Test gratuit ENO Codexial ENOLISS 15 : peeling acide glycolique,test-gratuit,2026-05-19,Direct / autre,eno-codexial.com,Test gratuit ambassadeur — ENOLISS 15 peeling acide glycolique,0,0,0,0,Améliorer la visibilité
test-gratuit-essence-get-the-glaze-masque-levres-hydratant-vanille-juin-2026,Test Gratuit Essence Get The Glaze,test-gratuit,2026-06-03,Direct / autre,free-cosmetic-testing.com,"Gratuit, sans obligation d'achat",0,0,0,0,Améliorer la visibilité
test-gratuit-felix-sauce-time-chat-10000-echantillons-wamiz-mai-2026,Échantillon gratuit FELIX Sauce Time : 10 000 chats sur Wamiz,test-gratuit,2026-05-19,Direct / autre,wamiz.com,10 000 lots de 2 sachets FELIX Sauce Time saveur Poulet à gagner,0,0,0,0,Améliorer la visibilité
test-gratuit-fleur-de-shampoing-douce-nature-amande-douce-free-cosmetic-testing-mai-2026,Test gratuit Douce Nature : Fleur de Shampooing amande douce,test-gratuit,2026-05-20,Direct / autre,free-cosmetic-testing.com,10 shampoings solides Douce Nature à tester,0,0,0,0,Améliorer la visibilité
test-gratuit-fleurus-presse-magazine-jeunesse-numerique-juillet-2026,Magazine jeunesse Fleurus Presse : 1 numéro numérique offert,test-gratuit,2026-06-30,Direct / autre,magazines.fleuruspresse.com,Gratuit (1 numéro numérique offert),0,0,0,0,Améliorer la visibilité
test-gratuit-gourde-infuseur-bouteille-eau-motivante-testerdesproduits-2026,Test Gratuit Gourde Infuseur : 12 Lots à Tester,test-gratuit,2026-06-08,Direct / autre,testerdesproduits.fr,12 gourdes infuseur à tester (bouteille motivante + infuseur fruits),0,0,0,0,Améliorer la visibilité
test-gratuit-hauck-lit-parapluie-sleep-n-easyfold-consobaby-mai-2026,Test gratuit Hauck : lit parapluie Sleep N Easyfold,test-gratuit,2026-05-18,Direct / autre,consobaby.com,"3 lits parapluie Hauck Sleep N Easyfold (99,90€) à gagner",0,0,0,0,Améliorer la visibilité
test-gratuit-hauck-sit-n-go-chaise-haute-pliante-juillet-2026,Test gratuit Hauck Sit N Go chaise haute pliante bébé,test-gratuit,2026-06-29,Direct / autre,consobaby.com,"Gratuit (valeur 79,90 €)",0,0,0,0,Améliorer la visibilité
test-gratuit-hydratis-pastilles-hydratation-electrolytes-8-testeurs-septembre-2026,Test gratuit Hydratis : 8 tubes de pastilles d'hydratation,test-gratuit,2026-07-06,Direct / autre,testerdesproduits.fr,Gratuit (test produit),0,0,0,0,Améliorer la visibilité
test-gratuit-infantino-porte-bebe-honey-blossom-mamadvisor-juillet-2026,Test gratuit porte-bébé Infantino Honey Blossom (Mamadvisor),test-gratuit,2026-07-01,Direct / autre,mamadvisor.magicmaman.com,Gratuit (candidature Mamadvisor),0,0,0,0,Améliorer la visibilité
test-gratuit-ixage-creme-visage-globale-active-jour-ambassadrice-juillet-2026,Test gratuit Ixage : Crème Visage Globale Active Jour,test-gratuit,2026-07-10,Direct / autre,ixage.fr,Gratuit,0,0,0,0,Améliorer la visibilité
test-gratuit-ixage-trousse-hydratation-eclat-bio-ambassadrice-juin-2026,Test gratuit Ixage : trousse Hydratation & Éclat bio,test-gratuit,2026-05-28,Direct / autre,ixage.fr,Trousse Hydratation et Éclat Ixage offerte (test gratuit),0,0,0,0,Améliorer la visibilité
test-gratuit-jardin-bio-etic-pate-tartiner-noisette-chocolat-club-lea-nature-mai-2026,Test gratuit Jardin BiO : pâte à tartiner Noisette-Chocolat,test-gratuit,2026-05-19,Direct / autre,lk.gt,Test gratuit — pâte à tartiner Noisette & Chocolat Jardin BiO étic 300 g,0,0,0,0,Améliorer la visibilité
test-gratuit-joie-valora-poussette-compacte-signature-consobaby-mai-2026,Test gratuit Joie Signature : poussette compacte valora™,test-gratuit,2026-05-18,Direct / autre,consobaby.com,"10 poussettes valora™ Joie Signature (379,90€) à gagner",0,0,0,0,Améliorer la visibilité
test-gratuit-just-france-lait-solaire-ip50-ambassadeur-juin-2026,Test Gratuit Just France : Lait Solaire IP 50 Ambassadeur,test-gratuit,2026-06-02,Direct / autre,justfrance.fr,Lait solaire IP 50 SUN CARE Just France (valeur 38€),0,0,0,0,Améliorer la visibilité
test-gratuit-kerargan-ambassadeur-soins-capillaires-juillet-2026,"Test gratuit Kerargan : devenez ambassadrice, soins offerts",test-gratuit,2026-07-13,Direct / autre,kerargan.com,GRATUIT — produits offerts + avant-premières,0,0,0,0,Améliorer la visibilité
test-gratuit-kiabi-community-salopette-bebe-imprime-fraises-juin-2026,Kiabi Community : Salopette Short Bébé Imprimé Fraises,test-gratuit,2026-06-08,Direct / autre,community.kiabi.com,Salopette offerte après test (la dernière pièce disponible),0,0,0,0,Améliorer la visibilité
test-gratuit-kiabi-community-short-sport-cotton-garcon-vacances-juillet-2026,Test gratuit Kiabi Community : short sport cotton garçon offert,test-gratuit,2026-07-06,Direct / autre,community.kiabi.com,Gratuit (short offert après test),0,0,0,0,Améliorer la visibilité
test-gratuit-kiabi-home-parures-lit-coton-beige-grise-juin-2026,Test gratuit Kiabi Home : 2 parures de lit en coton,test-gratuit,2026-06-17,Direct / autre,community.kiabi.com,Gratuit (parure offerte après le test),0,0,0,0,Améliorer la visibilité
test-gratuit-kiabi-maillots-bain-bebe-garcon-femme-ete-juillet-2026,"Test gratuit Kiabi maillots de bain : bébé, garçon, femme",test-gratuit,2026-07-01,Direct / autre,community.kiabi.com,Gratuit (test + tu gardes le maillot),0,0,0,0,Améliorer la visibilité
test-gratuit-kiabi-robe-longue-col-croise-bijou-fantaisie-beige-orange-grande-taille-juin-2026,Test gratuit Kiabi : robe longue col croisé bijou,test-gratuit,2026-06-13,Direct / autre,community.kiabi.com,Robe offerte après le test,0,0,0,0,Améliorer la visibilité
test-gratuit-kiabi-robe-rouge-tube-ete-juillet-2026,Test gratuit Kiabi : robe rouge tube été,test-gratuit,2026-07-12,Direct / autre,community.kiabi.com,Gratuit,0,0,0,0,Améliorer la visibilité
test-gratuit-le-tout-petit-marseillais-gel-lavant-bebe-amande-douce-mamadvisor-mai-2026,Test gratuit Le Petit Marseillais : gel lavant bébé,test-gratuit,2026-05-20,Direct / autre,mamadvisor.magicmaman.com,Gel lavant bébé Le Tout Petit Marseillais 700 ml à tester gratuitement,0,0,0,0,Améliorer la visibilité
test-gratuit-livres-la-fee-dodo-coucher-mamadvisor-juin-2026,Test Gratuit Livres La Fée Dodo : 3 Albums Coucher (Mamadvisor),test-gratuit,2026-06-10,Direct / autre,mamadvisor.magicmaman.com,"Gratuit, sans obligation d'achat",0,0,0,0,Améliorer la visibilité
test-gratuit-minimiil-mamadvisor-boisson-vegetale-fermentee-enfants-nouvelles-saveurs-mai-2026,Test gratuit Minimiil : boisson végétale fermentée enfant,test-gratuit,2026-05-27,Direct / autre,mamadvisor.magicmaman.com,Shots Minimiil offerts (test gratuit),0,0,0,0,Améliorer la visibilité
test-gratuit-monsavon-gels-douche-beaute-test-200-testeurs-juin-2026,Test Gratuit Gels Douche Monsavon (200 places),test-gratuit,2026-06-09,Direct / autre,beaute-test.com,"Gratuit, sans obligation d'achat",0,0,0,0,Améliorer la visibilité
test-gratuit-morphee-sunny-reveil-enfant-mamadvisor-juin-2026,"Test gratuit Morphée Sunny : le réveil enfant sans écran (59,95€)",test-gratuit,2026-06-17,Direct / autre,mamadvisor.magicmaman.com,"Gratuit (prix public conseillé 59,95€)",0,0,0,0,Améliorer la visibilité
test-gratuit-neobulle-stick-repulsif-anti-pique-bio-bebe-2-mois-mamadvisor-juin-2026,Test Gratuit Néobulle Stick Anti-Pique Bio (bébé dès 2 mois),test-gratuit,2026-06-03,Direct / autre,mamadvisor.magicmaman.com,"Gratuit, inscription Mamadvisor",0,0,0,0,Améliorer la visibilité
test-gratuit-nubiance-creme-eclat-anti-taches-ambassadrice-juin-2026,Test gratuit Nubiance : Crème Éclat Anti-taches,test-gratuit,2026-05-28,Direct / autre,nubiance.fr,Crème Éclat Anti-taches Nubiance offerte (test gratuit),0,0,0,0,Améliorer la visibilité
test-gratuit-nubiance-duo-anti-imperfections-ambassadrice-tiktok-juin-2026,Test gratuit Nubiance Duo Anti-Imperfections (TikTok),test-gratuit,2026-06-03,Direct / autre,nubiance.fr,"Gratuit, contenu TikTok à créer",0,0,0,0,Améliorer la visibilité
test-gratuit-ozmoz-oz-veilleuse-enceinte-intelligente-sommeil-enfant-mamadvisor-juin-2026,Test Gratuit Ozmoz Oz : Veilleuse Enceinte Intelligente Enfant,test-gratuit,2026-06-03,Direct / autre,mamadvisor.magicmaman.com,"Gratuit, inscription Mamadvisor",0,0,0,0,Améliorer la visibilité
test-gratuit-payot-huile-bonne-mine-eclat-club-testeuses-juin-2026,Test Gratuit Payot Huile Bonne Mine Éclat 5 ml (Club Testeuses),test-gratuit,2026-06-10,Direct / autre,payot.com,"Gratuit, sans obligation d'achat",0,0,0,0,Améliorer la visibilité
test-gratuit-payot-masque-nettoyant-eclat-club-testeuses-juillet-2026,Test gratuit Payot : Masque Nettoyant Éclat 15 ml,test-gratuit,2026-07-09,Direct / autre,payot.com,Gratuit,0,0,0,0,Améliorer la visibilité
test-gratuit-peggy-sage-bb-nail-elixir-testeur-juillet-2026,Test gratuit Peggy Sage : BB Nail Elixir soin ongles,test-gratuit,2026-07-09,Direct / autre,peggysage.com,Gratuit,0,0,0,0,Améliorer la visibilité
test-gratuit-quanto-sauras-tu-reconnaitre-livres-enfants-foret-jardin-mamadvisor-mai-2026,Test gratuit Mamadvisor : livres jeunesse Quanto 5-8 ans,test-gratuit,2026-05-27,Direct / autre,mamadvisor.magicmaman.com,Livres Quanto offerts (test gratuit),0,0,0,0,Améliorer la visibilité
test-gratuit-royer-creme-visage-legere-bave-escargot-bio-belle-au-naturel-juin-2026,"Test Gratuit Royer Crème Visage Légère Bio (20 places, 25 juin)",test-gratuit,2026-06-03,Direct / autre,belleaunaturel.fr,"Gratuit (valeur 22,50€)",0,0,0,0,Améliorer la visibilité
test-gratuit-skip-ultimate-extra-detachant-2000-trnders-trnd-juin-2026,Test gratuit Skip Ultimate Extra Détachant : capsule Nano Power,test-gratuit,2026-06-08,Direct / autre,trnd.com,Pack Skip Ultimate (capsules 4-en-1 + mini guide + flyers QR + bons réduc),0,0,0,0,Améliorer la visibilité
test-gratuit-starwax-fabulous-spray-detachant-fiel-boeuf-septembre-2026,Test gratuit Starwax The Fabulous spray détachant textile,test-gratuit,2026-06-29,Direct / autre,testerdesproduits.fr,Gratuit,0,0,0,0,Améliorer la visibilité
test-gratuit-sun-cycle-court-capsules-lave-vaisselle-3000-testeurs-trnd-juin-2026,"Test Gratuit SUN Cycle Court Capsules (3000 places, trnd)",test-gratuit,2026-06-03,Direct / autre,trnd.com,"Gratuit, communauté trnd",0,0,0,0,Améliorer la visibilité
test-gratuit-the-breath-co-bain-de-bouche-300-trnders-trnd-juin-2026,Test gratuit trnd × The Breath Co : bains de bouche vegan,test-gratuit,2026-06-08,Direct / autre,trnd.com,5 échantillons + 5 flyers à partager (campagne 3 semaines),0,0,0,0,Améliorer la visibilité
test-prive-petzl-swift-lt-lampe-frontale-outzer-mai-2026,Test privé Petzl Swift LT : 5 lampes frontales 380 lumens,test-gratuit,2026-05-18,Direct / autre,outzer.fr,"5 lampes frontales Petzl Swift LT à recevoir, tester et garder",0,0,0,0,Améliorer la visibilité
test-produit-herstory-club-make-up-for-ever-artist-color-glow-lipbalm-baume-levres-2026,Herstory Club : baume à lèvres MAKE UP FOR EVER Artist Color Glow à tester,test-gratuit,2026-07-14,Direct / autre,herstory-media.com,Gratuit,0,0,0,0,Améliorer la visibilité
test-produit-mamadvisor-magicmaman-tribu-minute-mouv-box-voyage-sportif-2-8-ans-2026,Mamadvisor : box sportive Tribu Minute'Mouv 2-8 ans à tester,test-gratuit,2026-07-15,Direct / autre,mamadvisor.magicmaman.com,Gratuit,0,0,0,0,Améliorer la visibilité
test-produit-mamadvisor-mon-lit-cabane-berceau-evolutif-ovale-9-en-1-2026,Mamadvisor : berceau évolutif Mon Lit Cabane 9-en-1 à tester (500 € valeur),test-gratuit,2026-07-15,Direct / autre,mamadvisor.magicmaman.com,Gratuit (valeur 500 €),0,0,0,0,Améliorer la visibilité
test-produit-opinagora-bonbons-gelifies-fruits-nordthy-vingummi-aout-2026,Opinagora : bonbons gélifiés aux fruits Nordthy à tester gratuitement,test-gratuit,2026-07-15,Direct / autre,opinagora.com,Gratuit,0,0,0,0,Améliorer la visibilité
test-produit-opinagora-flacon-vaporisateur-brume-continue-recyclable-100-testeurs-aout-2026,Test gratuit Opinagora : flacon spray brume continue (100 places),test-gratuit,2026-07-06,Direct / autre,opinagora.com,Gratuit (test produit),0,0,0,0,Améliorer la visibilité
the-ordinary-vs-cosrx-skinminimalism-2026,The Ordinary vs COSRX : quelle routine skinminimalism en 2026 ?,comparatif,2026-07-23,Amazon,Amazon,"à partir de 11,50 €",0,0,0,0,Améliorer la visibilité
timbela-abri-jardin-bois-8m2-1450-euros,"Abri de jardin bois TIMBELA 8 m² à 1 450,65 €",bon-plan,2026-06-24,Amazon,Amazon,"1 450,65 €",0,0,0,0,Améliorer la visibilité
tommy-hilfiger-emblem-cabas-sac-femme-amazon-juin-2026,"Tommy Hilfiger Emblem Cabas grand sac femme à 77,81 € sur Amazon",bon-plan,2026-06-24,Amazon,Amazon,"77,81 €",0,0,0,0,Améliorer la visibilité
tonigencyl-dentifrice-force-gencives-lot-12-amazon-juin-2026,"Tonigencyl Dentifrice Force Gencives lot de 12 × 75 ml à 17,43 €",bon-plan,2026-06-24,Amazon,Amazon,"17,43 €",0,0,0,0,Améliorer la visibilité
top-10-livres-audio-audible-ete-2026,Top 10 meilleurs livres audio Audible à écouter cet été 2026,bon-plan,2026-07-19,Amazon,Amazon,Gratuit,0,0,0,0,Améliorer la visibilité
top-10-produits-glow-mademoiselle-bio-shopper-rentree-2026,Top 10 produits glow Mademoiselle Bio : bye bye teint terne,comparatif,2026-05-26,Direct / autre,fnty.co,"Sélection 10 produits — de 12,16€ à 52€",0,0,0,0,Améliorer la visibilité
top-5-soins-visage-homme-essentiels-routine-amazon-2026,Meilleurs Soins Visage Homme : top 5 essentiels routine 50 €,comparatif,2026-05-31,Amazon,Amazon,Routine complète ~50€,0,0,0,0,Améliorer la visibilité
top-bons-plans-amazon-mai-2026-hub-multi-categories,"Top bons plans Amazon mai 2026 — Hub multi-catégories : 26 deals testés et triés (tech, beauté, jardin, cuisine, rasage, piscine)",bon-plan,2026-05-19,Amazon,Amazon,26 bons plans Amazon mai 2026 (jusqu'à -63 %),0,0,0,0,Améliorer la visibilité
top-livres-audio-developpement-personnel-audible-2026,Top 8 livres audio développement personnel à écouter sur Audible 2026,bon-plan,2026-06-24,Amazon,Amazon,Gratuit,0,0,0,0,Améliorer la visibilité
top-livres-audio-vacances-ete-audible-2026,Quels livres audio écouter en vacances cet été 2026 ? Top Audible,bon-plan,2026-07-19,Amazon,Amazon,Gratuit,0,0,0,0,Améliorer la visibilité
top-sites-ventes-privees-2026,Top 5 sites de ventes privées : jusqu'à -80 %,test-avis,2026-07-20,Direct / autre,veepee.fr,Inscription gratuite,0,0,0,0,Améliorer la visibilité
ukliss-peigne-chauffant-afro-3-en-1-amazon-promo-2026,"UKLISS peigne chauffant afro 3 en 1 : lisseur, boucleur et barbe à 17€ (-19%)",bon-plan,2026-04-01,Amazon,Amazon,"17,09€",0,0,0,0,Améliorer la visibilité
unicorn-academy-licorne-wildstar-poupee-sophia-amazon-juin-2026,Unicorn Academy Licorne Wildstar + Poupée Sophia à 8 € sur Amazon,bon-plan,2026-07-02,Amazon,Amazon,8 €,0,0,0,0,Améliorer la visibilité
veet-expert-creme-depilatoire-maillot-integral-2x50ml-5-96-euros,"Veet Expert crème dépilatoire maillot intégral 2x50 ml à 5,96 €",bon-plan,2026-06-24,Amazon,Amazon,"5,96 €",0,0,0,0,Améliorer la visibilité
veet-men-kit-epilation-intime-creme-baume-6-39-euros,"Veet Men kit épilation zones sensibles homme à 6,39 €",bon-plan,2026-07-26,Amazon,Amazon,"6,39 €",0,0,0,0,Améliorer la visibilité
ventilateur-plafond-lampe-e27-6-pales-3-vitesses-24-89-euros-juin-2026,"Ventilateur de plafond avec lampe E27 6 pales à 22,84 € (-34%)",bon-plan,2026-07-18,Awin,tidd.ly,"22,84 € au lieu de 34,72 €",0,0,0,0,Améliorer la visibilité
voyages-auchan-30-euros-offerts-newsletter-sejours-ete-2026,Voyages Auchan : 30€ Offerts à l'Inscription + 2% Cashback iGraal sur Tes Vacances,bon-plan,2026-06-07,Direct / autre,lk.gt,à partir de 334€/personne,0,0,0,0,Améliorer la visibilité
weleda-skin-food-vs-avril-creme-peau-seche-2026,Weleda Skin Food vs Avril : quelle crème pour peau sèche en 2026 ?,comparatif,2026-07-23,Amazon,Amazon,"à partir de 8,00 €",0,0,0,0,Améliorer la visibilité
worx-vision-cloud-wr318e-robot-tondeuse-1800m2-1299-euros,WORX Vision Cloud WR318E robot tondeuse 1 800 m² à 1 299 €,bon-plan,2026-06-24,Amazon,Amazon,1 299 €,0,0,0,0,Améliorer la visibilité
worx-vision-cloud-wr330e-robot-tondeuse-3000m2-1812-euros,"WORX Vision Cloud WR330E robot tondeuse 3 000 m² à 1 812,69 €",bon-plan,2026-06-24,Amazon,Amazon,"1 812,69 €",0,0,0,0,Améliorer la visibilité
xtool-p2s-55w-graveur-decoupe-laser-co2-3239-euros,"xTool P2S 55W graveur découpe laser CO2 à 2 999,00 €",bon-plan,2026-07-22,Amazon,Amazon,"2 999,00 €",0,0,0,0,Améliorer la visibilité
yesstyle-cheveux-kbeauty-shampoing-masque-2026,Soins cheveux K-Beauty : 5 shampoings + masque sur YesStyle (dès 17 €),bon-plan,2026-03-09,Awin,awin1.com,"Dès 17,11 €",0,0,0,0,Améliorer la visibilité
yesstyle-maquillage-coreen-tirtir-romand-clio-2026,Maquillage coréen YesStyle : le kit look complet 5 produits à 62 € (-24 %),bon-plan,2026-07-15,Awin,awin1.com,"62,21 €",0,0,0,0,Améliorer la visibilité
yesstyle-masques-tissu-099-kbeauty-2026,"Masques en tissu K-Beauty à 0,85 € sur YesStyle : APLB, NINELESS",bon-plan,2026-03-05,Awin,awin1.com,"0,85 €",0,0,0,0,Améliorer la visibilité
yesstyle-mixsoon-bean-essence-2026,Mixsoon Bean Essence à 24 € au lieu de 32 € sur YesStyle (-25 %),bon-plan,2026-07-15,Awin,awin1.com,"24,00 €",0,0,0,0,Améliorer la visibilité
yesstyle-routine-glass-skin-coreenne-2026,Routine Glass Skin coréenne complète à 98 € sur YesStyle (au lieu de 135 €),bon-plan,2026-07-15,Awin,awin1.com,"98,28 €",0,0,0,0,Améliorer la visibilité
yesstyle-soins-yeux-kbeauty-cernes-rides-2026,Soins contour des yeux K-Beauty : kit anti-cernes + anti-rides 5 produits (dès 15 €),bon-plan,2026-03-09,Awin,awin1.com,"Dès 15,30 €",0,0,0,0,Améliorer la visibilité
10-raisons-offrir-box-beaute-guide-2026,Box beauté : pourquoi ça vaut le coup,box-beaute,2026-06-04,Direct / autre,fnty.co,,0,0,0,0,Collecter des données
4-pieds-jeu-concours-jours-jardin-sejour-nature-2026,4 PIEDS Les Jours Jardin : un séjour nature pour 2 personnes,concours,2026-04-08,Direct / autre,4-pieds.com,,0,0,0,0,Collecter des données
404-editions-alice-a-travers-le-miroir-jeu-concours-2026,404 Editions : gagnez le livre A travers le miroir - Alice,concours,2026-04-14,Direct / autre,editis.qualifioapp.com,,0,0,0,0,Collecter des données
6-cremes-solaires-enfants-100-sur-100-yuka-2026,Crème solaire enfant : 6 références notées 100/100 sur Yuka,beaute,2026-07-27,Amazon,Amazon,,0,0,0,0,Collecter des données
8-autobronzants-bien-notes-yuka-eviter-masque-grossesse-2026,8 autobronzants bien notés sur Yuka qui évitent le masque de grossesse,beaute,2026-07-21,Amazon,Amazon,,0,0,0,0,Collecter des données
aboca-cercle-experiences-test-produit-complement-naturel,Test gratuit Cercle Aboca Life : des Compléments et Soins Naturels,test-gratuit,2026-03-03,Direct / autre,cercle.aboca.life,,0,0,0,0,Collecter des données
acheter-reconditionne-2026-meilleurs-sites-economies,"Acheter reconditionné 2026 : meilleurs sites (Back Market, Amazon Renewed, Certideal)",test-avis,2026-07-24,Amazon,Amazon,,0,0,0,0,Collecter des données
acm-depiwhite-test-gratuit-creme-anti-taches-zones-sensibles-juin-2026,Test gratuit ACM Dépiwhite : taches brunes zones sensibles,test-gratuit,2026-06-04,Direct / autre,labo-acm.com,,0,0,0,0,Collecter des données
acm-laboratoire-depiwhite-creme-anti-taches-test-gratuit-2026,Test gratuit ACM : crème Dépiwhite anti-taches zones sensibles,test-gratuit,2026-04-04,Direct / autre,labo-acm.com,,0,0,0,0,Collecter des données
acm-novophane-test-gratuit-anti-chute-cheveux-ambassadeur-2026,Test gratuit ACM Novophane : programme anti-chute cheveux,test-gratuit,2026-04-07,Direct / autre,labo-acm.com,,0,0,0,0,Collecter des données
adopt-brumes-corps-cheveux-moins-15-euros-remplacer-parfum-ete-2026,"Adopt : ces brumes corps & cheveux à 14,95 € vont remplacer votre parfum",test-avis,2026-07-25,Affilae,lb.affilae.com,,0,0,0,0,Collecter des données
adopt-parfums-avis-test-eaux-de-parfum-pas-cher-2026,"Adopt' Parfums : On a Testé 4 Eaux de Parfum dès 11,95€",test-gratuit,2026-04-05,Affilae,lb.affilae.com,,0,0,0,0,Collecter des données
adopt-parfums-monoi-des-iles-eau-de-parfum-avis-2026,Adopt Monoï des Îles : le parfum qui sent les vacances à petit prix,test-avis,2026-07-25,Affilae,lb.affilae.com,,0,0,0,0,Collecter des données
adopt-top-10-parfums-moins-10-euros-2026,"Parfum à 4,95 € qui tient toute la journée ? 10 Adopt qu'on adore",beaute,2026-06-04,Affilae,lb.affilae.com,,0,0,0,0,Collecter des données
aferiy-generateur-solaire-2400w-panneau-400w-1080-euros-amazon-moins-28-pourcent,"Générateur solaire AFERIY 2400W + panneau 400W à 1 080,99€ au lieu de 1 499€ (-28%)",bon-plan,2026-07-22,Amazon,Amazon,,0,0,0,0,Collecter des données
algologie-solaires-serum-lait-gelee-spf50-test-gratuit-2026,"Test gratuit Algologie : 3 solaires SPF50 (sérum, lait, gelée)",test-gratuit,2026-04-18,Direct / autre,algologie.com,,0,0,0,0,Collecter des données
algologie-soleil-marin-protect-solaires-test-gratuit-2026,Algologie : testez gratuitement les solaires Soleil Marin Protect,test-gratuit,2026-04-14,Direct / autre,algologie.com,,0,0,0,0,Collecter des données
algologie-test-produits-ambassadeur-avril-2026,Test gratuit Algologie : des Soins Marins chez Vous (Ambassadeur),test-gratuit,2026-03-13,Direct / autre,algologie.com,,0,0,0,0,Collecter des données
allocation-rentree-scolaire-2026-montant-date-conditions,"Allocation de rentrée scolaire 2026 : montant, date de versement et conditions",bon-plan,2026-07-27,Amazon,Amazon,,0,0,0,0,Collecter des données
alpina-savoie-croziflette-jeu-concours-2026,Alpina Savoie Croziflette : un séjour au ski (1 000€) et 30 kits,concours,2026-03-05,Direct / autre,alpina-savoie.com,,0,0,0,0,Collecter des données
alsa-jeu-concours-yaourt-maison-cartes-cadeaux-100-euros-2026,Alsa : gagnez des produits Alsa et des cartes cadeaux de 100€,concours,2026-04-07,Direct / autre,alsa.fr,,0,0,0,0,Collecter des données
amazon-apple-watch-ultra-3-gps-cellular-49mm-promo-2026,Apple Watch Ultra 3 GPS + Cellular 49mm à -11% : 799€ (offre à forte demande),bon-plan,2026-07-07,Amazon,Amazon,,0,0,0,0,Collecter des données
amazon-bear-hachoir-electrique-double-bol-promo-2026,"Hachoir électrique Bear double bol à -52% : 21,99€ au lieu de 45,99€",bon-plan,2026-04-07,Amazon,Amazon,,0,0,0,0,Collecter des données
amazon-beaute-offres-limitees-mars-2026,Amazon Beauté : 10 offres à durée limitée jusqu'à -54% (mars 2026),bon-plan,2026-03-18,Amazon,Amazon,,0,0,0,0,Collecter des données
amazon-bioderma-eau-micellaire-promo-2026,Bioderma Sensibio H2O : L'Eau Micellaire N°1 en Promo sur Amazon (2026),bon-plan,2026-03-13,Amazon,Amazon,,0,0,0,0,Collecter des données
amazon-bons-plans-bebe-puericulture-vertbaudet-mars-2026,Amazon Bébé : 10 bons plans Vertbaudet & puériculture jusqu'à -25% (mars 2026),bon-plan,2026-03-18,Amazon,Amazon,,0,0,0,0,Collecter des données
amazon-bons-plans-epicerie-boissons-mars-2026,Amazon Épicerie : 5 bons plans gourmands jusqu'à -34% (mars 2026),bon-plan,2026-03-18,Amazon,Amazon,,0,0,0,0,Collecter des données
amazon-bons-plans-maison-tech-mars-2026,"Amazon : 10 bons plans maison, tech & famille jusqu'à -74% (mars 2026)",bon-plan,2026-03-18,Amazon,Amazon,,0,0,0,0,Collecter des données
amazon-canni-vernis-gel-semi-permanent-rouge-promo-2026,"CANNI lot 6 vernis gel semi-permanent rouge à -5% : 18,99€ au lieu de 19,99€",bon-plan,2026-04-07,Amazon,Amazon,,0,0,0,0,Collecter des données
amazon-casaria-2x-chaise-longue-bois-acacia-tami-sun-promo-2026,"Casaria lot de 2 chaises longues bois d'acacia Tami Sun à -22% : 209,99€ au lieu de 269,99€",bon-plan,2026-04-07,Amazon,Amazon,,0,0,0,0,Collecter des données
amazon-casaria-ensemble-table-bancs-brasserie-pliable-promo-2026,"Casaria ensemble table et bancs brasserie pliable à -24% : 87,99€ au lieu de 115,99€",bon-plan,2026-04-07,Amazon,Amazon,,0,0,0,0,Collecter des données
amazon-cerave-creme-hydratante-bestseller-2026,CeraVe Crème Hydratante : Le Bestseller Amazon à -30% (Mars 2026),bon-plan,2026-07-08,Amazon,Amazon,,0,0,0,0,Collecter des données
amazon-garnier-serum-vitamine-c-promo-2026,Garnier Sérum Vitamine C : Anti-Taches Bestseller Amazon à Petit Prix (2026),bon-plan,2026-03-13,Amazon,Amazon,,0,0,0,0,Collecter des données
amazon-guide-sommeil-literie-meilleurs-produits-2026,Guide Complet Sommeil & Literie : Les Meilleurs Produits sur Amazon,test-avis,2026-03-19,Amazon,Amazon,,0,0,0,0,Collecter des données
amazon-homcom-lot-4-chaises-pliantes-coussin-lin-promo-2026,"HOMCOM lot de 4 chaises pliantes à -43% : 103,90€ au lieu de 180,90€",bon-plan,2026-04-07,Amazon,Amazon,,0,0,0,0,Collecter des données
amazon-hygiene-sante-best-sellers-2026,"Amazon Hygiène et Santé : les Best Sellers dès 2€ (Oral-B, Elmex, Dove, Nivea)",bon-plan,2026-06-09,Amazon,Amazon,,0,0,0,0,Collecter des données
amazon-meilleur-baume-du-tigre-2026,Meilleurs baumes du tigre 2026 : comparatif Amazon (de 5 à 15 EUR),bon-plan,2026-03-19,Amazon,Amazon,,0,0,0,0,Collecter des données
amazon-meilleur-brumisateur-2026,Meilleurs brumisateurs 2026 : comparatif Amazon (de 5 à 30 EUR),bon-plan,2026-03-19,Amazon,Amazon,,0,0,0,0,Collecter des données
amazon-meilleur-diffuseur-parfum-2026,Meilleurs diffuseurs de parfum 2026 : comparatif Amazon (de 15 à 50 EUR),bon-plan,2026-03-19,Amazon,Amazon,,0,0,0,0,Collecter des données
amazon-meilleur-parfum-ambiance-maison-2026,Meilleurs parfums d'ambiance maison 2026 : comparatif Amazon,beaute,2026-03-19,Amazon,Amazon,,0,0,0,0,Collecter des données
amazon-meilleure-bougie-parfumee-2026,Meilleures bougies parfumées 2026 : comparatif Amazon (de 8 à 35 EUR),bon-plan,2026-03-19,Amazon,Amazon,,0,0,0,0,Collecter des données
amazon-meilleure-brume-parfumee-2026,"Meilleures brumes parfumées 2026 : comparatif, test & avis (6 pépites de 4,99 à 34,50 €)",comparatif,2026-07-25,Amazon,Amazon,,0,0,0,0,Collecter des données
amazon-meilleure-eau-de-rose-2026,"Meilleure eau de rose 2026 : comparatif Amazon (Puressentiel, Pranarôm, Bionoble)",comparatif,2026-07-25,Amazon,Amazon,,0,0,0,0,Collecter des données
amazon-meilleures-couettes-toutes-saisons-2026,Meilleures couettes toutes saisons 2026 : comparatif Amazon (de 25 a 150 EUR),bon-plan,2026-03-18,Amazon,Amazon,,0,0,0,0,Collecter des données
amazon-meilleures-couvertures-chauffantes-electriques-2026,Les Meilleures Couvertures Chauffantes Électriques sur Amazon (2026),bon-plan,2026-03-19,Amazon,Amazon,,0,0,0,0,Collecter des données
amazon-meilleures-couvertures-douces-chaudes-2026,Les Meilleures Couvertures Douces et Chaudes sur Amazon (2026),bon-plan,2026-03-19,Amazon,Amazon,,0,0,0,0,Collecter des données
amazon-meilleures-huiles-essentielles-2026,Meilleures huiles essentielles 2026 : comparatif Amazon (de 5 à 30 EUR),bon-plan,2026-03-19,Amazon,Amazon,,0,0,0,0,Collecter des données
amazon-meilleures-parures-lit-coton-2026,Meilleures parures de lit 100% coton 2026 : comparatif Amazon (de 30 a 100 EUR),bon-plan,2026-03-18,Amazon,Amazon,,0,0,0,0,Collecter des données
amazon-meilleurs-appareils-sommeil-therapie-sonore-2026,Meilleurs appareils de sommeil et therapie sonore 2026 : comparatif Amazon,bon-plan,2026-03-18,Amazon,Amazon,,0,0,0,0,Collecter des données
amazon-meilleurs-draps-lit-coton-qualite-2026,Les Meilleurs Draps de Lit en Coton sur Amazon (2026),test-avis,2026-03-19,Amazon,Amazon,,0,0,0,0,Collecter des données
amazon-meilleurs-matelas-rapport-qualite-prix-2026,Meilleurs matelas rapport qualite/prix 2026 : comparatif Amazon (de 180 a 750 EUR),bon-plan,2026-03-18,Amazon,Amazon,,0,0,0,0,Collecter des données
amazon-meilleurs-oreillers-memoire-forme-2026,Meilleurs oreillers memoire de forme 2026 : comparatif Amazon (de 20 a 100 EUR),bon-plan,2026-03-18,Amazon,Amazon,,0,0,0,0,Collecter des données
amazon-meilleurs-sommiers-lattes-tapissier-2026,Les Meilleurs Sommiers à Lattes et Tapissiers sur Amazon (2026),test-avis,2026-03-19,Amazon,Amazon,,0,0,0,0,Collecter des données
amazon-meilleurs-surmatelas-confort-memoire-forme-2026,Les Meilleurs Surmatelas à Mémoire de Forme sur Amazon (2026),test-avis,2026-03-19,Amazon,Amazon,,0,0,0,0,Collecter des données
amazon-minifire-ecran-gaming-24-pouces-180hz-promo-2026,"Écran gaming Minifire 24 pouces 180Hz 1ms à -28% : 68,58€ au lieu de 94,99€",bon-plan,2026-04-07,Amazon,Amazon,,0,0,0,0,Collecter des données
amazon-norton-360-deluxe-3-appareils-1-an-promo-2026,"Norton 360 Deluxe 3 appareils 1 an à -72% : 13,91€ au lieu de 49,99€",bon-plan,2026-04-07,Amazon,Amazon,,0,0,0,0,Collecter des données
amazon-olaplex-no5-conditionneur-bond-maintenance-promo-2026,"Olaplex No 5 conditionneur Bond Maintenance 250ml à -21% : 18,99€ au lieu de 23,99€",bon-plan,2026-04-07,Amazon,Amazon,,0,0,0,0,Collecter des données
amazon-ordinary-retinol-serum-promo-2026,The Ordinary Rétinol 0.5% : Le Sérum Anti-Âge à 8€ sur Amazon (2026),bon-plan,2026-03-13,Amazon,Amazon,,0,0,0,0,Collecter des données
amazon-oreiller-ergonomique-cervical-ehomfory-promo-2026,"Oreiller ergonomique cervical Ehomfory à -25% : 22,49€ au lieu de 29,99€",bon-plan,2026-04-07,Amazon,Amazon,,0,0,0,0,Collecter des données
amazon-spring-deals-babyliss-boucleur-promo-2026,Ventes Flash Printemps Amazon : BaByliss Boucleur à -31% (55€ au lieu de 79€),bon-plan,2026-03-13,Amazon,Amazon,,0,0,0,0,Collecter des données
amazon-spring-deals-babyliss-steam-pure-promo-2026,BaByliss Steam Pure : Vente Flash -39% — Amazon Spring Deals,bon-plan,2026-03-16,Amazon,Amazon,,0,0,0,0,Collecter des données
amazon-spring-deals-bosch-pro-perceuse-gsr18v-promo-2026,Bosch Pro GSR 18V-28 : Vente Flash -35% — Amazon Spring Deals,bon-plan,2026-03-16,Amazon,Amazon,,0,0,0,0,Collecter des données
amazon-spring-deals-bosch-tassimo-my-way-promo-2026,Bosch Tassimo My Way 2 : Vente Flash -45% — Amazon Spring Deals,bon-plan,2026-03-16,Amazon,Amazon,,0,0,0,0,Collecter des données
amazon-spring-deals-bose-quietcomfort-ultra-promo-2026,Bose QuietComfort Ultra : Vente Flash -26% — Amazon Spring Deals,bon-plan,2026-03-16,Amazon,Amazon,,0,0,0,0,Collecter des données
amazon-spring-deals-braun-silk-epil-promo-2026,Ventes Flash Printemps Amazon : Braun Silk-épil 9 à -38% (99€ au lieu de 159€),bon-plan,2026-03-13,Amazon,Amazon,,0,0,0,0,Collecter des données
amazon-spring-deals-braun-silk-expert-pro5-promo-2026,Braun Silk-Expert Pro 5 IPL : Vente Flash -38% — Amazon Spring Deals,bon-plan,2026-03-16,Amazon,Amazon,,0,0,0,0,Collecter des données
amazon-spring-deals-delonghi-magnifica-s-promo-2026,De'Longhi Magnifica S : Vente Flash -38% — Amazon Spring Deals,bon-plan,2026-03-16,Amazon,Amazon,,0,0,0,0,Collecter des données
amazon-spring-deals-dreame-l10s-ultra-promo-2026,Dreame L10s Ultra : Vente Flash -36% — Amazon Spring Deals,bon-plan,2026-03-16,Amazon,Amazon,,0,0,0,0,Collecter des données
amazon-spring-deals-dyson-airwrap-promo-2026,Ventes Flash Printemps Amazon : Dyson Airwrap à -20% (399€ au lieu de 499€),bon-plan,2026-03-13,Amazon,Amazon,,0,0,0,0,Collecter des données
amazon-spring-deals-echo-dot-5-alexa-promo-2026,Echo Dot 5ème Génération : Vente Flash -59% — Amazon Spring Deals,bon-plan,2026-03-16,Amazon,Amazon,,0,0,0,0,Collecter des données
amazon-spring-deals-echo-dot-5-promo-2026,Ventes Flash Printemps Amazon : Echo Dot 5 à -51% (29€ au lieu de 59€),bon-plan,2026-03-14,Amazon,Amazon,,0,0,0,0,Collecter des données
amazon-spring-deals-fire-tv-stick-4k-max-promo-2026,Fire TV Stick 4K Max : Vente Flash -43% — Amazon Spring Deals,bon-plan,2026-03-16,Amazon,Amazon,,0,0,0,0,Collecter des données
amazon-spring-deals-foreo-luna-4-promo-2026,Foreo Luna 4 : Vente Flash -40% — Amazon Spring Deals,bon-plan,2026-03-16,Amazon,Amazon,,0,0,0,0,Collecter des données
amazon-spring-deals-ghd-lisseur-promo-2026,Ventes Flash Printemps Amazon : ghd Original à -27% (109€ au lieu de 149€),bon-plan,2026-03-13,Amazon,Amazon,,0,0,0,0,Collecter des données
amazon-spring-deals-ghd-platinum-styler-promo-2026,GHD Platinum+ Styler : Vente Flash -32% — Amazon Spring Deals,bon-plan,2026-03-16,Amazon,Amazon,,0,0,0,0,Collecter des données
amazon-spring-deals-irobot-roomba-combo-promo-2026,iRobot Roomba Combo Essential : Vente Flash -33% — Amazon Spring Deals,bon-plan,2026-03-16,Amazon,Amazon,,0,0,0,0,Collecter des données
amazon-spring-deals-jbl-flip-6-enceinte-promo-2026,Ventes Flash Printemps Amazon : JBL Flip 6 à -31% (89€ au lieu de 129€),bon-plan,2026-03-14,Amazon,Amazon,,0,0,0,0,Collecter des données
amazon-spring-deals-jpg-le-male-promo-2026,Ventes Flash Printemps Amazon : Jean Paul Gaultier Le Male à -30% (55€ au lieu de 79€),bon-plan,2026-03-14,Amazon,Amazon,,0,0,0,0,Collecter des données
amazon-spring-deals-karcher-wv6-premium-promo-2026,Kärcher WV6 Premium : Vente Flash -34% — Amazon Spring Deals,bon-plan,2026-03-16,Amazon,Amazon,,0,0,0,0,Collecter des données
amazon-spring-deals-kindle-paperwhite-promo-2026,Kindle Paperwhite 2024 : Vente Flash -27% — Amazon Spring Deals,bon-plan,2026-03-16,Amazon,Amazon,,0,0,0,0,Collecter des données
amazon-spring-deals-lancome-vie-est-belle-promo-2026,Lancôme La Vie Est Belle : Vente Flash -34% — Amazon Spring Deals,bon-plan,2026-03-16,Amazon,Amazon,,0,0,0,0,Collecter des données
amazon-spring-deals-logitech-souris-clavier-promo-2026,Ventes Flash Printemps Amazon : Logitech MK295 Clavier Souris à -40% (30€ au lieu de 50€),bon-plan,2026-03-14,Amazon,Amazon,,0,0,0,0,Collecter des données
amazon-spring-deals-maybelline-superstay-fond-de-teint-promo-2026,Ventes Flash Printemps Amazon : Maybelline SuperStay 24h à -33% (10€ au lieu de 15€),bon-plan,2026-03-14,Amazon,Amazon,,0,0,0,0,Collecter des données
amazon-spring-deals-moulinex-cookeo-touch-promo-2026,Moulinex Cookeo Touch WiFi : Vente Flash -40% — Amazon Spring Deals,bon-plan,2026-03-16,Amazon,Amazon,,0,0,0,0,Collecter des données
amazon-spring-deals-nespresso-vertuo-promo-2026,Ventes Flash Printemps Amazon : Nespresso Vertuo Next à -33% (119€ au lieu de 179€),bon-plan,2026-03-14,Amazon,Amazon,,0,0,0,0,Collecter des données
amazon-spring-deals-ninja-foodi-dual-zone-promo-2026,Ninja Foodi Dual Zone : Vente Flash -35% — Amazon Spring Deals,bon-plan,2026-03-16,Amazon,Amazon,,0,0,0,0,Collecter des données
amazon-spring-deals-nuxe-coffret-promo-2026,Ventes Flash Printemps Amazon : NUXE Coffret Huile Prodigieuse à -35% (29€ au lieu de 45€),bon-plan,2026-03-13,Amazon,Amazon,,0,0,0,0,Collecter des données
amazon-spring-deals-nyx-palette-maquillage-promo-2026,Ventes Flash Printemps Amazon : NYX Ultimate Shadow Palette à -36% (14€ au lieu de 22€),bon-plan,2026-03-14,Amazon,Amazon,,0,0,0,0,Collecter des données
amazon-spring-deals-oral-b-io-promo-2026,Ventes Flash Printemps Amazon : Oral-B iO Series 8 à -35% (129€ au lieu de 199€),bon-plan,2026-03-13,Amazon,Amazon,,0,0,0,0,Collecter des données
amazon-spring-deals-oral-b-io-series-9-promo-2026,Oral-B iO Series 9 : Vente Flash -43% — Amazon Spring Deals,bon-plan,2026-03-16,Amazon,Amazon,,0,0,0,0,Collecter des données
amazon-spring-deals-paco-rabanne-phantom-promo-2026,Ventes Flash Printemps Amazon : Paco Rabanne Phantom à -34% (59€ au lieu de 89€),bon-plan,2026-07-08,Amazon,Amazon,,0,0,0,0,Collecter des données
amazon-spring-deals-philips-airfryer-xxl-promo-2026,Philips Airfryer XXL Premium : Vente Flash -40% — Amazon Spring Deals,bon-plan,2026-03-16,Amazon,Amazon,,0,0,0,0,Collecter des données
amazon-spring-deals-philips-lumea-ipl-promo-2026,Philips Lumea IPL Advanced : Vente Flash -43% — Amazon Spring Deals,bon-plan,2026-03-16,Amazon,Amazon,,0,0,0,0,Collecter des données
amazon-spring-deals-remington-keratin-protect-promo-2026,Remington Keratin Protect : Vente Flash -41% — Amazon Spring Deals,bon-plan,2026-03-16,Amazon,Amazon,,0,0,0,0,Collecter des données
amazon-spring-deals-revlon-colorstay-eyeliner-promo-2026,Ventes Flash Printemps Amazon : Revlon ColorStay Eyeliner à -42% (7€ au lieu de 12€),bon-plan,2026-07-08,Amazon,Amazon,,0,0,0,0,Collecter des données
amazon-spring-deals-ring-doorbell-promo-2026,Ventes Flash Printemps Amazon : Ring Video Doorbell à -40% (59€ au lieu de 99€),bon-plan,2026-07-08,Amazon,Amazon,,0,0,0,0,Collecter des données
amazon-spring-deals-ring-video-doorbell-promo-2026,Ring Video Doorbell : Vente Flash -40% — Amazon Spring Deals,bon-plan,2026-03-16,Amazon,Amazon,,0,0,0,0,Collecter des données
amazon-spring-deals-rowenta-silence-force-promo-2026,Rowenta Silence Force Cyclonic : Vente Flash -40% — Amazon Spring Deals,bon-plan,2026-03-16,Amazon,Amazon,,0,0,0,0,Collecter des données
amazon-spring-deals-russell-hobbs-satisfry-promo-2026,Russell Hobbs Satisfry Air Pro : Vente Flash -38% — Amazon Spring Deals,bon-plan,2026-03-16,Amazon,Amazon,,0,0,0,0,Collecter des données
amazon-spring-deals-samsung-galaxy-buds-fe-promo-2026,Samsung Galaxy Buds FE : Vente Flash -46% — Amazon Spring Deals,bon-plan,2026-03-16,Amazon,Amazon,,0,0,0,0,Collecter des données
amazon-spring-deals-samsung-galaxy-buds-promo-2026,Ventes Flash Printemps Amazon : Samsung Galaxy Buds FE à -37% (69€ au lieu de 109€),bon-plan,2026-03-14,Amazon,Amazon,,0,0,0,0,Collecter des données
amazon-spring-deals-schwarzkopf-gliss-cheveux-promo-2026,Ventes Flash Printemps Amazon : Schwarzkopf Gliss Hair Repair à -38% (5€ au lieu de 8€),bon-plan,2026-07-08,Amazon,Amazon,,0,0,0,0,Collecter des données
amazon-spring-deals-seb-clipso-minut-promo-2026,Seb Clipso Minut Perfect 7.5L : Vente Flash -37% — Amazon Spring Deals,bon-plan,2026-03-16,Amazon,Amazon,,0,0,0,0,Collecter des données
amazon-spring-deals-tefal-air-fryer-promo-2026,Ventes Flash Printemps Amazon : Tefal Easy Fry Air Fryer à -34% (79€ au lieu de 119€),bon-plan,2026-03-14,Amazon,Amazon,,0,0,0,0,Collecter des données
amazon-spring-deals-tefal-ingenio-unlimited-promo-2026,Tefal Ingenio Unlimited 10 Pièces : Vente Flash -39% — Amazon Spring Deals,bon-plan,2026-03-16,Amazon,Amazon,,0,0,0,0,Collecter des données
amazon-spring-deals-tp-link-deco-m4-mesh-promo-2026,TP-Link Deco M4 Mesh WiFi : Vente Flash -39% — Amazon Spring Deals,bon-plan,2026-03-16,Amazon,Amazon,,0,0,0,0,Collecter des données
amazon-spring-deals-vichy-mineral-89-serum-promo-2026,Ventes Flash Printemps Amazon : Vichy Minéral 89 Sérum à -32% (17€ au lieu de 25€),bon-plan,2026-07-08,Amazon,Amazon,,0,0,0,0,Collecter des données
amazon-spring-deals-waterpik-hydropulseur-promo-2026,Ventes Flash Printemps Amazon : Waterpik Hydropulseur à -37% (50€ au lieu de 79€),bon-plan,2026-03-13,Amazon,Amazon,,0,0,0,0,Collecter des données
amazon-spring-deals-waterpik-ultra-pro-promo-2026,Waterpik Ultra Professional : Vente Flash -34% — Amazon Spring Deals,bon-plan,2026-03-16,Amazon,Amazon,,0,0,0,0,Collecter des données
amazon-spring-deals-yves-rocher-coffret-soin-promo-2026,Ventes Flash Printemps Amazon : Yves Rocher Coffret Soin Visage à -36% (25€ au lieu de 39€),bon-plan,2026-03-14,Amazon,Amazon,,0,0,0,0,Collecter des données
amazon-suaat-tablette-10-pouces-android-clavier-souris-promo-2026,"Tablette SUAAT 10 pouces Android avec clavier et souris à -58% : 89,99€ au lieu de 215,99€",bon-plan,2026-04-07,Amazon,Amazon,,0,0,0,0,Collecter des données
amazon-tommy-hilfiger-polo-homme-1985-regular-promo-2026,"Polo Tommy Hilfiger Homme 1985 Regular Fit à -50% : 39,95€ au lieu de 79,90€",bon-plan,2026-04-07,Amazon,Amazon,,0,0,0,0,Collecter des données
amazon-top-10-offres-beaute-coiffure-mars-2026,Amazon : Top 10 des Offres Beauté & Coiffure jusqu'à -31% (Mars 2026),bon-plan,2026-03-19,Amazon,Amazon,,0,0,0,0,Collecter des données
annikids-jeu-concours-anniversaire-enfant-2026,"Annikids : Jeu concours popup, des bons d'achat anniversaire enfant",concours,2026-03-05,Direct / autre,annikids.com,,0,0,0,0,Collecter des données
antikal-spray-anticalcaire-salle-de-bain-lot-10-20-50-euros-amazon-moins-32-pourcent,"Antikal Spray Anticalcaire Salle de Bain x10 : 20,50€ (-32%)",bon-plan,2026-04-15,Amazon,Amazon,,0,0,0,0,Collecter des données
aoozto-thermometre-frontal-sans-contact-14-euros-promo-amazon-avril-2026,"Thermomètre Frontal Sans Contact AOOZTO à 14,21€ sur Amazon",bon-plan,2026-04-22,Amazon,Amazon,,0,0,0,0,Collecter des données
apple-iphone-13-128go-reconditionne-excellent-etat-cdiscount-promo-2026,"iPhone 13 128 Go Reconditionne Excellent Etat : 239,99€ au Lieu de 269,99€ (-11%)",bon-plan,2026-04-02,Awin,tidd.ly,,0,0,0,0,Collecter des données
apple-seconde-vie-iphone-macbook-ipad-reconditionne-vente-privee-2026,"Apple reconditionné 2026 : iPhone, MacBook et iPad à prix cassés (Amazon Renewed, Rakuten)",bon-plan,2026-07-24,Amazon,Amazon,,0,0,0,0,Collecter des données
apyforme-avis-test-probiotiques-collagene-2026,Apyforme : On a Testé les Probiotiques et le Collagène Végétarien,test-gratuit,2026-04-05,Amazon,Amazon,,0,0,0,0,Collecter des données
ariel-grandiose-pods-60-lavages-35-50-euros-moins-29-pourcent-amazon-2026,"Ariel Grandiose PODS : 60 lavages à 35,50€ au lieu de 50€ (-29%)",bon-plan,2026-04-18,Amazon,Amazon,,0,0,0,0,Collecter des données
arkopharma-ambassadeur-phytotherapie-bien-etre,Arkopharma : Devenez Arko-Ambassadeur et Testez des Produits Bien-Être Gratuits,test-gratuit,2026-03-06,Direct / autre,fr.arkopharma.com,,0,0,0,0,Collecter des données
arthur-martin-batterie-cuisine-induction-10-pieces-inox-cdiscount-promo-2026,"Arthur Martin Batterie de Cuisine Induction 10 Pieces Inox : 59,99€ (-7%)",bon-plan,2026-04-02,Awin,tidd.ly,,0,0,0,0,Collecter des données
asperges-de-france-jeu-concours-air-fryer-moulinex-avril-2026,"Concours Asperges de France : un Air Fryer Moulinex 8,3L",concours,2026-04-10,Direct / autre,asperges-de-france.fr,,0,0,0,0,Collecter des données
assurance-auto-moins-chere-2026-comparateur-astuces-economies,Assurance auto moins chère en 2026 : comment payer jusqu'à 40% de moins,bon-plan,2026-04-01,Direct / autre,kjh.automotocompare.fr,,0,0,0,0,Collecter des données
assurance-habitation-moins-chere-2026-comparateur-astuces,Assurance habitation : comment payer moins cher en 2026,bon-plan,2026-04-01,Direct / autre,action.metaffiliation.com,,0,0,0,0,Collecter des données
assurland-comparateur-assurance-gratuit-2026,Assurland — comparez 78 offres d'assurance gratuitement et économisez,bon-plan,2026-03-06,Direct / autre,lk.gt,,0,0,0,0,Collecter des données
atida-parapharmacie-bons-plans-2026,Atida parapharmacie en ligne : jusqu'à -50% vs pharmacie traditionnelle,bon-plan,2026-03-12,Direct / autre,lk.gt,,0,0,0,0,Collecter des données
atlas-for-men-vente-flash-70-pourcent-mars-2026,Atlas for Men : Vente Flash Tout a -70% du 18 au 25 Mars,bon-plan,2026-03-21,Direct / autre,atlasformen.fr,,0,0,0,0,Collecter des données
au-yat-nebuliseur-portable-rechargeable-29-99-euros-amazon-moins-49-pourcent,"Nebuliseur Portable Rechargeable AU YAT : 29,99€ (-49%)",bon-plan,2026-04-16,Amazon,Amazon,,0,0,0,0,Collecter des données
aubert-jeux-concours-puericulture-bebe-cybex-chicco-sauthon,"Aubert jeux concours : poussettes, berceaux, Center Parcs",concours,2026-03-03,Direct / autre,aubert.com,,0,0,0,0,Collecter des données
auchan-jeu-25-jours-2025-lots-cinema-cartes-cadeaux-concerts-2026,"Auchan Jeu des 25 Jours : 2 025 lots a gagner (cinema, cartes cadeaux",concours,2026-04-15,Direct / autre,jeux.auchan.fr,,0,0,0,0,Collecter des données
auchan-voyages-bons-plans-semaine-crete-tunisie-costa-brava-177-euros-2026,Auchan Voyages : bons plans de la semaine des 177€ tout compris (jusqu'a -55%),bon-plan,2026-04-16,Direct / autre,lk.gt,,0,0,0,0,Collecter des données
avene-jeu-concours-routine-xeracalm-ad-mars-2026,Avene : gagnez votre routine apaisante Xeracalm A.D complete,concours,2026-03-31,Direct / autre,interaction.eau-thermale-avene.fr,,0,0,0,0,Collecter des données
avis-aroma-zone-cosmetiques-naturels-diy-test-serums,"Aroma-Zone : notre avis honnête après test (sérums, huiles, DIY)",test-avis,2026-07-25,Direct / autre,aroma-zone.com,,0,0,0,0,Collecter des données
avis-beauty-success-parfumerie-institut-bons-plans,Beauty Success : notre avis sur la parfumerie + institut (bons plans à connaître),test-avis,2026-07-25,Effiliation,track.effiliation.com,,0,0,0,0,Collecter des données
avis-clarins-soins-anti-age-premium-test-2026,Clarins : notre avis sur les soins anti-âge premium (test 2026),test-avis,2026-07-25,Effiliation,track.effiliation.com,,0,0,0,0,Collecter des données
avis-dr-pierre-ricaud-soins-anti-age-accessibles,Dr Pierre Ricaud : le meilleur anti-âge accessible ? Notre avis,test-avis,2026-07-25,Awin,awin1.com,,0,0,0,0,Collecter des données
avis-filorga-time-filler-ncef-optim-eyes-test-anti-age-2026,"Notre Avis sur Filorga : Test Complet Time-Filler, NCEF-Revitalize et Optim-Eyes",test-gratuit,2026-03-31,Amazon,Amazon,,0,0,0,0,Collecter des données
avis-jod-cosmetics-baumes-fondants-soins-naturels-test-2026,Notre Avis sur JOD Cosmetics : Test Complet des Baumes Fondants,test-gratuit,2026-03-31,Amazon,Amazon,,0,0,0,0,Collecter des données
avis-le-rouge-francais-maquillage-bio-vegetal-luxe,Le Rouge Français : notre avis sur le maquillage bio aux pigments végétaux (test complet),test-avis,2026-07-25,Awin,tidd.ly,,0,0,0,0,Collecter des données
avis-lea-nature-cosmetiques-bio-jonzac-so-bio-etic,Léa Nature : notre avis + 5 indispensables cosmétiques bio à petit prix,test-avis,2026-07-25,Direct / autre,ryt.leanature.com,,0,0,0,0,Collecter des données
avis-magnifaik-cristina-cordula-maquillage-teint-glowy,Magnifaik de Cristina Cordula : notre avis après test (ça vaut le coup ?),test-avis,2026-07-25,Awin,tidd.ly,,0,0,0,0,Collecter des données
avis-masque-led-silk-n-test-luminotherapie-visage,Masque LED Silk'n : notre avis après test (faut-il craquer ?),test-avis,2026-07-25,Amazon,Amazon,,0,0,0,0,Collecter des données
avis-pin-up-secret-masque-savon-lait-chevre-test-2026,Test Pin Up Secret : masques et soins solides au lait de chèvre,test-gratuit,2026-03-31,TimeOne / Public Idées,a.time1.me,,0,0,0,0,Collecter des données
avis-seasonly-serums-huile-nuit-clean-beauty-test-2026,Notre Avis sur Seasonly : Test des Serums et Huile de Nuit Clean Beauty,test-gratuit,2026-03-31,Awin,tidd.ly,,0,0,0,0,Collecter des données
azzaro-sport-eau-toilette-promo-amazon-mars-2026,Azzaro Sport Eau de Toilette à -8% sur Amazon,bon-plan,2026-03-20,Amazon,Amazon,,0,0,0,0,Collecter des données
babyliss-air-wand-seche-cheveux-lisseur-styler-3-en-1-promo-amazon-avril-2026,"BaByliss Air Wand 3 en 1 à 99,90€ au lieu de 149€ (-33%)",bon-plan,2026-04-19,Amazon,Amazon,,0,0,0,0,Collecter des données
babyliss-as128e-brosse-soufflante-style-smooth-promo-amazon-2026,"BaByliss AS128E brosse soufflante Style Smooth à -52% sur Amazon : 28,89€",bon-plan,2026-04-08,Amazon,Amazon,,0,0,0,0,Collecter des données
babyliss-curl-secret-lite-boucleur-automatique-69-90-euros-moins-29-pourcent-amazon-2026,"BaByliss Curl Secret Lite : boucleur automatique à 69,90€ au lieu de 99€ (-29%)",bon-plan,2026-04-18,Amazon,Amazon,,0,0,0,0,Collecter des données
babyliss-lisseur-rose-gold-2598pe-promo-amazon-avril-2026,"BaByliss Lisseur Rose Gold à 34,90€ au lieu de 99,90€ (-65%)",bon-plan,2026-06-09,Amazon,Amazon,,0,0,0,0,Collecter des données
babyliss-lisseur-vapeur-lustre-steam-st595e-promo-amazon-mars-2026,BaByliss Lisseur Vapeur Lustre Steam à -35% sur Amazon,bon-plan,2026-03-23,Amazon,Amazon,,0,0,0,0,Collecter des données
babymoov-trousse-soin-bebe-9-accessoires-24-90-euros-amazon-moins-17-pourcent,"Babymoov Trousse de Soin Bebe 9 Accessoires : 24,90€ (-17%)",bon-plan,2026-04-15,Amazon,Amazon,,0,0,0,0,Collecter des données
baija-coffrets-soins-corps-cosmetiques-naturels,"Baija : coffrets soins du corps a 34,90 euros et -10% avec la newsletter",bon-plan,2026-04-06,Direct / autre,lk.gt,,0,0,0,0,Collecter des données
baija-nouvelles-brumes-corps-cheveux-parfumees-avis-2026,"Nouvelles brumes Baïja : 8 parfums de vacances à 21,90 €",beaute,2026-07-19,Amazon,Amazon,,0,0,0,0,Collecter des données
bayard-jeunesse-magazines-enfants-abonnement-2026,"Bayard Jeunesse — magazines enfants : J'aime Lire, Pomme d'Api, Astrapi dès petit prix",bon-plan,2026-06-21,Direct / autre,lk.gt,,0,0,0,0,Collecter des données
bears-with-benefits-avis-test-gummies-cheveux-sommeil-2026,Bears with Benefits : On a Testé les Gummies Cheveux et Sommeil,test-gratuit,2026-04-05,Amazon,Amazon,,0,0,0,0,Collecter des données
beatbot-aquasense-2-ultra-robot-piscine-sans-fil-2925-euros-amazon-moins-9-pourcent,Robot de piscine Beatbot AquaSense 2 Ultra à 2 925€ au lieu de 3 199€ (-9%),bon-plan,2026-04-05,Amazon,Amazon,,0,0,0,0,Collecter des données
beaute-privee-ventes-privees-cosmetique-2026,"Avis Beauté Privée 2026 : ventes privées cosmétique jusqu'à -90% sur 600+ marques (Clarins, Lancôme, Nuxe, L'Occitane, Guerlain, Dior...) + 10€ parrainage",bon-plan,2026-05-05,Direct / autre,beauteprivee.fr,,0,0,0,0,Collecter des données
beaute-test-aime-m-balance-test-produit-mars-2026,Test Gratuit : aime M-Balance+ Périménopause sur Beauté Test,test-gratuit,2026-03-18,Direct / autre,beaute-test.com,,0,0,0,0,Collecter des données
beaute-test-club-tester-produits-beaute-gratuit,Beauté-Test : Testez des Produits Cosmétiques Gratuitement Chaque Semaine,test-gratuit,2026-03-19,Direct / autre,beaute-test.com,,0,0,0,0,Collecter des données
beauteprivee-kbeauty-braderie-2026,K-Beauty & Braderie Beauté sur Beauté Privée — Soins Coréens jusqu'à -70%,bon-plan,2026-03-12,Direct / autre,beauteprivee.fr,,0,0,0,0,Collecter des données
beauty-success-30-pourcent-parfums-gucci-burberry-chloe-boss-calvin-klein-2026,"Beauty Success : -30% sur les Parfums Gucci, Burberry, Chloe, Boss, Calvin Klein + Code -10% Supplementaires",bon-plan,2026-03-27,Direct / autre,fnty.co,,0,0,0,0,Collecter des données
beauty-success-calvin-klein-euphoria-bold-2026,Calvin Klein Euphoria Bold Elixir — En Promo chez Beauty Success,bon-plan,2026-07-08,Effiliation,track.effiliation.com,,0,0,0,0,Collecter des données
beauty-success-chloe-eau-de-parfum-promo-2026,Chloé Eau de Parfum -30% chez Beauty Success — Évasion Printanière,bon-plan,2026-07-08,Effiliation,track.effiliation.com,,0,0,0,0,Collecter des données
beauty-success-coffrets-maquillage-2026,"Beauty Success : Coffrets Maquillage dès 19,95€ — Jozz Beauty, Clinique",bon-plan,2026-07-08,Effiliation,track.effiliation.com,,0,0,0,0,Collecter des données
beauty-success-givenchy-gentleman-society-2026,Givenchy Gentleman Society -30% chez Beauty Success — Parfum Homme,bon-plan,2026-07-08,Effiliation,track.effiliation.com,,0,0,0,0,Collecter des données
beauty-success-guide-parfum-choisir-familles-olfactives-2026,Trouver SON parfum : la méthode des familles olfactives,beaute,2026-07-25,Effiliation,track.effiliation.com,,0,0,0,0,Collecter des données
beauty-success-livraison-gratuite-paiement-3x-2026,Beauty Success : Livraison Gratuite dès 60€ + Paiement 3x Sans Frais,bon-plan,2026-07-08,Effiliation,track.effiliation.com,,0,0,0,0,Collecter des données
beauty-success-parfums-femme-selection-2026,"Beauty Success : Parfums Femme -30% — Chloé, Lancôme, Dior et Plus",bon-plan,2026-07-08,Effiliation,track.effiliation.com,,0,0,0,0,Collecter des données
beauty-success-parfums-homme-selection-2026,"Beauty Success : Parfums Homme -30% — Givenchy, Calvin Klein et Plus",bon-plan,2026-07-08,Effiliation,track.effiliation.com,,0,0,0,0,Collecter des données
beauty-success-soins-visage-promo-2026,Beauty Success : Soins Visage en Promo — Sélection Printemps -30%,bon-plan,2026-07-08,Effiliation,track.effiliation.com,,0,0,0,0,Collecter des données
bebeboutik-jouets-eveil-printemps-2026,"Jouets & Éveil Bébé Printemps 2026 sur Bebeboutik — Tomy, Little Dutch, Geomag en Vente Privée",bon-plan,2026-03-12,TimeOne / Public Idées,a.time1.me,,0,0,0,0,Collecter des données
bebeboutik-ventes-privees-avril-2026-hipp-biolane-sauthon-dbb-remond,Bebeboutik : les ventes privées bébé d'avril 2026 jusqu'à -30%,bon-plan,2026-04-21,TimeOne / Public Idées,a.time1.me,,0,0,0,0,Collecter des données
bebeboutik-ventes-privees-bebe-enfant-2026,Bebeboutik : Ventes Privées Bébé et Enfant — Grandes Marques à Prix Réduits,bon-plan,2026-03-14,TimeOne / Public Idées,a.time1.me,,0,0,0,0,Collecter des données
bebeboutik-ventes-privees-bebe-famille-mars-2026,"Bebeboutik : ventes privees bebe et famille — Good Gout, Sophie la Girafe, Haribo et plus",bon-plan,2026-03-20,TimeOne / Public Idées,a.time1.me,,0,0,0,0,Collecter des données
bebeboutik-ventes-privees-puericulture-2026,"Ventes Privées Puériculture 2026 sur Bebeboutik — Trigano, Osann, Little Dutch jusqu'à -70%",bon-plan,2026-03-12,TimeOne / Public Idées,a.time1.me,,0,0,0,0,Collecter des données
bebeconfort-haze-poussette-3-en-1-nacelle-siege-auto-cdiscount-promo-2026,"Bebeconfort Haze Poussette 3 en 1 : Nacelle + Siege Auto i-Size a 169,99€",bon-plan,2026-07-21,Awin,tidd.ly,,0,0,0,0,Collecter des données
bebes-et-mamans-magazine-gratuit-concours-couches-2026,Concours Bébés et Mamans : 1 an de couches + lit cododo,concours,2026-03-06,Direct / autre,lt45.net,,0,0,0,0,Collecter des données
belle-au-naturel-box-beaute-bio-avril-2026,Belle au Naturel : la box beauté bio d'avril 2026 avec plus de 100€ de soins,box-beaute,2026-04-09,Direct / autre,belleaunaturel.fr,,0,0,0,0,Collecter des données
belle-au-naturel-box-beaute-bio-parrainage-2026,Belle au Naturel : Box Beauté Bio à -50% + 5€ Offerts,box-beaute,2026-03-12,Direct / autre,belleaunaturel.fr,,0,0,0,0,Collecter des données
belle-au-naturel-box-bio-rituel-detente-ete-juin-2026,"5 soins bio français pour l'été à 29,90 € : la box Belle au Naturel arrive",box-beaute,2026-06-11,Direct / autre,wkl.belleaunaturel.fr,,0,0,0,0,Collecter des données
belle-au-naturel-club-testeuses-cosmetiques-bio,Belle au Naturel Club des Testeuses : sérums Florame Bio,test-gratuit,2026-03-03,Direct / autre,belleaunaturel.fr,,0,0,0,0,Collecter des données
belle-au-naturel-coffrets-beaute-bio-fete-des-meres-2026,Belle au Naturel : coffrets beaute bio Fete des Meres des 25€,box-beaute,2026-04-17,Direct / autre,belleaunaturel.fr,,0,0,0,0,Collecter des données
belle-au-naturel-coffrets-cadeaux-beaute-bio-fete-des-meres-2026,"Belle au Naturel : coffrets cadeaux beauté bio dès 25€, idéal fête des mères",box-beaute,2026-04-09,Direct / autre,belleaunaturel.fr,,0,0,0,0,Collecter des données
berrcom-thermometre-auriculaire-haute-precision-bebe-adulte-amazon-promo-2026,"Berrcom Thermomètre Auriculaire Haute Précision : 32,48€ au Lieu de 35,99€ (-10%)",bon-plan,2026-04-02,Amazon,Amazon,,0,0,0,0,Collecter des données
beurer-em59-electrostimulateur-promo-amazon-mars-2026,Beurer EM 59 Électrostimulateur à -10% sur Amazon,bon-plan,2026-03-20,Amazon,Amazon,,0,0,0,0,Collecter des données
bi-oil-huile-soin-test-produit-gratuit-850-ambassadeurs-sampleo-2026,Test gratuit Bi-Oil : 850 ambassadeurs recherchés,test-gratuit,2026-04-20,Direct / autre,sampleo.com,,0,0,0,0,Collecter des données
biocoop-grand-jeu-40-ans-velos-electriques-sejours-bons-achat-concours-2026,Concours Biocoop 40 ans : vélos électriques + 2 000 bons à gagner,concours,2026-04-05,Direct / autre,legrandjeubiocoop.fr,,0,0,0,0,Collecter des données
bioderma-test-produit-sebium-gratuit,Bioderma : Testez la Gamme Sébium Gratuitement,test-gratuit,2026-03-03,Direct / autre,bioderma.fr,,0,0,0,0,Collecter des données
bioenergies-ambassadeur-complements-naturels,Test gratuit Bio Énergies : Compléments Naturels Gratuits,test-gratuit,2026-03-06,Direct / autre,bioenergies.com,,0,0,0,0,Collecter des données
biolane-stick-solaire-bebe-spf50-test-gratuit-consobaby-2026,Test gratuit : Stick solaire bébé Biolane SPF50,test-gratuit,2026-04-20,Direct / autre,consobaby.com,,0,0,0,0,Collecter des données
biotyfull-box-3-nouvelles-box-9-90-euros-429-euros-produits-bio-avril-2026,"Biotyfull Box : 3 nouvelles box pour 9,90€ soit 429€ de produits bio",box-beaute,2026-04-05,Affilae,c3po.link,,0,0,0,0,Collecter des données
biotyfull-box-4-routines-13-euros-sans-engagement-fraicheur-florale-2026,Biotyfull Box : 4 nouvelles routines pour 13 euros,box-beaute,2026-03-29,Affilae,c3po.link,,0,0,0,0,Collecter des données
biotyfull-box-5-routines-15-euros-sans-engagement-fraicheur-florale-avril-2026,"Biotyfull Box : 5 routines à 15 € (14 produits, valeur 391 €)",box-beaute,2026-03-29,Affilae,c3po.link,,0,0,0,0,Collecter des données
biotyfull-box-abonnement-offre-decouverte-2026,Biotyfull Box : L'Abonnement Bio N°1 en France,box-beaute,2026-03-04,Affilae,c3po.link,,0,0,0,0,Collecter des données
biotyfull-box-collection-miraculeuse-anti-imperfections-50-pourcent-offerts-2026,Biotyfull Box Collection Miraculeuse Anti-Imperfections : -50% sur le lancement,box-beaute,2026-04-20,Direct / autre,lk.gt,,0,0,0,0,Collecter des données
biotyfull-box-du-jamais-vu-8-box-prix-1-foreo-offerte-avril-2026,Biotyfull Box : DU JAMAIS VU,box-beaute,2026-04-22,Direct / autre,lk.gt,,0,0,0,0,Collecter des données
biotyfull-box-eclosion-radieuse-6-routines-16-produits-15-euros-2026,Biotyfull Box : 16 produits beaute (337€) pour 15€,box-beaute,2026-04-15,Affilae,c3po.link,,0,0,0,0,Collecter des données
biotyfull-box-mars-2026-fraicheur-florale-offre-speciale,107 € de bio Made in France dans une box,box-beaute,2026-06-04,Affilae,c3po.link,,0,0,0,0,Collecter des données
biotyfull-box-mars-2026-fraicheur-florale,Biotyfull Box : 2 box bio + 12 produits Made in France pour 18 €,box-beaute,2026-06-04,Affilae,c3po.link,,0,0,0,0,Collecter des données
biotyfull-box-mars-2026,Biotyfull Box Mars 2026 : La Box 100% Bio qui Vaut le Détour,box-beaute,2026-03-02,Direct / autre,xno.biotyfullbox.fr,,0,0,0,0,Collecter des données
biotyfull-box-offre-flash-5-routines-15-euros-avril-2026,Biotyfull Box : 5 nouvelles routines beauté pour 15 euros,box-beaute,2026-04-08,Affilae,c3po.link,,0,0,0,0,Collecter des données
biotyfull-box-promo-exceptionnelle-16-90-euros-serum-kos-69-euros-offert-2026,"Biotyfull Box a 16,90E au lieu de 39,90E + serum KOS offert",box-beaute,2026-04-19,Direct / autre,lk.gt,,0,0,0,0,Collecter des données
biotyfull-box-vendredi-13-mars-2026,Biotyfull Box Vendredi 13 : 16 Produits pour 13€ (Valeur 372€),box-beaute,2026-03-13,Affilae,c3po.link,,0,0,0,0,Collecter des données
biotyfull-calendrier-apres-2026-promo-70,Biotyfull Calendrier de l'Après : 27 produits bio à 49 € (-75%),calendrier-avent,2026-04-27,Affilae,c3po.link,,0,0,0,0,Collecter des données
blancreme-ambassadrices-cosmetique-gourmande,Test gratuit Blancrème : Cosmétiques Gourmands Gratuits,test-gratuit,2026-03-06,Direct / autre,blancreme.com,,0,0,0,0,Collecter des données
bledina-codes-promo-offres-bebe-2026,"Blédina : offres du mois -20 % Bols, Petits Pots & Blédilait Croissance",bon-plan,2026-07-21,Direct / autre,bledina.com,,0,0,0,0,Collecter des données
blissim-bons-plans-box-beaute-promotions-mars-2026,Blissim : soin Laneige offert + -20% Clarins + DUOCHEVEUX,box-beaute,2026-06-04,Awin,tidd.ly,,0,0,0,0,Collecter des données
blissim-box-avril-2026-best-of-nuxe-multimarques-lets-moove,Blissim avril 2026 : 2 box au choix,box-beaute,2026-04-06,Awin,tidd.ly,,0,0,0,0,Collecter des données
blissim-box-mars-2026-1-euro-offre-exceptionnelle-benefit-nuxe,"Blissim Box mars : 1 € au lieu de 17,90 € (5 produits)",box-beaute,2026-03-27,Awin,tidd.ly,,0,0,0,0,Collecter des données
blissim-box-mars-2026,"Blissim à 5 € la 1re box : 85 € de produits dedans (Garancia, Huygens",box-beaute,2026-06-04,Awin,tidd.ly,,0,0,0,0,Collecter des données
blissim-concours-communaute-box-beaute-2026,Concours Blissim Communauté : box beauté + bons 50 € à gagner,concours,2026-03-04,Direct / autre,communaute.blissim.fr,,0,0,0,0,Collecter des données
blissim-edition-limitee-bonne-fete-maman-coffret-8-soins-40-euros-mai-2026,Blissim Bonne Fête Maman : coffret 8 soins à 40 €,box-beaute,2026-05-07,Awin,tidd.ly,,0,0,0,0,Collecter des données
blissim-edition-limitee-doux-moments-season-paper-fete-des-meres-2026,Blissim Doux Moments x Season Paper : 183€ de cadeaux Fête des Mères pour 40€,box-beaute,2026-04-23,Awin,tidd.ly,,0,0,0,0,Collecter des données
blissim-edition-limitee-monsieur-rituals-coffret-39-euros-mai-2026,Blissim Monsieur × Rituals : coffret 6 produits à 39 € (-38 €),box-beaute,2026-05-07,Awin,tidd.ly,,0,0,0,0,Collecter des données
blissim-editions-limitees-coffrets-2026,"Blissim : Éditions Limitées dès 30,60€ — Splendist Printemps, Cultissime, Anti-Âge",bon-plan,2026-03-16,Awin,tidd.ly,,0,0,0,0,Collecter des données
blissim-offre-exclusive-2-box-10-euros-code-box10-avril-mai-2026,Blissim : 2 box beauté à 10€ avec le code BOX10,box-beaute,2026-04-25,Awin,awin1.com,,0,0,0,0,Collecter des données
blissim-splendist-printemps-2026-edition-limitee,Blissim Splendist Printemps : 11 produits premium (+200 €),box-beaute,2026-03-04,Awin,tidd.ly,,0,0,0,0,Collecter des données
bocxi-robot-piscine-sans-fil-200m2-199-99-euros-moins-59-pourcent-amazon-2026,"Bocxi C5 robot piscine sans fil : avis, autonomie et prix",bon-plan,2026-07-27,Amazon,Amazon,,0,0,0,0,Collecter des données
boiron-ambassadeur-test-produit-homeopathie-naturel,Test gratuit Boiron : produits naturels Tribu Ambassadeurs,test-gratuit,2026-03-03,Direct / autre,ambassadeurs-boiron.be,,0,0,0,0,Collecter des données
bon-plan-10-deals-maison-cuisine-amazon-ventes-flash-printemps-2026,10 Deals Maison & Cuisine Amazon : Jusqu'à -50% (Ventes Flash Printemps 2026),bon-plan,2026-03-09,Amazon,Amazon,,0,0,0,0,Collecter des données
bon-plan-10-produits-aromatherapie-huiles-essentielles-amazon-2026,"10 Bons Plans Aromathérapie Amazon : Coffrets & Diffuseurs dès 6,99€",bon-plan,2026-03-09,Amazon,Amazon,,0,0,0,0,Collecter des données
bon-plan-12-applis-payer-moins-cher-courses-2026,10 Applications pour Payer Moins Cher ses Courses : Jusqu'à 200€ d'Économies par Mois,bon-plan,2026-02-15,Direct / autre,poulpeo.com,,0,0,0,0,Collecter des données
bon-plan-1916-original-coffret-eau-de-cologne-unisexe-amazon-2026,Bon plan coffret 1916 Original eau de cologne unisexe à 18€ sur Amazon (-28%),bon-plan,2026-05-07,Amazon,Amazon,,0,0,0,0,Collecter des données
bon-plan-30-moyens-arrondir-fins-de-mois-2026,30 Moyens Concrets d'Arrondir ses Fins de Mois (100 à 1 000€/mois),bon-plan,2026-02-18,Direct / autre,ebuyclub.com,,0,0,0,0,Collecter des données
bon-plan-air-wick-kit-diffuseur-electrique-3-recharges-fleur-cerisier-framboise-amazon-2026,"Bon plan Amazon : Kit Air Wick diffuseur électrique + 3 recharges Fleur de Cerisier et Framboise à 11,99€ (-40%)",bon-plan,2026-04-27,Amazon,Amazon,,0,0,0,0,Collecter des données
bon-plan-aiyaplay-ensemble-table-chaises-enfants-tableau-amazon-2026,"AIYAPLAY : ensemble table + 2 chaises enfant avec tableau noir à 57,90€ (-34%) sur Amazon",bon-plan,2026-04-25,Amazon,Amazon,,0,0,0,0,Collecter des données
bon-plan-albiss-coffret-fete-meres-tasse-spa-amazon-mai-2026,"Bon plan coffret Fête des Mères ALBISS à 12,99€ (-26%) : tasse marbrée + set spa bien-être",bon-plan,2026-05-12,Amazon,Amazon,,0,0,0,0,Collecter des données
bon-plan-amazon-airpods-pro-ventes-flash-printemps-2026,Ventes Flash Amazon : Apple AirPods Pro en Promo — Réduction de Bruit Active,bon-plan,2026-03-10,Amazon,Amazon,,0,0,0,0,Collecter des données
bon-plan-amazon-alpina-at3-98a-tracteur-tondeuse-autoportee-1529-euros-2026,Alpina AT3 98 A Tracteur Tondeuse Autoportée à 1 529€ au lieu de 1 799€ (-15%),bon-plan,2026-04-03,Amazon,Amazon,,0,0,0,0,Collecter des données
bon-plan-amazon-aobante-tablette-android-15-10-pouces-90-euros-2026,"Aobante Tablette Android 15 10,1 Pouces 24GB+128GB à 89,99€ (-18%)",bon-plan,2026-04-03,Amazon,Amazon,,0,0,0,0,Collecter des données
bon-plan-amazon-ariel-pods-4en1-60-lavages-french-week-mai-2026,"Ariel PODS 4en1 Original 60 lavages à 19€ au lieu de 28,50€ (-33%) sur Amazon French Week + code FRENCHWEEK10 -10€ dès 50€",bon-plan,2026-05-05,Amazon,Amazon,,0,0,0,0,Collecter des données
bon-plan-amazon-auarte-etui-nintendo-switch-2-protection-housse-mai-2026,"Bon plan Amazon : Auarte Étui de protection Nintendo Switch 2 — housse voyage charge à l'intérieur à 19,99 € (-19%)",bon-plan,2026-05-14,Amazon,Amazon,,0,0,0,0,Collecter des données
bon-plan-amazon-aveda-tonique-epaississant-cheveux-fins-100ml-mai-2026,"Bon plan Amazon : Aveda Tonique Épaississant cheveux fins (100 ml) à 24,15€ (-38%) — soin pro Beauté Premium",bon-plan,2026-05-06,Amazon,Amazon,,0,0,0,0,Collecter des données
bon-plan-amazon-axe-deodorant-cherry-fizz-lot-6-french-week-2026,"Bon plan Amazon : AXE Déodorant Cherry Fizz Collection Prestige lot 6×150 ml à 19,76€ (-37% French Week + FRENCHWEEK10)",bon-plan,2026-05-04,Amazon,Amazon,,0,0,0,0,Collecter des données
bon-plan-amazon-axe-gel-douche-provocation-lot-12-french-week-2026,"Bon plan Amazon : AXE Gel Douche 5-en-1 Provocation lot 12×250 ml à 26,80€ (-30% French Week + code FRENCHWEEK10)",bon-plan,2026-05-04,Amazon,Amazon,,0,0,0,0,Collecter des données
bon-plan-amazon-babify-onboard-siege-auto-isize-0-36kg-mai-2026,"Bon plan Amazon : Siège auto Babify Onboard i-Size 0-36 kg, pivotant 360°, Isofix groupes 0/1/2/3 à 103,47 € (-47%)",bon-plan,2026-06-23,Amazon,Amazon,,0,0,0,0,Collecter des données
bon-plan-amazon-babybjorn-transat-tisse-kaki-beige-french-week-mai-2026,"BabyBjörn Transat tissé kaki/beige à 145,37€ au lieu de 199,90€ (-27%) sur Amazon : conception physiologique 0-2 ans + code FRENCHWEEK10 -10€",bon-plan,2026-05-05,Amazon,Amazon,,0,0,0,0,Collecter des données
bon-plan-amazon-babyliss-midnight-luxe-2300w-french-week-2026,"Bon plan Amazon : BaByliss Sèche-cheveux Midnight Luxe 2300W à 32,99€ (-45% prix conseillé + FRENCHWEEK10)",bon-plan,2026-05-04,Amazon,Amazon,,0,0,0,0,Collecter des données
bon-plan-amazon-beats-powerbeats-pro-2-ventes-flash-printemps-2026,Beats Powerbeats Pro 2 -23% à 230€ : Ventes Flash Amazon,bon-plan,2026-03-11,Amazon,Amazon,,0,0,0,0,Collecter des données
bon-plan-amazon-biofreeze-roll-on-action-froid-douleurs-musculaires-mai-2026,"Bon plan Amazon : Biofreeze Roll-On — soulage douleurs musculaires et articulaires (action froid) à 6,18 € (-33%)",bon-plan,2026-05-15,Amazon,Amazon,,0,0,0,0,Collecter des données
bon-plan-amazon-biotherm-waterlover-spf30-french-week-2026,"Bon plan Amazon : Biotherm Waterlover Crème Solaire SPF30 à 16,58€ (-36% French Week + FRENCHWEEK10)",bon-plan,2026-05-04,Amazon,Amazon,,0,0,0,0,Collecter des données
bon-plan-amazon-blink-outdoor-4-sonnette-video-camera-surveillance-40-euros-2026,"Blink Outdoor 4 + Sonnette Vidéo à 39,99€ au lieu de 66,98€ (-40%)",bon-plan,2026-04-03,Amazon,Amazon,,0,0,0,0,Collecter des données
bon-plan-amazon-bwt-cosmy-150-robot-piscine-fond-parois-mai-2026,"Bon plan Amazon : Robot piscine BWT Cosmy 150 à 249€ (-45%) — fond, parois et ligne d'eau jusqu'à 10 m",bon-plan,2026-05-06,Amazon,Amazon,,0,0,0,0,Collecter des données
bon-plan-amazon-carte-noire-capsules-decafeine-arabica-lot-100-mai-2026,"Bon plan Amazon : CARTE NOIRE Capsules Décaféiné n°5 — lot 100 (compatible Nespresso) à 24,15 € (-30%)",bon-plan,2026-05-15,Amazon,Amazon,,0,0,0,0,Collecter des données
bon-plan-amazon-carte-noire-capsules-espresso-lungo-lot-100-mai-2026,"Bon plan Amazon : CARTE NOIRE Capsules Espresso Lungo n°6 — lot 100 (compatible Nespresso) à 21,54 € (-30%)",bon-plan,2026-05-15,Amazon,Amazon,,0,0,0,0,Collecter des données
bon-plan-amazon-cattier-nectar-eternel-anti-age-lissant-50ml-mai-2026,"Bon plan Amazon : Cattier Nectar Éternel — soin léger anti-âge lissant 50 ml à 11,18 € (-30%)",bon-plan,2026-05-15,Amazon,Amazon,,0,0,0,0,Collecter des données
bon-plan-amazon-cerave-creme-hydratante-spf30-ventes-flash-printemps-2026,CeraVe Crème Hydratante Visage SPF 30 en Promo : Ventes Flash Amazon,bon-plan,2026-03-11,Amazon,Amazon,,0,0,0,0,Collecter des données
bon-plan-amazon-cheflee-robot-patissier-2000w-8l-145-euros-2026,"CHeflee Robot Pâtissier 2000W 8L à 144,97€ au lieu de 199,99€ (-28%)",bon-plan,2026-04-03,Amazon,Amazon,,0,0,0,0,Collecter des données
bon-plan-amazon-chicco-sandales-fille-scratch-mai-2026,"Bon plan Amazon : Chicco sandales fille avec fermeture scratch — Designed in Italy à 11,94 € (-61%)",bon-plan,2026-05-13,Amazon,Amazon,,0,0,0,0,Collecter des données
bon-plan-amazon-chiq-cbm159lebd-refrigerateur-congelateur-157l-250-euros-2026,"CHIQ Réfrigérateur Congélateur 157L à 249,99€ au lieu de 279,99€ (-11%)",bon-plan,2026-04-03,Amazon,Amazon,,0,0,0,0,Collecter des données
bon-plan-amazon-coffret-beaute-loreal-maybelline-garnier-ventes-flash-printemps-2026,Coffret Beauté L'Oréal Maybelline Garnier à ~20€ : Ventes Flash Amazon,bon-plan,2026-03-11,Amazon,Amazon,,0,0,0,0,Collecter des données
bon-plan-amazon-comfee-climatiseur-mobile-breezy-cool-2-7000btu-app-alexa-209-euros-mai-2026,COMFEE Breezy Cool 2.0 7000 BTU : avis et prix,bon-plan,2026-07-27,Amazon,Amazon,,0,0,0,0,Collecter des données
bon-plan-amazon-crochet-animal-slippers-60-patrons-mai-2026,"Bon plan Amazon : Crochet Animal Slippers — 60 patrons chaussons animaux toute la famille (anglais) à 2,28 €",bon-plan,2026-05-13,Amazon,Amazon,,0,0,0,0,Collecter des données
bon-plan-amazon-deplite-epilateur-lumiere-pulsee-ipl-70-euros-2026,"Deplite Épilateur Lumière Pulsée IPL à 63,37€ avec coupon (-22%)",bon-plan,2026-04-03,Amazon,Amazon,,0,0,0,0,Collecter des données
bon-plan-amazon-dmasun-rameur-musculation-appartement-135-euros-2026,"DMASUN Rameur d'Appartement à 135,37€ au lieu de 209,99€ (-36%)",bon-plan,2026-04-03,Amazon,Amazon,,0,0,0,0,Collecter des données
bon-plan-amazon-dove-deodorant-bille-invisible-dry-mai-2026,"Bon plan Amazon : DOVE déodorant bille Invisible Dry 72h — lot de 2 × 50 ml à 5,51 € (-40%)",bon-plan,2026-05-13,Amazon,Amazon,,0,0,0,0,Collecter des données
bon-plan-amazon-dove-deodorant-spray-fruit-passion-mai-2026,"Bon plan Amazon : DOVE déodorant spray Fruit de la Passion 72h — lot de 2 × 200 ml à 5,51 € (-38%)",bon-plan,2026-05-13,Amazon,Amazon,,0,0,0,0,Collecter des données
bon-plan-amazon-dove-gel-douche-essentiel-gourmand-lot-2-mai-2026,"Bon plan Amazon : DOVE Gel Douche Essentiel Gourmand (lot 2 × 450 ml) à 5,87 € (-30%)",bon-plan,2026-05-15,Amazon,Amazon,,0,0,0,0,Collecter des données
bon-plan-amazon-dreame-h15-pro-aspirateur-laveur-ventes-flash-printemps-2026,Dreame H15 Pro FoamWash -37% à 439€ : Ventes Flash de Printemps Amazon,bon-plan,2026-03-11,Amazon,Amazon,,0,0,0,0,Collecter des données
bon-plan-amazon-dreo-climatiseur-mobile-7500-btu-ac318s-mai-2026,Climatiseur mobile DREO AC318S 7500 BTU : avis et prix,bon-plan,2026-07-27,Amazon,Amazon,,0,0,0,0,Collecter des données
bon-plan-amazon-durex-nude-lot-20-preservatifs-ultra-fins-mai-2026,"Bon plan Amazon : Durex Nude — lot 20 préservatifs ultra fins à 9,99 € (-30%)",bon-plan,2026-05-15,Amazon,Amazon,,0,0,0,0,Collecter des données
bon-plan-amazon-dyson-airwrap-ventes-flash-printemps-2026,Ventes Flash Amazon : Dyson Airwrap en Promo — Le Coiffeur Multi-Styles,bon-plan,2026-03-10,Amazon,Amazon,,0,0,0,0,Collecter des données
bon-plan-amazon-dyson-v8-aspirateur-ventes-flash-printemps-2026,Dyson V8 Aspirateur Balai -30% à 279€ : Ventes Flash Amazon,bon-plan,2026-03-11,Amazon,Amazon,,0,0,0,0,Collecter des données
bon-plan-amazon-echo-spot-alexa-reveil-connecte-noir-mai-2026,"Bon plan Amazon Echo Spot à 59,99€ (-37%) : réveil connecté Alexa nouvelle génération",bon-plan,2026-05-12,Amazon,Amazon,,0,0,0,0,Collecter des données
bon-plan-amazon-ecoflow-river-2-max-batterie-ventes-flash-printemps-2026,EcoFlow River 2 Max Batterie Portable -42% à 349€ : Ventes Flash Amazon,bon-plan,2026-03-11,Amazon,Amazon,,0,0,0,0,Collecter des données
bon-plan-amazon-electrolux-pure-d8-aspirateur-french-week-mai-2026,"Electrolux Pure D8 Aspirateur traîneau silencieux 57dB à 159,99€ au lieu de 253,49€ (-37%) sur Amazon French Week + code FRENCHWEEK10 -10€",bon-plan,2026-05-05,Amazon,Amazon,,0,0,0,0,Collecter des données
bon-plan-amazon-elizabeth-arden-advanced-ceramide-capsules-french-week-mai-2026,"Elizabeth Arden Advanced Ceramide Capsules : 90 capsules à 46€ au lieu de 109,24€ (-58%) sur Amazon French Week — sérum anti-âge triple effet",bon-plan,2026-05-05,Amazon,Amazon,,0,0,0,0,Collecter des données
bon-plan-amazon-elizabeth-arden-coffret-5th-avenue-french-week-mai-2026,Elizabeth Arden Coffret 5th Avenue 2 pièces (EDP + lait corps) à 48€ au lieu de 64€ (-25%) sur Amazon French Week — magnolia & bergamote,bon-plan,2026-05-05,Amazon,Amazon,,0,0,0,0,Collecter des données
bon-plan-amazon-eugenekelly-17-bouteilles-voyage-silicone-tsa-mai-2026,"Bon plan Amazon : Lot 17 bouteilles de voyage silicone TSA + trousse à 9,11 € (-32%)",bon-plan,2026-05-15,Amazon,Amazon,,0,0,0,0,Collecter des données
bon-plan-amazon-faszin-fer-a-lisser-titanium-ionique-mai-2026,Fer à lisser Faszin titanium ionique 11 températures,beaute,2026-05-13,Amazon,Amazon,,0,0,0,0,Collecter des données
bon-plan-amazon-feandrea-bac-litiere-chat-ferme-maison-toilette-33-euros-2026,"Feandrea Bac à Litière Fermé pour Chat à 33,38€ au lieu de 36,99€ (-10%)",bon-plan,2026-04-03,Amazon,Amazon,,0,0,0,0,Collecter des données
bon-plan-amazon-finish-lave-vaisselle-nettoyant-machine-integral-lot-4-mai-2026,"Bon plan Amazon : Finish Nettoyant Machine Lave-Vaisselle Intégral — lot de 4 × 250 ml à 9,66 € (-30%)",bon-plan,2026-05-14,Amazon,Amazon,,0,0,0,0,Collecter des données
bon-plan-amazon-fire-tv-stick-hd-telecommande-alexa-mai-2026,"Bon plan Amazon : Amazon Fire TV Stick HD — télécommande vocale Alexa, streaming HD, TV gratuite à 28,85 € (-36%)",bon-plan,2026-05-13,Amazon,Amazon,,0,0,0,0,Collecter des données
bon-plan-amazon-fire-tv-stick-hd-ventes-flash-printemps-2026,"Amazon Fire TV Stick HD -40% à 26,99€ : Ventes Flash de Printemps",bon-plan,2026-03-11,Amazon,Amazon,,0,0,0,0,Collecter des données
bon-plan-amazon-foreo-bear-2-body-massage-corps-french-week-2026,Bon plan Amazon : FOREO BEAR 2 body appareil massage corps micro-courant à 187€ (-28%),bon-plan,2026-05-06,Amazon,Amazon,,0,0,0,0,Collecter des données
bon-plan-amazon-foreo-luna-4-balance-set-french-week-mai-2026,"FOREO LUNA 4 Balance Set à 119€ au lieu de 159,90€ (-26%) sur Amazon : brosse visage silicone + Micro-Foam Cleanser 100ml + baume démaquillant 75ml",bon-plan,2026-05-05,Amazon,Amazon,,0,0,0,0,Collecter des données
bon-plan-amazon-foreo-luna-ventes-flash-printemps-2026,Ventes Flash Amazon : FOREO Luna en Promo — La Brosse Nettoyante Visage,bon-plan,2026-03-10,Amazon,Amazon,,0,0,0,0,Collecter des données
bon-plan-amazon-funyet-pc-portable-15-6-pouces-16go-512go-mai-2026,"Bon plan Amazon : FUNYET PC portable 15,6 pouces 2026 — 16 Go RAM, SSD 512 Go, Pentium Gold 4425Y,... à 329,99 € (-73%)",bon-plan,2026-05-13,Amazon,Amazon,,0,0,0,0,Collecter des données
bon-plan-amazon-garnier-vitamine-c-serum-ventes-flash-printemps-2026,Garnier SkinActive Sérum Vitamine C en Promo : Ventes Flash de Printemps Amazon,bon-plan,2026-03-11,Amazon,Amazon,,0,0,0,0,Collecter des données
bon-plan-amazon-garnier-vitamine-c-ventes-flash-printemps-2026,Ventes Flash Amazon : Garnier Vitamine C en Promo — Sérum Éclat Anti-Taches,bon-plan,2026-03-10,Amazon,Amazon,,0,0,0,0,Collecter des données
bon-plan-amazon-ghd-gold-lisseur-ventes-flash-printemps-2026,Ventes Flash Amazon : GHD Gold Styler à prix cassé — Le Lisseur Professionnel,bon-plan,2026-03-10,Amazon,Amazon,,0,0,0,0,Collecter des données
bon-plan-amazon-gillette-labs-body-intimate-tondeuse-i5-corps-zone-intime-mai-2026,"Bon plan Amazon : Gillette Labs Body + Intimate Tondeuse i5 corps & zone intime à 49,90€ (-28%) — coffret 6 accessoires",bon-plan,2026-05-06,Amazon,Amazon,,0,0,0,0,Collecter des données
bon-plan-amazon-gloss-coffret-bain-soin-floral-mai-2026,"Bon plan Amazon : GLOSS ! Coffret Bain Soin & Relaxation parfum floral — présentation originale ba... à 19,00 € (-36%)",bon-plan,2026-05-13,Amazon,Amazon,,0,0,0,0,Collecter des données
bon-plan-amazon-gloss-mallette-maquillage-coffret-femme-mai-2026,"Bon plan Amazon : GLOSS ! Mallette de maquillage palette complète — coffret beauté femme idée cadeau à 19,00 € (-36%)",bon-plan,2026-05-13,Amazon,Amazon,,0,0,0,0,Collecter des données
bon-plan-amazon-gloss-mallette-maquillage-palette-coffret-beaute-mai-2026,"Bon plan Amazon : GLOSS! Mallette Maquillage + Palette complète — idée cadeau à 29,00 € (-32%)",bon-plan,2026-05-15,Amazon,Amazon,,0,0,0,0,Collecter des données
bon-plan-amazon-gourmet-filettines-chat-sauce-60-sachets-mai-2026,"Bon plan Amazon : Gourmet Filettines en Sauce chat — bœuf, poulet, lapin, saumon — 60 × 85 g à 22,62 € (-40%)",bon-plan,2026-05-13,Amazon,Amazon,,0,0,0,0,Collecter des données
bon-plan-amazon-grace-stella-patch-yeux-anti-cernes-48-paires-26-euros-2026,"Grace & Stella Patch Yeux Anti Cernes 48 Paires à 26,55€ au lieu de 59,78€ (-56%)",bon-plan,2026-06-23,Amazon,Amazon,,0,0,0,0,Collecter des données
bon-plan-amazon-granions-chondrosteo-gel-massage-chauffant-7-euros-2026,"Granions Chondrostéo Gel de Massage Chauffant 100ml à 7,09€ (-5%)",bon-plan,2026-04-03,Amazon,Amazon,,0,0,0,0,Collecter des données
bon-plan-amazon-haokoo-brosse-chauffante-ionique-38mm-rose-mai-2026,"Bon plan Amazon : Brosse chauffante ionique Haokoo 38 mm rose à 28,21€ (-49% avec coupon -10%) — lissage, boucles, volume",bon-plan,2026-05-06,Amazon,Amazon,,0,0,0,0,Collecter des données
bon-plan-amazon-haokoo-k9-tire-lait-electrique-mains-libres-mai-2026,"Bon plan Amazon : Tire-lait électrique mains libres Haokoo K9 — 4 modes, 12 niveaux, 5 téterelles à 43,69 € (-43%)",bon-plan,2026-05-13,Amazon,Amazon,,0,0,0,0,Collecter des données
bon-plan-amazon-head-shoulders-derma-xpro-apaise-800ml-french-week-2026,"Bon plan Amazon : Head & Shoulders DermaXPro Apaise 800 ml à 13,13€ (-34% French Week + FRENCHWEEK10)",bon-plan,2026-05-04,Amazon,Amazon,,0,0,0,0,Collecter des données
bon-plan-amazon-head-shoulders-dermaxpro-masque-cuir-chevelu-mai-2026,"Head & Shoulders DermaXPro masque + masseur cuir chevelu à 6,90 €",bon-plan,2026-06-18,Amazon,Amazon,,0,0,0,0,Collecter des données
bon-plan-amazon-herbal-essences-trio-shampoing-apaise-jasmin-mai-2026,"Bon plan Amazon : Trio shampoing Herbal Essences Apaise (cheveux secs, parfum jasmin) à 11,88 € (-34%)",bon-plan,2026-05-15,Amazon,Amazon,,0,0,0,0,Collecter des données
bon-plan-amazon-inia-masque-led-visage-lumiere-rouge-bleue-anti-age-mai-2026,"INIA masque LED visage anti-âge rouge + bleue à 105,29 €",bon-plan,2026-06-05,Amazon,Amazon,,0,0,0,0,Collecter des données
bon-plan-amazon-irobot-roomba-ventes-flash-printemps-2026,Ventes Flash Amazon : iRobot Roomba en Promo — L'Aspirateur Robot Intelligent,bon-plan,2026-03-10,Amazon,Amazon,,0,0,0,0,Collecter des données
bon-plan-amazon-kerastase-elixir-ultime-ventes-flash-printemps-2026,Ventes Flash Amazon : Kérastase Elixir Ultime en Promo — L'Huile Cheveux Luxe,bon-plan,2026-03-10,Amazon,Amazon,,0,0,0,0,Collecter des données
bon-plan-amazon-kindle-paperwhite-ventes-flash-printemps-2026,"Kindle Paperwhite -21% à 134,99€ : Ventes Flash de Printemps Amazon",bon-plan,2026-03-11,Amazon,Amazon,,0,0,0,0,Collecter des données
bon-plan-amazon-king-c-gillette-serum-epaississant-barbe-50ml-mai-2026,"Bon plan Amazon : King C. Gillette sérum épaississant barbe 50 ml à 6,90€ (-31%) — barbe plus fournie en 14 jours",bon-plan,2026-05-06,Amazon,Amazon,,0,0,0,0,Collecter des données
bon-plan-amazon-kleenex-mouchoirs-maxi-pack-family-15-boites-mai-2026,"Bon plan Amazon : Kleenex mouchoirs boîte maxi-pack Family — 15 boîtes × 128 mouchoirs (fabriqué e... à 22,69 € (-39%)",bon-plan,2026-05-13,Amazon,Amazon,,0,0,0,0,Collecter des données
bon-plan-amazon-krups-machine-cafe-ventes-flash-printemps-2026,Krups Machine à Café -21% à 299€ : Ventes Flash de Printemps Amazon,bon-plan,2026-03-11,Amazon,Amazon,,0,0,0,0,Collecter des données
bon-plan-amazon-lefant-m3-max-robot-aspirateur-ventes-flash-printemps-2026,Lefant M3 Max Robot Aspirateur-Laveur -74% à 339€ : Ventes Flash Amazon,bon-plan,2026-03-11,Amazon,Amazon,,0,0,0,0,Collecter des données
bon-plan-amazon-lefant-m3-robot-aspirateur-laveur-12000pa-mai-2026,"Bon plan Amazon : Lefant M3 robot aspirateur laveur 12 000 Pa — station tout-en-un, navigation dTo... à 299,98 € (-70%)",bon-plan,2026-05-13,Amazon,Amazon,,0,0,0,0,Collecter des données
bon-plan-amazon-loreal-paris-serum-nuit-retinol-anti-rides-mai-2026,"Bon plan Amazon : L'Oréal Paris Sérum Nuit Rétinol — anti-rides spécial rides profondes à 9,04 € (-30%)",bon-plan,2026-05-15,Amazon,Amazon,,0,0,0,0,Collecter des données
bon-plan-amazon-loreal-revitalift-filler-serum-ventes-flash-printemps-2026,L'Oréal Revitalift Filler Sérum Acide Hyaluronique -40% : Ventes Flash Amazon,bon-plan,2026-03-11,Amazon,Amazon,,0,0,0,0,Collecter des données
bon-plan-amazon-loreal-revitalift-filler-ventes-flash-printemps-2026,Ventes Flash Amazon : L'Oréal Revitalift Filler en Promo — Sérum Acide Hyaluronique,bon-plan,2026-03-10,Amazon,Amazon,,0,0,0,0,Collecter des données
bon-plan-amazon-lotus-baby-lingettes-peau-nette-pack-12x64-mai-2026,"Bon plan Amazon : Lotus Baby Peau Nette lingettes bébé pack 12×64 (768 lingettes) à 17,64€ (-30%) — 2 cts par lingette",bon-plan,2026-05-06,Amazon,Amazon,,0,0,0,0,Collecter des données
bon-plan-amazon-mauboussin-coffret-in-red-french-week-2026,"Bon plan Amazon : Mauboussin Coffret In Red (EDP 100ml + gel douche + lait corps) à 29,90€ (-36% French Week)",bon-plan,2026-05-04,Amazon,Amazon,,0,0,0,0,Collecter des données
bon-plan-amazon-maxi-cosi-nomad-plus-siege-auto-pliable-french-week-2026,"Bon plan Amazon : Maxi-Cosi Nomad Plus siège auto pliable 15 mois - 4 ans à 99,99€ (-47% prix conseillé + FRENCHWEEK10)",bon-plan,2026-05-04,Amazon,Amazon,,0,0,0,0,Collecter des données
bon-plan-amazon-maxpeedingrods-groupe-electrogene-3500w-895-euros-2026,"maXpeedingrods Groupe Électrogène 3500W GPL/Essence à 854,99€ au lieu de 1 099€ (-22%)",bon-plan,2026-07-07,Amazon,Amazon,,0,0,0,0,Collecter des données
bon-plan-amazon-maybelline-instant-effaceur-correcteur-vert-anti-rougeurs-mai-2026,"Bon plan Amazon : Maybelline Instant Effaceur correcteur de couleur Vert anti-rougeurs à 7,94€ (-31%)",bon-plan,2026-05-06,Amazon,Amazon,,0,0,0,0,Collecter des données
bon-plan-amazon-maybelline-sky-high-mascara-ventes-flash-printemps-2026,Maybelline Sky High Mascara -60% : Ventes Flash de Printemps Amazon,bon-plan,2026-03-11,Amazon,Amazon,,0,0,0,0,Collecter des données
bon-plan-amazon-maybelline-sky-high-ventes-flash-printemps-2026,Ventes Flash Amazon : Maybelline Lash Sensational Sky High en Promo — Le Mascara Viral,bon-plan,2026-03-10,Amazon,Amazon,,0,0,0,0,Collecter des données
bon-plan-amazon-maybelline-superstay-fond-de-teint-ventes-flash-printemps-2026,Maybelline SuperStay Fond de Teint 24h en Promo : Ventes Flash Amazon,bon-plan,2026-03-11,Amazon,Amazon,,0,0,0,0,Collecter des données
bon-plan-amazon-medicube-masque-nuit-wrapping-collagene-mai-2026,"Test & avis Medicube Collagen Night Wrapping : le masque nuit K-beauty à 4,3/5 sur 1 689 avis",test-avis,2026-07-26,Amazon,Amazon,,0,0,0,0,Collecter des données
bon-plan-amazon-melvita-argan-bio-active-creme-jour-french-week-mai-2026,"Melvita Argan Bio Active Crème de jour 50ml à 25,84€ au lieu de 53,75€ (-52%) sur Amazon French Week + code FRENCHWEEK10 -10€ dès 50€",bon-plan,2026-05-05,Amazon,Amazon,,0,0,0,0,Collecter des données
bon-plan-amazon-midea-climatiseur-mobile-silencieux-9000-btu-4-en-1-mai-2026,MIDEA climatiseur mobile 9000 BTU 4-en-1 : avis et prix,bon-plan,2026-07-27,Amazon,Amazon,,0,0,0,0,Collecter des données
bon-plan-amazon-minifire-ecran-pc-gamer-incurve-24-pouces-160hz-88-euros-2026,"Minifire Écran PC Gamer Incurvé 24 Pouces 160Hz à 88,34€ (-5%)",bon-plan,2026-04-03,Amazon,Amazon,,0,0,0,0,Collecter des données
bon-plan-amazon-monoprix-60-euros-offerts-code-monoprix60-2026,Amazon x Monoprix : 60€ Offerts sur vos 3 Premières Commandes (Code MONOPRIX60),bon-plan,2026-03-19,Amazon,Amazon,,0,0,0,0,Collecter des données
bon-plan-amazon-mr-propre-nettoyant-sol-fleurs-pommier-6x1l-french-week-2026,"Bon plan Amazon : Mr. Propre Nettoyant Sol Multi-Usages 6×1L à 13,60€ (-27% French Week + FRENCHWEEK10)",bon-plan,2026-05-04,Amazon,Amazon,,0,0,0,0,Collecter des données
bon-plan-amazon-my-crochet-doll-livre-50-patrons-mai-2026,"Bon plan Amazon : My Crochet Doll — livre 50 patrons poupée crochet + vêtements et accessoires (anglais) à 2,28 €",bon-plan,2026-05-13,Amazon,Amazon,,0,0,0,0,Collecter des données
bon-plan-amazon-natural-elements-magnesium-bisglycinate-180-gelules-15-euros-2026,"Natural Elements Magnésium Bisglycinate 180 Gélules à 14,52€ au lieu de 23,99€ (-39%)",bon-plan,2026-04-03,Amazon,Amazon,,0,0,0,0,Collecter des données
bon-plan-amazon-nespresso-vertuo-ventes-flash-printemps-2026,Ventes Flash Amazon : Nespresso Vertuo en Promo — La Machine à Café Nouvelle Génération,bon-plan,2026-03-10,Amazon,Amazon,,0,0,0,0,Collecter des données
bon-plan-amazon-ninja-air-fryer-ventes-flash-printemps-2026,Ventes Flash Amazon : Ninja Air Fryer en Promo — La Friteuse Sans Huile,bon-plan,2026-03-10,Amazon,Amazon,,0,0,0,0,Collecter des données
bon-plan-amazon-ninja-foodi-flexdrawer-air-fryer-ventes-flash-printemps-2026,Ninja Foodi FlexDrawer Air Fryer -36% à 179€ : Ventes Flash Amazon,bon-plan,2026-03-11,Amazon,Amazon,,0,0,0,0,Collecter des données
bon-plan-amazon-nivea-derma-skin-clear-fluide-anti-uv-spf50-mai-2026,"Bon plan Amazon : NIVEA Derma Skin Clear Soin Visage Fluide Anti-UV FPS50+ matifiant à 10,12 € (-51%)",bon-plan,2026-07-02,Amazon,Amazon,,0,0,0,0,Collecter des données
bon-plan-amazon-nivea-lait-corps-aloe-vera-72h-400ml-mai-2026,"Bon plan Amazon : NIVEA Lait Corps Aloe Vera Hydratation 72h (400 ml) à 5,49 € (-37%)",bon-plan,2026-07-07,Amazon,Amazon,,0,0,0,0,Collecter des données
bon-plan-amazon-nivea-luminous-630-serum-ventes-flash-printemps-2026,Nivea Luminous 630 Sérum Correcteur de Taches en Promo : Ventes Flash Amazon,bon-plan,2026-03-11,Amazon,Amazon,,0,0,0,0,Collecter des données
bon-plan-amazon-nivea-men-gel-douche-sensitive-bambou-lot-6-mai-2026,"Bon plan Amazon : NIVEA MEN Gel Douche Sensitive lot 6×250 ml à 12,11 € (-30%)",bon-plan,2026-05-15,Amazon,Amazon,,0,0,0,0,Collecter des données
bon-plan-amazon-nivea-promotions-solaire-luminous-2026,"Promos NIVEA sur Amazon : Jusqu'à -36% sur Solaire, Luminous 630, Q10",bon-plan,2026-03-11,Amazon,Amazon,,0,0,0,0,Collecter des données
bon-plan-amazon-nuk-mini-magic-cup-tasse-apprentissage-antifuite-mai-2026,"Bon plan Amazon : NUK Mini Magic Cup — tasse d'apprentissage 6+ mois antifuite 360° à 14,69 € (-30%)",bon-plan,2026-07-07,Amazon,Amazon,,0,0,0,0,Collecter des données
bon-plan-amazon-nyx-fat-oil-lip-drip-ventes-flash-printemps-2026,NYX Fat Oil Lip Drip en Promo : Ventes Flash de Printemps Amazon,bon-plan,2026-03-11,Amazon,Amazon,,0,0,0,0,Collecter des données
bon-plan-amazon-offres-duree-limitee-animaux-chien-chat-mars-2026,Amazon : 6 Offres a Duree Limitee pour Chiens et Chats (jusqu'a -11%),bon-plan,2026-03-25,Amazon,Amazon,,0,0,0,0,Collecter des données
bon-plan-amazon-offres-duree-limitee-beaute-coiffure-mars-2026,Amazon : 6 Offres a Duree Limitee Beaute et Coiffure (jusqu'a -19%),bon-plan,2026-03-25,Amazon,Amazon,,0,0,0,0,Collecter des données
bon-plan-amazon-offres-duree-limitee-bebe-puericulture-mars-2026,Amazon : 6 Offres a Duree Limitee Bebe et Puericulture (jusqu'a -20%),bon-plan,2026-03-25,Amazon,Amazon,,0,0,0,0,Collecter des données
bon-plan-amazon-olaplex-no3-soin-reparateur-ventes-flash-printemps-2026,Olaplex N°3 Hair Perfector en Promo : Ventes Flash de Printemps Amazon,bon-plan,2026-03-11,Amazon,Amazon,,0,0,0,0,Collecter des données
bon-plan-amazon-omo-lessive-mangue-fleurs-iles-210-lavages-french-week-2026,"Bon plan Amazon : OMO Lessive Mangue d'Évasion 210 lavages (lot 5×42) à 33,08€ (-35% French Week + FRENCHWEEK10)",bon-plan,2026-05-04,Amazon,Amazon,,0,0,0,0,Collecter des données
bon-plan-amazon-oral-b-io-ventes-flash-printemps-2026,Ventes Flash Amazon : Oral-B iO Series à prix cassé — Brosse à Dents Électrique,bon-plan,2026-03-10,Amazon,Amazon,,0,0,0,0,Collecter des données
bon-plan-amazon-outsunny-balancelle-jardin-3-places-mai-2026,"Outsunny Balancelle de Jardin 3 Places à 71,90€ au lieu de 103,90€ (-31%) sur Amazon : toit inclinable + coussins assise et dossier (charge max 200 kg)",bon-plan,2026-05-05,Amazon,Amazon,,0,0,0,0,Collecter des données
bon-plan-amazon-pantene-lift-volume-shampoing-1l-biotine-french-week-2026,"Bon plan Amazon : Pantene Lift & Volume Shampoing Épaississant Biotine 1L à 11,88€ (-34% French Week + FRENCHWEEK10)",bon-plan,2026-05-04,Amazon,Amazon,,0,0,0,0,Collecter des données
bon-plan-amazon-persil-lessive-peaux-sensibles-43-lavages-mai-2026,"Bon plan Amazon : Persil Lessive Peaux Sensibles 43 lavages à 5,74€ (-34%) — 13 cts/lavage",bon-plan,2026-05-06,Amazon,Amazon,,0,0,0,0,Collecter des données
bon-plan-amazon-petkit-distributeur-croquettes-chat-camera-1080p-mai-2026,"Bon plan Amazon : PETKIT distributeur automatique croquettes chat avec caméra HD 1080P à 113,61€ (-33% avec coupon -8%)",bon-plan,2026-05-06,Amazon,Amazon,,0,0,0,0,Collecter des données
bon-plan-amazon-philips-lumea-ipl-ventes-flash-printemps-2026,Ventes Flash Amazon : Philips Lumea IPL à prix cassé — Épilation Lumière Pulsée,bon-plan,2026-03-10,Amazon,Amazon,,0,0,0,0,Collecter des données
bon-plan-amazon-philips-multigroom-serie-7000-tondeuse-19-accessoires-mai-2026,"Bon plan Amazon : Philips Multigroom série 7000 tondeuse tout-en-un — 19 accessoires, MG7962/30 à 64,99 € (-35%)",bon-plan,2026-05-13,Amazon,Amazon,,0,0,0,0,Collecter des données
bon-plan-amazon-philips-sonicare-for-kids-brosse-dents-electrique-mai-2026,"Bon plan Amazon : Philips Sonicare for Kids — brosse à dents électrique sonique connectée à 34,99 € (-30%)",bon-plan,2026-05-15,Amazon,Amazon,,0,0,0,0,Collecter des données
bon-plan-amazon-philips-sonicare-ventes-flash-printemps-2026,Ventes Flash Amazon : Philips Sonicare en Promo — La Brosse à Dents Électrique,bon-plan,2026-03-10,Amazon,Amazon,,0,0,0,0,Collecter des données
bon-plan-amazon-puma-chaussettes-enfant-recycled-cotton-23-26-mai-2026,"Bon plan Amazon : PUMA Chaussettes Mixte Enfant Quarter Recycled Cotton (23-26 EU) à 6,79 € (-55%)",bon-plan,2026-05-15,Amazon,Amazon,,0,0,0,0,Collecter des données
bon-plan-amazon-rabb-1st-reducteur-toilette-enfant-2en1-35-euros-2026,"RABB 1ST Réducteur Toilette Enfant 2 en 1 à 35,14€ (-5%)",bon-plan,2026-04-03,Amazon,Amazon,,0,0,0,0,Collecter des données
bon-plan-amazon-remington-proluxe-boucleur-cheveux-french-week-mai-2026,"Remington PROluxe Boucleur 4en1 CI91AW à 32,99€ au lieu de 48,49€ (-32%) sur Amazon French Week + code FRENCHWEEK10 -10€ dès 50€",bon-plan,2026-05-05,Amazon,Amazon,,0,0,0,0,Collecter des données
bon-plan-amazon-revlon-uniqone-ventes-flash-printemps-2026,Ventes Flash Amazon : Revlon UniqOne en Promo — Le Spray 10 Bienfaits en 1,bon-plan,2026-03-10,Amazon,Amazon,,0,0,0,0,Collecter des données
bon-plan-amazon-roger-gallet-baume-levres-sublimateur-rose-mai-2026,"Bon plan Amazon : Roger&Gallet Baume Lèvres Sublimateur Rose — soin nourrissant & brillant naturel à 5,00 € (-41%)",bon-plan,2026-05-13,Amazon,Amazon,,0,0,0,0,Collecter des données
bon-plan-amazon-salking-diffuseur-huile-essentielle-500ml-31-euros-2026,"SALKING Diffuseur d'Huile Essentielle 500ml à 31,34€ au lieu de 35,99€ (-13%)",bon-plan,2026-04-03,Amazon,Amazon,,0,0,0,0,Collecter des données
bon-plan-amazon-samsung-galaxy-buds-ventes-flash-printemps-2026,Ventes Flash Amazon : Samsung Galaxy Buds en Promo — Les Écouteurs Sans Fil,bon-plan,2026-03-10,Amazon,Amazon,,0,0,0,0,Collecter des données
bon-plan-amazon-samsung-galaxy-watch-ultra-french-week-mai-2026,"Samsung Galaxy Watch Ultra 47mm 4G à 499,99€ au lieu de 699,95€ (-29%) sur Amazon French Week + code FRENCHWEEK10 -10€ supp",bon-plan,2026-05-05,Amazon,Amazon,,0,0,0,0,Collecter des données
bon-plan-amazon-semilac-uv-vernis-ongle-nude-6-50-euros-2026,"Semilac UV Vernis à Ongle Just Nude 7ml à 6,50€ au lieu de 10,99€ (-41%)",bon-plan,2026-07-07,Amazon,Amazon,,0,0,0,0,Collecter des données
bon-plan-amazon-signal-white-now-dentifrice-blancheur-lot-3-8-euros-2026,"Signal White Now Lot de 3 Dentifrices Blancheur à 7,78€ au lieu de 12,72€ (-39%)",bon-plan,2026-04-03,Amazon,Amazon,,0,0,0,0,Collecter des données
bon-plan-amazon-skyn-elite-preservatifs-sans-latex-lot-20-mai-2026,"Bon plan Amazon : Skyn Elite préservatifs sans latex ultra-fins (lot de 20) à 11,29€ (-40%) — 0,56€ pièce",bon-plan,2026-05-06,Amazon,Amazon,,0,0,0,0,Collecter des données
bon-plan-amazon-sodastream-terra-machine-eau-petillante-mai-2026,"Bon plan Amazon : Sodastream Terra — machine à eau pétillante Quick Connect, cylindre 60L + 3 bout... à 69,99 € (-39%)",bon-plan,2026-05-13,Amazon,Amazon,,0,0,0,0,Collecter des données
bon-plan-amazon-sony-wh-1000xm5-ventes-flash-printemps-2026,Ventes Flash Amazon : Sony WH-1000XM5 en Promo — Le Casque Audio Référence,bon-plan,2026-03-10,Amazon,Amazon,,0,0,0,0,Collecter des données
bon-plan-amazon-st-marc-lingettes-desinfectantes-eucalyptus-672-mai-2026,"Bon plan Amazon : Lot de 672 lingettes désinfectantes St Marc Eucalyptus à 25,66€ (-30%) — 0,04€ la lingette",bon-plan,2026-05-06,Amazon,Amazon,,0,0,0,0,Collecter des données
bon-plan-amazon-stiga-tornado-398m-tracteur-tondeuse-autoportee-1599-euros-2026,STIGA Tornado 398 M Tracteur Tondeuse à 1 599€ au lieu de 1 899€ (-16%),bon-plan,2026-04-03,Amazon,Amazon,,0,0,0,0,Collecter des données
bon-plan-amazon-supstable-kit-jardin-6-en-1-mai-2026,"Supstable Kit de Jardin 6-en-1 sans fil à 149,99€ au lieu de 199,99€ (-25%) sur Amazon : mini-tronçonneuse + taille-haie + élagueuse télescopique 4,57m",bon-plan,2026-07-07,Amazon,Amazon,,0,0,0,0,Collecter des données
bon-plan-amazon-tablette-android-10-pouces-14go-128go-mai-2026,"Bon plan Amazon : Tablette Android 10 pouces — 14 Go RAM + 128 Go (extensible 2 To), Octa-core, 5G... à 79,99 € (-73%)",bon-plan,2026-05-13,Amazon,Amazon,,0,0,0,0,Collecter des données
bon-plan-amazon-taktark-babyphone-camera-720p-34-euros-2026,"TakTark Babyphone Caméra 2,8 Pouces 720p à 34,28€ au lieu de 69,99€ (-51%)",bon-plan,2026-04-03,Amazon,Amazon,,0,0,0,0,Collecter des données
bon-plan-amazon-tefal-ingenio-emotion-batterie-cuisine-20-pieces-french-week-2026,"Bon plan Amazon : Tefal Ingenio Emotion batterie cuisine 20 pièces inox induction à 129,99€ (-43% prix conseillé + FRENCHWEEK10)",bon-plan,2026-05-04,Amazon,Amazon,,0,0,0,0,Collecter des données
bon-plan-amazon-tefal-ingenio-serenity-batterie-cuisine-11-pieces-french-week-2026,"Bon plan Amazon : Tefal Ingenio Serenity batterie cuisine 11 pièces induction à 99,99€ (-29% French Week + FRENCHWEEK10)",bon-plan,2026-05-04,Amazon,Amazon,,0,0,0,0,Collecter des données
bon-plan-amazon-tefal-ingenio-ventes-flash-printemps-2026,Ventes Flash Amazon : Tefal Ingenio en Promo — Les Poêles à Poignée Amovible,bon-plan,2026-03-10,Amazon,Amazon,,0,0,0,0,Collecter des données
bon-plan-amazon-thrustmaster-simtask-farmstick-joystick-farming-simulator-69-euros-2026,"Thrustmaster SimTask FarmStick Joystick Farming Simulator à 69,99€ au lieu de 119,99€ (-42%)",bon-plan,2026-04-03,Amazon,Amazon,,0,0,0,0,Collecter des données
bon-plan-amazon-tillvex-hamac-chaise-suspendu-2-coussins-french-week-2026,"Bon plan Amazon : tillvex Hamac Chaise Suspendu + 2 coussins à 33,05€ (-29% French Week)",bon-plan,2026-05-04,Amazon,Amazon,,0,0,0,0,Collecter des données
bon-plan-amazon-tzs-first-austria-mini-four-45l-2000w-french-week-2026,"Bon plan Amazon : Mini-Four TZS First Austria 45L 2000W avec tournebroche à 104,95€ (-30% French Week)",bon-plan,2026-05-04,Amazon,Amazon,,0,0,0,0,Collecter des données
bon-plan-amazon-vevor-scie-beton-electrique-230mm-2000w-mai-2026,"Bon plan Amazon : VEVOR Scie à béton électrique 230 mm 2000W à 78,99€ (-48% vs prix conseillé) — coupe humide/sec",bon-plan,2026-05-06,Amazon,Amazon,,0,0,0,0,Collecter des données
bon-plan-amazon-vexilar-cleanova-x7-aspirateur-laveur-sans-fil-170-euros-2026,"Vexilar Cleanova X7 Aspirateur Laveur Sans Fil à 169,99€ au lieu de 299,99€ (-43%)",bon-plan,2026-04-03,Amazon,Amazon,,0,0,0,0,Collecter des données
bon-plan-amazon-wella-professionals-fusion-shampoing-1l-french-week-2026,"Bon plan Amazon : Wella Professionals FUSION Shampoing Réparation Intense 1L à 17,42€ (-41% French Week + FRENCHWEEK10)",bon-plan,2026-05-04,Amazon,Amazon,,0,0,0,0,Collecter des données
bon-plan-amazon-yankee-candle-diffuseur-batonnets-ambre-bois-santal-mai-2026,"Bon plan Amazon : Yankee Candle Diffuseur Ambre & Bois de Santal à 15,99 € (-60%)",bon-plan,2026-05-15,Amazon,Amazon,,0,0,0,0,Collecter des données
bon-plan-aoowu-coupe-ongle-electrique-2-en-1-amazon-2026,"Bon plan Amazon : AOOWU coupe-ongles électrique 2-en-1 à 15,29€ (-41%) au lieu de 26,02€",bon-plan,2026-04-30,Amazon,Amazon,,0,0,0,0,Collecter des données
bon-plan-asics-code-promo-10-pourcent-supplementaire-private-sport-shop-2026,ASICS : Code Promo -10% Supplementaire sur Private Sport Shop,bon-plan,2026-03-30,TimeOne / Public Idées,tracking.publicidees.com,,0,0,0,0,Collecter des données
bon-plan-asonine-epilateur-ipl-lumiere-pulsee-or-rose-amazon-2026,"Épilateur IPL 21J à 68,58 € : la lumière pulsée à domicile à moitié prix vs Philips",bon-plan,2026-07-25,Amazon,Amazon,,0,0,0,0,Collecter des données
bon-plan-aspirateur-laveur-sans-fil-amazon-comparatif-2026,Bon Plan Aspirateur Laveur Sans Fil : Comparatif des 8 Meilleurs sur Amazon dès 239€,bon-plan,2026-03-07,Amazon,Amazon,,0,0,0,0,Collecter des données
bon-plan-assassins-creed-shadows-limited-edition-ps5-amazon-2026,"Assassin's Creed Shadows Limited Edition PS5 a 29,99E (-40%)",bon-plan,2026-03-26,Amazon,Amazon,,0,0,0,0,Collecter des données
bon-plan-atera-strada-sport-3-porte-velos-attelage-amazon-2026,"Bon plan Atera Strada Sport 3 Porte-vélos d'attelage 3 vélos (compatible E-Bike) à 397,09€ sur Amazon (-25%)",bon-plan,2026-05-11,Amazon,Amazon,,0,0,0,0,Collecter des données
bon-plan-athena-offre-printemps-jusqu-a-60-pourcent,"Athena : jusqu'à -60% sur les sous-vêtements homme, femme et enfant",bon-plan,2026-03-20,Direct / autre,athenashop.fr,,0,0,0,0,Collecter des données
bon-plan-babyliss-seche-cheveux-rose-gold-34-euros-au-lieu-de-65,"BaByliss Sèche-Cheveux Rose Gold 5336PE à 34,99 € (-46%)",bon-plan,2026-06-09,Amazon,Amazon,,0,0,0,0,Collecter des données
bon-plan-babyliss-titanium-shine-d6200de-seche-cheveux-amazon-2026,"Bon plan Amazon : BaByliss Titanium Shine sèche-cheveux 1600W à 49,99€ (-50%) au lieu de 99,90€",bon-plan,2026-04-30,Amazon,Amazon,,0,0,0,0,Collecter des données
bon-plan-banila-co-clean-it-zero-yesstyle-2026,Bon Plan YesStyle : Banila Co Clean It Zero à ~14€ — Le Démaquillant Culte Coréen,bon-plan,2026-03-10,YesStyle,YesStyle,,0,0,0,0,Collecter des données
bon-plan-beaute-numbuzin-rose-pdrn-collagen-2x-plumping-serum-avis-2026,Numbuzin No.2 Rose PDRN Collagen 2X Plumping Serum,beaute,2026-03-24,YesStyle,YesStyle,,0,0,0,0,Collecter des données
bon-plan-beauty-success-calvin-klein-euphoria-elixir-30-pourcent-soins-25-pourcent-2026,Beauty Success : -30% sur les Nouveautes Calvin Klein Euphoria Elixir + -25% sur les Soins Corps,bon-plan,2026-03-30,Direct / autre,fnty.co,,0,0,0,0,Collecter des données
bon-plan-bebeboutik-80-pourcent-800-marques-bebe-enfant-mars-2026,Bon Plan Bebeboutik : Jusqu'à -80% sur 800 Marques Bébé et Enfant — Ventes Privées du Jour,bon-plan,2026-03-18,TimeOne / Public Idées,a.time1.me,,0,0,0,0,Collecter des données
bon-plan-bebeboutik-biolane-joie-ventes-privees-mars-2026,Bebeboutik : Ventes Privees Biolane et Joie avec Livraison Offerte,bon-plan,2026-03-26,TimeOne / Public Idées,a.time1.me,,0,0,0,0,Collecter des données
bon-plan-bebeboutik-top-ventes-puericulture-mai-2026,"Bebeboutik ventes privées puériculture jusqu'à -25% (Babybio, Nosiboo, Mustela, Squitos)",bon-plan,2026-07-21,TimeOne / Public Idées,a.time1.me,,0,0,0,0,Collecter des données
bon-plan-bebeboutik-ventes-privees-bebe-mars-2026,"Bebeboutik : Ventes Privees Bebe jusqu'a -70% (Philips Avent, Joie, Good Gout...)",bon-plan,2026-03-24,TimeOne / Public Idées,a.time1.me,,0,0,0,0,Collecter des données
bon-plan-bestway-piscine-rectangulaire-15232-litres-amazon-2026,"Bon plan piscine Bestway 4,27 × 1,22 m (15 232 L) à 349,99€ sur Amazon (-30% vs 499,99€)",bon-plan,2026-05-08,Amazon,Amazon,,0,0,0,0,Collecter des données
bon-plan-biolane-couches-soins-bebe-jusqu-a-28-pourcent-bebeboutik-2026,"Biolane : Jusqu'a -28% sur les Couches, Soins & Lingettes Bebe sur Bebeboutik",bon-plan,2026-03-30,TimeOne / Public Idées,a.time1.me,,0,0,0,0,Collecter des données
bon-plan-biotherm-deo-pure-roll-on-48h-amazon-2026,"Bon plan Biotherm Deo Pure Roll-On 48H à 10,89€ sur Amazon (-50%)",bon-plan,2026-07-07,Amazon,Amazon,,0,0,0,0,Collecter des données
bon-plan-biotyfull-box-9-euros-45-produits-987-euros-journee-femme,"Biotyfull Box : 9,75 € pour 45 produits bio (valeur 987 €)",box-beaute,2026-03-08,Affilae,c3po.link,,0,0,0,0,Collecter des données
bon-plan-biotyfull-box-collection-miraculeuse-anti-rides-2026,"Biotyfull Box Collection Miraculeuse Anti-Rides : 15,90 € (140 €)",box-beaute,2026-03-19,Direct / autre,page.biotyfullbox.fr,,0,0,0,0,Collecter des données
bon-plan-biotyfull-box-fete-des-meres-3-box-19-90-euros-mai-2026,"Biotyfull Box Fête des Mères : 4 offres dès 9,90 €",box-beaute,2026-05-06,Direct / autre,lk.gt,,0,0,0,0,Collecter des données
bon-plan-bledina-offres-du-mois-mars-2026,Bon Plan Blédina : Jusqu'à -30% sur les Offres du Mois — Blédichef -20%,bon-plan,2026-03-10,Direct / autre,bledina.com,,0,0,0,0,Collecter des données
bon-plan-blink-mini-pan-tilt-camera-surveillance-amazon-2026,"Bon plan Amazon : Blink Mini Pan-Tilt caméra surveillance rotative à 19,99€ (-50%) au lieu de 39,99€",bon-plan,2026-05-01,Amazon,Amazon,,0,0,0,0,Collecter des données
bon-plan-blissim-100-pourcent-makeup-trousse-8-essentiels-edition-limitee-fete-des-meres-mai-2026,"Trousse Blissim 100% Make-up à 21,60 € (-40%, 137 €)",box-beaute,2026-06-24,Awin,tidd.ly,,0,0,0,0,Collecter des données
bon-plan-blissim-box-beaute-17-euros-81-euros-produits-mars-2026,"Blissim Spring Boost à 17,90 € (valeur 81 €) + Gloss Tarte offert",box-beaute,2026-03-08,Awin,tidd.ly,,0,0,0,0,Collecter des données
bon-plan-blissim-korres-30-pourcent-duo-secrets-loly-offert-2026,Blissim : -30% sur Korres + Duo Secrets de Loly Offert des 39 euros (Code DUOCHEVEUX),bon-plan,2026-03-30,Awin,tidd.ly,,0,0,0,0,Collecter des données
bon-plan-blissim-splendist-ete-edition-limitee-59-90-euros-mai-2026,"Blissim Splendist Été : 12 essentiels à 59,90 € (au lieu 241 €)",box-beaute,2026-05-13,Awin,tidd.ly,,0,0,0,0,Collecter des données
bon-plan-bosch-air-fryer-serie-6-xxl-72l-amazon-2026,"Bon plan Amazon : Bosch Air Fryer Série 6 XXL 7,2L à 96,32€ (-40%) au lieu de 159,99€",bon-plan,2026-04-30,Amazon,Amazon,,0,0,0,0,Collecter des données
bon-plan-bosch-tassimo-happy-tas102ea-amazon-2026,"Bon plan Amazon : Bosch Tassimo Happy à 36,78€ (-57%) au lieu de 84,99€",bon-plan,2026-05-06,Amazon,Amazon,,0,0,0,0,Collecter des données
bon-plan-bose-soundlink-max-bleu-crepuscule-amazon-2026,"Bon plan Amazon : Bose Soundlink Max enceinte Bluetooth à 299,95€ (-25%) au lieu de 399,95€",bon-plan,2026-04-29,Amazon,Amazon,,0,0,0,0,Collecter des données
bon-plan-bougies-parfumees-amazon-coffrets-partir-5-euros-2026,"Bon Plan Bougies Parfumées : Les Meilleures Bougies Non Toxiques sur Amazon dès 5,15€",bon-plan,2026-03-07,Amazon,Amazon,,0,0,0,0,Collecter des données
bon-plan-box-magicmaman-maman-et-moi-cadeau-naissance-2026,"Box Magicmaman Maman et Moi : le Cadeau de Naissance Ideal a 32,90€",bon-plan,2026-03-28,Direct / autre,fnty.co,,0,0,0,0,Collecter des données
bon-plan-braun-as42-brosse-soufflante-iontec-amazon-2026,"Bon plan brosse soufflante Braun AS4.2 IONTEC à 39,99€ sur Amazon (-28%)",bon-plan,2026-05-07,Amazon,Amazon,,0,0,0,0,Collecter des données
bon-plan-braun-facespa-pro-se921-epilateur-visage-amazon-2026,"Bon plan Amazon : Braun FaceSpa Pro SE921 épilateur visage 3-en-1 à 89,99€ (-30%) au lieu de 128,43€",bon-plan,2026-05-01,Amazon,Amazon,,0,0,0,0,Collecter des données
bon-plan-braun-series-7-mgk7410-tondeuse-10-en-1-amazon-2026,"Bon plan Amazon : Braun Series 7 MGK7410 tondeuse 10-en-1 + Gillette à 54,99€ (-50%) au lieu de 110€",bon-plan,2026-04-30,Amazon,Amazon,,0,0,0,0,Collecter des données
bon-plan-braun-series-7-tondeuse-12-en-1-59-99-euros-amazon-2026,"Braun Series 7 Tondeuse 12-en-1 a 59,99 euros sur Amazon (-22%)",bon-plan,2026-06-30,Amazon,Amazon,,0,0,0,0,Collecter des données
bon-plan-brother-cx70pes-machine-coudre-70-points-219-euros-amazon-2026,"Brother CX70PES : Machine a Coudre Electronique 70 Points a 219,99 euros (-12%)",bon-plan,2026-03-31,Amazon,Amazon,,0,0,0,0,Collecter des données
bon-plan-bzb-bizzbee-programme-fidelite-pass-2026,"BZB Pass : Programme de Fidélité Gratuit — Bons d'Achat, -25% et Loteries",bon-plan,2026-03-09,Direct / autre,b-z-b.com,,0,0,0,0,Collecter des données
bon-plan-c-monetiquette-etiquettes-enfants-10-pourcent-2026,Bon Plan C-MonEtiquette : Étiquettes Personnalisées Enfants -10% + Livraison Gratuite dès 9€,bon-plan,2026-03-08,Direct / autre,lk.gt,,0,0,0,0,Collecter des données
bon-plan-cajoline-adoucissant-fleur-passion-bergamote-396-lavages-amazon-2026,"Bon plan Cajoline Adoucissant Fleur de la Passion & Bergamote 396 lavages à 23,56€ sur Amazon (-34%)",bon-plan,2026-05-10,Amazon,Amazon,,0,0,0,0,Collecter des données
bon-plan-carte-noire-cafe-25-pourcent-livraison-gratuite-2026,Bon Plan Carte Noire : Café Premium -25% + Livraison Gratuite + 20€ Offerts dès 79€,bon-plan,2026-03-08,Awin,tidd.ly,,0,0,0,0,Collecter des données
bon-plan-carte-noire-lavazza-cafe-jusqu-a-35-pourcent-livraison-offerte-2026,Carte Noire & Lavazza : Jusqu'a -35% sur le Cafe + Livraison Offerte — Printemps en Folie,bon-plan,2026-03-30,Direct / autre,lk.gt,,0,0,0,0,Collecter des données
bon-plan-cartouche-vide-recyclage-argent-imprimante-2026,Bon Plan : Recyclez vos Cartouches d'Encre Vides et Gagnez de l'Argent,bon-plan,2026-03-02,Direct / autre,cartouche-vide.fr,,0,0,0,0,Collecter des données
bon-plan-casting-kiabi-shooting-photo-shopping-2026,Casting Kiabi 2026 : Devenez Égérie — Shooting Photo + 1 An de Shopping (2 250€),bon-plan,2026-03-09,Direct / autre,casting.kiabi.com,,0,0,0,0,Collecter des données
bon-plan-cdiscount-alertes-codes-promo-mars-2026,Cdiscount Ventes à Perte : jusqu'à -60 % de démarque,code-promo,2026-07-08,Awin,tidd.ly,,0,0,0,0,Collecter des données
bon-plan-cdiscount-iphone-14-reconditionne-273-euros-2026,"iPhone 14 128 Go Reconditionné à 273,99€ sur Cdiscount (Top Vente)",bon-plan,2026-03-11,Awin,tidd.ly,,0,0,0,0,Collecter des données
bon-plan-cecotec-twinbucket-papier-air-fryer-150-amazon-2026,"Bon plan Amazon : 150 papiers Cecotec TwinBucket pour friteuse à air chaud à 4,90€ (-62%)",bon-plan,2026-04-28,Amazon,Amazon,,0,0,0,0,Collecter des données
bon-plan-chaussettes-gratuites-chiens-guides-aveugles-2026,Chaussettes Gratuites Les Chiens Guides d'Aveugles — 1 Paire Offerte,bon-plan,2026-03-09,Direct / autre,jeveuxmeschaussettes.fr,,0,0,0,0,Collecter des données
bon-plan-chicco-sandales-bebe-scratch-amazon-2026,"Bon plan Chicco sandales bébé scratch à 14,35€ sur Amazon (-43% vs 25,18€, -59% vs prix conseillé)",bon-plan,2026-05-08,Amazon,Amazon,,0,0,0,0,Collecter des données
bon-plan-chicco-sandales-fille-scratch-amazon-2026,"Bon plan Chicco sandales fille scratch à 17,89€ sur Amazon (-38% Blanc Nacré, -26% Rose à Paillettes)",bon-plan,2026-07-13,Amazon,Amazon,,0,0,0,0,Collecter des données
bon-plan-cicabiafine-douche-creme-anti-irritations-lot-2-amazon-2026,"Cicabiafine douche crème anti-irritations lot 2× 1L à 17,58€ (-29%) au lieu de 24,80€",bon-plan,2026-07-21,Amazon,Amazon,,0,0,0,0,Collecter des données
bon-plan-clinique-even-better-clinical-fond-de-teint-vitamine-spf50-amazon-2026,"Bon plan Amazon : Clinique Even Better Clinical fond de teint SPF 50 à 29,28€ (-48%) au lieu de 56,50€",bon-plan,2026-07-07,Amazon,Amazon,,0,0,0,0,Collecter des données
bon-plan-coffret-parfum-femme-6x35ml-mini-cremes-mains-amazon-2026,Bon plan coffret parfum femme 6×35 ml + 6 mini crèmes mains sur Amazon — idéal Fête des Mères,bon-plan,2026-05-07,Amazon,Amazon,,0,0,0,0,Collecter des données
bon-plan-comfee-lave-linge-10kg-classe-a-349-euros-amazon-2026,"COMFEE' Lave-Linge 10 kg Classe A a 349,99 euros sur Amazon (-10%)",bon-plan,2026-03-31,Amazon,Amazon,,0,0,0,0,Collecter des données
bon-plan-conforama-jusqu-a-100-pourcent-rembourses-carte-confo-plus-mai-juin-2026,Conforama : jusqu'à 100% remboursés avec la carte Confo+ (du 19 mai au 8 juin 2026),bon-plan,2026-05-22,Direct / autre,conforama.fr,,0,0,0,0,Collecter des données
bon-plan-consobaby-tests-produits-gratuits-bebe-2026,ConsoBaby : testez gratuitement des produits bébé à garder,test-gratuit,2026-03-09,Direct / autre,consobaby.com,,0,0,0,0,Collecter des données
bon-plan-converse-jusqu-a-59-pourcent-private-sport-shop-2026,Converse : Jusqu'a -59% sur Private Sport Shop jusqu'au 5 Avril,bon-plan,2026-03-30,TimeOne / Public Idées,tracking.publicidees.com,,0,0,0,0,Collecter des données
bon-plan-coofandy-chemise-homme-manches-courtes-ete-amazon-2026,"Bon plan Amazon : COOFANDY chemise homme manches courtes été à 6,99€ (-59%) au lieu de 16,99€",bon-plan,2026-04-30,Amazon,Amazon,,0,0,0,0,Collecter des données
bon-plan-coupon-network-63-bons-reduction-gratuits-50-euros-economies-2026,Bon Plan Coupon Network : 76 Bons de Réduction Gratuits = 54€ d'Économies sur vos Courses,bon-plan,2026-04-21,Effiliation,track.effiliation.com,,0,0,0,0,Collecter des données
bon-plan-creality-k1-max-imprimante-3d-amazon-2026,"Bon plan Creality K1 Max imprimante 3D 600 mm/s à 594,15€ sur Amazon (-27%)",bon-plan,2026-05-07,Amazon,Amazon,,0,0,0,0,Collecter des données
bon-plan-dalba-white-truffle-mist-serum-yesstyle-2026,Bon Plan YesStyle : d'Alba White Truffle Mist Serum à ~18€ — Éclat Instantané,bon-plan,2026-03-10,YesStyle,YesStyle,,0,0,0,0,Collecter des données
bon-plan-dermalogica-neurotouch-symmetry-serum-30ml-amazon-2026,Bon plan Amazon : Dermalogica NeuroTouch Symmetry Serum 30ml à 75€ (-50%) au lieu de 150€,bon-plan,2026-04-29,Amazon,Amazon,,0,0,0,0,Collecter des données
bon-plan-dove-advanced-care-coco-amande-lot-12-amazon-2026,"Bon plan Amazon : Dove Advanced Care crème de douche Coco & Amande lot de 12× 225ml à 25,26€ (-34%) au lieu de 38,40€",bon-plan,2026-05-01,Amazon,Amazon,,0,0,0,0,Collecter des données
bon-plan-dr-scholls-mycose-ongles-traitement-protection-amazon-2026,"Bon plan Dr. Scholl's Mycose des ongles 2-en-1 à 10,67€ sur Amazon (-29%)",bon-plan,2026-05-07,Amazon,Amazon,,0,0,0,0,Collecter des données
bon-plan-ebuyclub-cashback-2500-marchands-3-euros-offerts-2026,Bon Plan eBuyClub : Cashback sur 2 500 Marchands + 3€ Offerts à l'Inscription,bon-plan,2026-02-20,Direct / autre,ebuyclub.com,,0,0,0,0,Collecter des données
bon-plan-ebuyclub-cashback-coupons-60-remboursements-courses-2026,eBuyClub CashBack Coupons : +60 Produits Remboursés Chaque Semaine sur vos Courses,bon-plan,2026-07-03,Direct / autre,ebuyclub.com,,0,0,0,0,Collecter des données
bon-plan-ebuyclub-codes-promo-cashback-mars-2026,"eBuyClub : les Meilleurs Codes Promo et Cashback de la Semaine (HelloFresh -85€, Shark -10%, Stylevana -15%)",bon-plan,2026-03-29,Direct / autre,ebuyclub.com,,0,0,0,0,Collecter des données
bon-plan-ebuyclub-codes-promo-cashback-semaine-mars-2026,"eBuyClub : Codes Promo et Cashback de la Semaine (Temu, Nocibe, Carrefour...)",bon-plan,2026-03-24,Direct / autre,ebuyclub.com,,0,0,0,0,Collecter des données
bon-plan-ebuyclub-top-cashback-semaine-10-mars-2026,Top Cashback eBuyClub — Semaine du 10 Mars 2026 : Jusqu'à 55€ Remboursés,bon-plan,2026-03-10,Direct / autre,ebuyclub.com,,0,0,0,0,Collecter des données
bon-plan-editions-auzou-livres-jeux-enfants-jusqu-a-42-pourcent-bebeboutik-2026,"Editions Auzou : Jusqu'a -42% sur les Livres, Jeux et Jouets Enfants sur Bebeboutik",bon-plan,2026-03-30,TimeOne / Public Idées,a.time1.me,,0,0,0,0,Collecter des données
bon-plan-educa-mallette-4-puzzles-progressifs-reine-des-neiges-2-amazon-2026,"Bon plan Amazon : mallette Educa 4 puzzles progressifs Reine des Neiges 2 à 7,19€ (-40%) au lieu de 11,99€",bon-plan,2026-04-27,Amazon,Amazon,,0,0,0,0,Collecter des données
bon-plan-educa-minnie-2-puzzles-48-pieces-disney-amazon-2026,"Bon plan Amazon : Educa Minnie ensemble 2 puzzles 48 pièces à 5,69€ (-44%) au lieu de 10,08€",bon-plan,2026-04-27,Amazon,Amazon,,0,0,0,0,Collecter des données
bon-plan-educa-stitch-puzzle-300-pieces-disney-amazon-2026,"Bon plan Amazon : Puzzle Educa Stitch Disney 300 pièces à 5,99€ (-40%) au lieu de 9,99€",bon-plan,2026-04-27,Amazon,Amazon,,0,0,0,0,Collecter des données
bon-plan-einhell-perceuse-visseuse-tp-cd-18-50-li-bl-amazon-mai-2026,"Bon plan Einhell Professional TP-CD 18/50 à 109,99€ (-25%) : perceuse 18V brushless + 2 batteries",bon-plan,2026-05-12,Amazon,Amazon,,0,0,0,0,Collecter des données
bon-plan-eleclerc-journee-star-puericulture-40-pourcent-cagnottes-13-mai-2026,E.Leclerc Journée Star Puériculture : jusqu'à 40% cagnottés en Ticket E.Leclerc (13 mai 2026 uniquement),bon-plan,2026-05-13,Awin,tidd.ly,,0,0,0,0,Collecter des données
bon-plan-eleclerc-operation-bebe-puericulture-prix-barres-avril-2026,E.Leclerc Operation Bebe : prix barres sur la puericulture du 6 au 19 avril 2026,bon-plan,2026-04-06,Awin,tidd.ly,,0,0,0,0,Collecter des données
bon-plan-envie-de-bien-manger-30-bons-reduction-lactalis-2026,"Envie de Bien Manger : 30 bons de réduction Lactalis gratuits = ~22€ d'économies (Président, Lactel, Galbani, La Laitière...)",bon-plan,2026-03-05,Direct / autre,enviedebienmanger.fr,,0,0,0,0,Collecter des données
bon-plan-envie-de-plus-bons-reduction-coupons-100-rembourse-mai-2026,Envie de Plus : bons de réduction et coupons Procter & Gamble à imprimer (mai 2026),bon-plan,2026-05-10,Direct / autre,enviedeplus.com,,0,0,0,0,Collecter des données
bon-plan-envie-de-plus-dash-lenor-oral-b-100-rembourse-2026,Envie de Plus : 100% remboursé sur Lenor (avec Dash) et brossettes Oral-B (avec brosse électrique) en 2026,bon-plan,2026-04-27,Direct / autre,enviedeplus.com,,0,0,0,0,Collecter des données
bon-plan-envie-de-plus-garantie-satisfait-rembourse-comment-ca-marche-mai-2026,Envie de Plus : la garantie 100% satisfait ou 100% remboursé expliquée (mai 2026),bon-plan,2026-05-10,Direct / autre,enviedeplus.com,,0,0,0,0,Collecter des données
bon-plan-envie-de-plus-remboursement-100-pourcent-produits-pg-2026,"Bon Plan Envie de Plus : Jusqu'à 100% Remboursé sur Ariel, Pampers, Gillette, Oral-B…",bon-plan,2026-07-03,Direct / autre,enviedeplus.com,,0,0,0,0,Collecter des données
bon-plan-envie-de-plus-swiffer-plumeau-100-rembourse-cadeau-bienvenue-2026,Envie de Plus : plumeau Swiffer Duster Kit 100% remboursé en cadeau de bienvenue (inscription gratuite 2026),bon-plan,2026-04-27,Direct / autre,enviedeplus.com,,0,0,0,0,Collecter des données
bon-plan-enviedeplus-always-discreet-echantillon-gratuit-2026,Always Discreet : Échantillon Gratuit de Protections sur Envie de Plus,test-gratuit,2026-03-10,Direct / autre,enviedeplus.com,,0,0,0,0,Collecter des données
bon-plan-erborian-ginseng-infusion-total-eye-40-pourcent-amazon-2026,"Erborian Ginseng Infusion Total Eye à 27,98€ au lieu de 47€ (-40%) sur Amazon",bon-plan,2026-07-07,Amazon,Amazon,,0,0,0,0,Collecter des données
bon-plan-esn-isoclear-whey-the-glace-citron-amazon-2026,ESN Isoclear Whey Isolate 1kg Thé Glacé Citron : -25% sur Amazon,bon-plan,2026-04-23,Amazon,Amazon,,0,0,0,0,Collecter des données
bon-plan-essais-gratuits-apps-services-streaming-2026,"10+ Apps et Services à Essayer Gratuitement en 2026 : Streaming, Musique, Livres",bon-plan,2026-03-10,Amazon,Amazon,,0,0,0,0,Collecter des données
bon-plan-essentiel-des-huiles-guide-aromatherapie-gratuit-2026,Essentiel des Huiles : Le Guide Gratuit pour Maîtriser les Huiles Essentielles et Végétales,bon-plan,2026-03-09,Direct / autre,essentiel-des-huiles.com,,0,0,0,0,Collecter des données
bon-plan-etude-soonjung-toner-peau-sensible-yesstyle-2026,Bon Plan YesStyle : Etude SoonJung pH 5.5 Relief Toner à ~10€ — Peaux Sensibles,bon-plan,2026-03-10,YesStyle,YesStyle,,0,0,0,0,Collecter des données
bon-plan-eureka-ney100-nettoyeur-canape-tissu-12500pa-amazon-mai-2026,"Bon plan Eureka NEY100 nettoyeur canapé 12 500 Pa à 49,99€ sur Amazon (-38%)",bon-plan,2026-05-12,Amazon,Amazon,,0,0,0,0,Collecter des données
bon-plan-febreze-petit-coin-desodorisant-wc-fleur-naissante-amazon-2026,"Bon plan Amazon : Febreze Petit Coin désodorisant WC lot de 5 à 11,50€ (-39%) au lieu de 18,90€",bon-plan,2026-05-01,Amazon,Amazon,,0,0,0,0,Collecter des données
bon-plan-fidmarques-fidelite-marques-produits-gratuits-2026,Bon Plan FidMarques : La Carte de Fidélité aux Marques qui Offre des Produits Gratuits,bon-plan,2026-02-28,Direct / autre,fidmarques.com,,0,0,0,0,Collecter des données
bon-plan-fidme-91-bons-reduction-72-euros-economies-2026,Bon Plan FidMe : 91 Bons de Réduction + Cartes de Fidélité = ~73€ d'Économies,bon-plan,2026-03-04,Direct / autre,fidme.com,,0,0,0,0,Collecter des données
bon-plan-florette-garden-party-printemps-3-euros-webcoupons-2026,Florette Garden Party : Jusqu'à 3€ de Réduction en Webcoupons (Printemps 2026),bon-plan,2026-03-18,Direct / autre,florette.fr,,0,0,0,0,Collecter des données
bon-plan-foxter-nettoyeur-haute-pression-150-bar-49-euros-leclerc-2026,Nettoyeur haute pression Foxter 150 bar : avis et prix,bon-plan,2026-07-27,Awin,tidd.ly,,0,0,0,0,Collecter des données
bon-plan-fretta-extracteur-jus-slow-juicer-promo-amazon-2026,"Extracteur de Jus Fretta a 79,99E au lieu de 159,99E (-50%)",bon-plan,2026-03-26,Amazon,Amazon,,0,0,0,0,Collecter des données
bon-plan-galbani-top-chef-boxes-cuisine-bons-reduction-2026,Galbani x Top Chef : Boxes de Cuisine + Bons de Réduction à Gagner (Mars-Déc 2026),bon-plan,2026-03-19,Direct / autre,enviedebienmanger.fr,,0,0,0,0,Collecter des données
bon-plan-garnier-bb-creme-anti-age-skin-active-medium-amazon-2026,"Garnier BB Crème Anti-Âge Skin Active à 6,63€ sur Amazon : -44%",bon-plan,2026-04-24,Amazon,Amazon,,0,0,0,0,Collecter des données
bon-plan-garnier-serum-booster-eclat-vitamine-c-spf25-amazon-2026,"Bon plan Garnier Sérum Crème Booster d'Éclat Vitamine C SPF25 50 ml à 7,80€ sur Amazon (-17%)",bon-plan,2026-05-10,Amazon,Amazon,,0,0,0,0,Collecter des données
bon-plan-garnier-skinactive-soin-yeux-booster-eclat-niacinamide-amazon-mai-2026,Bon plan Garnier SkinActive Soin Yeux Booster d'Éclat à 8€ (-27%) : niacinamide + caféine + vitamine C,bon-plan,2026-05-12,Amazon,Amazon,,0,0,0,0,Collecter des données
bon-plan-gerlinea-isostar-nutrition-jusqu-a-50-pourcent-livraison-offerte-2026,Gerlinea & Isostar : Jusqu'a -50% + Livraison Offerte — Printemps en Folie,bon-plan,2026-03-30,Direct / autre,lk.gt,,0,0,0,0,Collecter des données
bon-plan-ghd-air-dry-kit-coffret-seche-cheveux-amazon-2026,"Bon plan Amazon : ghd Air Dry Kit 2.0 coffret sèche-cheveux pro à 118,74€ (-30%) au lieu de 168,99€",bon-plan,2026-07-07,Amazon,Amazon,,0,0,0,0,Collecter des données
bon-plan-gillette-labs-rasoir-barre-exfoliante-34-90-euros-amazon-2026,"Gillette Labs Rasoir Barre Exfoliante + 5 Recharges a 34,90 euros (-22%)",bon-plan,2026-06-30,Amazon,Amazon,,0,0,0,0,Collecter des données
bon-plan-globber-trottinettes-evolutives-22-pourcent-bebeboutik-2026,Globber : -22% sur les Trottinettes Evolutives Go Up Sporty sur Bebeboutik,bon-plan,2026-03-30,TimeOne / Public Idées,a.time1.me,,0,0,0,0,Collecter des données
bon-plan-glowria-box-beaute-15-euros-35-produits-682-euros-journee-femme,Bon Plan Glowria : Box Beauté à 15€ + Calendrier = 35 Produits,box-beaute,2026-03-08,Affilae,c3po.link,,0,0,0,0,Collecter des données
bon-plan-guess-seductive-red-eau-de-toilette-50ml-amazon-2026,"Bon plan Amazon : GUESS Seductive Red Eau de Toilette 50ml à 23,75€ (-50%) au lieu de 47,50€",bon-plan,2026-04-29,Amazon,Amazon,,0,0,0,0,Collecter des données
bon-plan-happygolucky-draisienne-2-5-ans-roues-lumineuses-amazon-mai-2026,"Bon plan draisienne HappyGoLucky 2-5 ans à 50,99€ (-27%) : roues lumineuses + panier tressé",bon-plan,2026-05-12,Amazon,Amazon,,0,0,0,0,Collecter des données
bon-plan-hayayu-sac-cabine-ryanair-40x30x20-amazon-2026,"Bon plan Amazon : sac à dos cabine Ryanair Hayayu 40x30x20 antivol 24L à 22,28€ (-26%)",bon-plan,2026-04-28,Amazon,Amazon,,0,0,0,0,Collecter des données
bon-plan-heimish-all-clean-balm-yesstyle-2026,Bon Plan YesStyle : Heimish All Clean Balm à ~13€ — Le Baume Démaquillant K-Beauty,bon-plan,2026-03-10,YesStyle,YesStyle,,0,0,0,0,Collecter des données
bon-plan-herbal-essences-aloe-vera-shampoing-masque-amazon-2026,"Bon plan Amazon : Herbal Essences Aloe Vera shampoing 250ml + masque 500ml à 9,70€ (-34%) au lieu de 14,70€",bon-plan,2026-05-01,Amazon,Amazon,,0,0,0,0,Collecter des données
bon-plan-herbal-essences-routine-douceur-rose-4-produits-amazon-2026,"Bon plan Amazon : Herbal Essences routine Douceur Rose 4 produits à 18,35€ (-34%) au lieu de 27,80€",bon-plan,2026-05-01,Amazon,Amazon,,0,0,0,0,Collecter des données
bon-plan-hot-wheels-city-station-lavage-express-amazon-2026,"Bon plan Amazon : Hot Wheels City Station de lavage express + voiture à 13,99€ (-48%) au lieu de 26,68€",bon-plan,2026-05-01,Amazon,Amazon,,0,0,0,0,Collecter des données
bon-plan-iceunicorn-chaussons-bebe-cuir-souple-promo-amazon-2026,"Chaussons Bebe IceUnicorn Cuir Souple a 9,08E (-55%)",bon-plan,2026-03-26,Amazon,Amazon,,0,0,0,0,Collecter des données
bon-plan-igraal-top-cashback-samsung-15-smartbox-lidl-mars-2026,"iGraal : Samsung 15% de Cashback (Boost du Jour), Smartbox 6,5%, Lidl 1,5% — les Top Offres",bon-plan,2026-03-29,Direct / autre,fr.igraal.com,,0,0,0,0,Collecter des données
bon-plan-igraal-top-cashback-semaine-10-mars-2026,Top Cashback iGraal — Semaine du 10 Mars 2026 : Jusqu'à 20% Remboursés,bon-plan,2026-03-10,Direct / autre,fr.igraal.com,,0,0,0,0,Collecter des données
bon-plan-igraal-top-cashback-semaine-27-mars-2026,"iGraal top cashback : Cdiscount 12 %, Fnac 10 %, Sephora 8 %",bon-plan,2026-07-10,Direct / autre,fr.igraal.com,,0,0,0,0,Collecter des données
bon-plan-ikg-pistolet-massage-16-tetes-massage-gun-amazon-2026,"Pistolet de Massage IKG 16 têtes à 50,99€ sur Amazon : -63% + coupon",bon-plan,2026-04-24,Amazon,Amazon,,0,0,0,0,Collecter des données
bon-plan-ikks-printemps-en-folie-famille-jusqu-a-60-pourcent-2026,IKKS Printemps en Folie : Jusqu'a -60% pour Toute la Famille,bon-plan,2026-03-30,Direct / autre,lk.gt,,0,0,0,0,Collecter des données
bon-plan-innovagoods-pore-off-nettoyant-visage-electrique-amazon-2026,"Bon plan Amazon : InnovaGoods Pore·Off nettoyant visage électrique 4 têtes à 8,60€ (-30%) au lieu de 12,37€",bon-plan,2026-05-01,Amazon,Amazon,,0,0,0,0,Collecter des données
bon-plan-isntree-hyaluronic-acid-toner-yesstyle-2026,Bon Plan YesStyle : Isntree Hyaluronic Acid Toner à ~13€ — 50% Acide Hyaluronique,bon-plan,2026-03-10,YesStyle,YesStyle,,0,0,0,0,Collecter des données
bon-plan-isobaa-laine-merinos-codes-promo-private-sport-shop-2026,Isobaa : Codes Promo -10% et -20% sur la Laine Merinos sur Private Sport Shop,bon-plan,2026-03-30,TimeOne / Public Idées,tracking.publicidees.com,,0,0,0,0,Collecter des données
bon-plan-john-frieda-frizz-ease-dream-curls-apres-shampoing-amazon-2026,"Bon plan John Frieda Frizz Ease Dream Curls après-shampoing à 11,42€ sur Amazon (-28%)",bon-plan,2026-06-30,Amazon,Amazon,,0,0,0,0,Collecter des données
bon-plan-jott-doudounes-expedition-72h-jusqu-a-90-pourcent-2026,JOTT : Jusqu'a -90% sur les Doudounes — Expedition 72h Printemps en Folie,bon-plan,2026-03-30,Direct / autre,lk.gt,,0,0,0,0,Collecter des données
bon-plan-kiko-milano-eyebrow-designer-gel-mascara-amazon-2026,"Bon plan Amazon : KIKO Milano Eyebrow Designer mascara à sourcils à 7,16€ (-40%) au lieu de 11,99€",bon-plan,2026-04-29,Amazon,Amazon,,0,0,0,0,Collecter des données
bon-plan-kiko-milano-universal-veil-finishing-powder-amazon-2026,"Bon plan Amazon : KIKO Milano Universal Veil poudre matifiante à 10,10€ (-30%) au lieu de 14,49€",bon-plan,2026-04-29,Amazon,Amazon,,0,0,0,0,Collecter des données
bon-plan-king-c-gillette-kit-voyage-barbe-3-mini-soins-amazon-2026,"Bon plan Amazon : King C. Gillette kit voyage barbe 3 mini soins à 9,90€ (-32%) au lieu de 14,58€",bon-plan,2026-05-01,Amazon,Amazon,,0,0,0,0,Collecter des données
bon-plan-king-c-gillette-satisfait-rembourse-tondeuse-barbe-2026,King C. Gillette : satisfait ou 100% remboursé sur tondeuses barbe et soins jusqu'au 30 juin 2026,bon-plan,2026-04-27,Direct / autre,redirect.affilizz.com,,0,0,0,0,Collecter des données
bon-plan-kitchenboss-papier-air-fryer-120-amazon-2026,"Bon plan Amazon : 120 papiers KitchenBoss pour Air Fryer 5-8 L à 7,69€ (-30%) au lieu de 10,99€",bon-plan,2026-04-28,Amazon,Amazon,,0,0,0,0,Collecter des données
bon-plan-la-box-fromage-promo-gourmande-50-pourcent-journee-fromage-2026,La Box Fromage : +50% de fromage offert dans chaque box pour la Journee Nationale du Fromage,bon-plan,2026-03-29,Affilae,c3po.link,,0,0,0,0,Collecter des données
bon-plan-la-halle-baskets-creeks-a-partir-de-10-euros-mars-2026,"La Halle : Baskets Creeks a partir de 10E au lieu de 20,99E",bon-plan,2026-03-24,Direct / autre,lahalle.com,,0,0,0,0,Collecter des données
bon-plan-la-roche-posay-anthelios-brume-spf50-amazon-2026,"Bon plan Amazon : La Roche-Posay Anthelios brume visage SPF 50 à 13,59€ (-37%) au lieu de 21,61€",bon-plan,2026-07-02,Amazon,Amazon,,0,0,0,0,Collecter des données
bon-plan-lactel-club-bons-reduction-week-end-famille-2026,Lactel Club : Bons de Réduction à Chaque Achat + 3 Week-ends en Famille à Gagner,bon-plan,2026-03-09,Direct / autre,enviedebienmanger.fr,,0,0,0,0,Collecter des données
bon-plan-lagrange-vacances-ventes-flash-35-pourcent-depart-9-mai-2026,Lagrange Vacances : Ventes Flash -35% sur les départs du 9 au 16 mai 2026,bon-plan,2026-04-24,TimeOne / Public Idées,tracking.publicidees.com,,0,0,0,0,Collecter des données
bon-plan-laneige-water-sleeping-mask-yesstyle-2026,Bon Plan YesStyle : Laneige Water Sleeping Mask à ~22€ — Le Masque de Nuit Iconique,bon-plan,2026-03-10,YesStyle,YesStyle,,0,0,0,0,Collecter des données
bon-plan-le-coq-sportif-destockage-48h-jusqu-a-80-pourcent-private-sport-shop-2026,Le Coq Sportif : Destockage 48h Jusqu'a -80% sur Private Sport Shop,bon-plan,2026-03-30,TimeOne / Public Idées,tracking.publicidees.com,,0,0,0,0,Collecter des données
bon-plan-le-rouge-francais-maquillage-bio-vegan-made-in-france-2026,Le Rouge Français : codes promo & maquillage bio vegan 2026,code-promo,2026-06-25,Awin,tidd.ly,,0,0,0,0,Collecter des données
bon-plan-le-slip-francais-grand-menage-jusqu-a-50-pourcent-2026,Le Slip Francais : Grand Menage jusqu'a -50% sur les Sous-Vetements Made in France,bon-plan,2026-03-28,Direct / autre,leslipfrancais.fr,,0,0,0,0,Collecter des données
bon-plan-lechuza-pot-fleurs-playmobil-ojo-amazon-2026,"Bon plan Lechuza pot de fleurs Playmobil OJO à 20,99€ sur Amazon (-36%)",bon-plan,2026-05-08,Amazon,Amazon,,0,0,0,0,Collecter des données
bon-plan-leclerc-pack-hp-laptop-15-fc0082nf-ryzen-5-16go-ram-549-euros-mai-2026,"Bon plan E.Leclerc Pack HP Laptop 15-fc0082nf à 549€ : Ryzen 5, 16 Go RAM, 512 Go SSD + casque + souris",bon-plan,2026-05-12,Awin,tidd.ly,,0,0,0,0,Collecter des données
bon-plan-leclerc-siege-auto-isize-76-150cm-i-size-50pct-mai-2026,"Bon plan E.Leclerc -50% : siège auto i-Size 76-150 cm à 39,97€ (au lieu de 79,95€) — homologué ONU R129",bon-plan,2026-05-12,Awin,tidd.ly,,0,0,0,0,Collecter des données
bon-plan-lefant-aspirateur-balai-sans-fil-violet-amazon-2026,"Bon plan Amazon : Lefant aspirateur balai sans fil 40 KPa à 99,99€ (-71%) au lieu de 339,99€",bon-plan,2026-04-28,Amazon,Amazon,,0,0,0,0,Collecter des données
bon-plan-lefant-robot-aspirateur-m210p-wifi-89-euros-amazon-2026,"Lefant M210P Robot Aspirateur Connecté WiFi à 89,97 € sur Amazon (-46 %)",bon-plan,2026-07-24,Amazon,Amazon,,0,0,0,0,Collecter des données
bon-plan-legrand-greenup-access-pack-recharge-vehicule-electrique-amazon-2026,"Bon plan Amazon : Legrand Green'up Access pack recharge véhicule électrique connecté à 299,99€ (-20%)",bon-plan,2026-04-29,Amazon,Amazon,,0,0,0,0,Collecter des données
bon-plan-les-petits-culottes-kit-essai-couches-gratuites-2026,Les Petits Culottés : Kit d'Essai de 6 Couches Gratuites,test-gratuit,2026-03-09,Direct / autre,lespetitsculottes.com,,0,0,0,0,Collecter des données
bon-plan-lewanja-chariot-jardin-pliable-140l-amazon-2026,"LEWANJA : chariot de jardin pliable 140 L à 49,99€ (-29%) sur Amazon",bon-plan,2026-04-25,Amazon,Amazon,,0,0,0,0,Collecter des données
bon-plan-lifepoints-enquetes-remunerees-recompenses-2026,LifePoints : Gagnez des Recompenses en Repondant a des Enquetes Gratuites,bon-plan,2026-03-24,Direct / autre,ds1.nl,,0,0,0,0,Collecter des données
bon-plan-lifewit-sac-isotherme-9l-lunch-box-noir-amazon-2026,"Lifewit Sac Isotherme 9L à 12,99€ sur Amazon : -28% sur le best-seller lunch box",bon-plan,2026-04-24,Amazon,Amazon,,0,0,0,0,Collecter des données
bon-plan-lindt-lapin-or-mini-moulages-paques-5-99-euros-amazon-2026,"Lindt Lapin Or : Sachet de 10 Mini-Moulages Chocolat au Lait a 5,99 euros pour Paques",bon-plan,2026-03-31,Amazon,Amazon,,0,0,0,0,Collecter des données
bon-plan-lindt-lapin-or-moulages-fourres-assortiment-5-84-euros-amazon-2026,"Lindt Lapin Or Moulages Fourres Assortiment x12 a 5,84 euros (-35%)",bon-plan,2026-03-31,Amazon,Amazon,,0,0,0,0,Collecter des données
bon-plan-lits-cabanes-matelas-enfant-jusqu-a-67-pourcent-bebeboutik-2026,Lits Cabanes : Jusqu'a -67% sur les Lits et Matelas Enfant sur Bebeboutik,bon-plan,2026-03-30,TimeOne / Public Idées,a.time1.me,,0,0,0,0,Collecter des données
bon-plan-little-cigogne-box-vetements-enfants-10-30-euros-2026,"Bon Plan Little Cigogne : Box Vêtements Enfants Personnalisée — 10 à 30€ par Pièce, Retours Gratuits",bon-plan,2026-03-08,Affilae,c3po.link,,0,0,0,0,Collecter des données
bon-plan-livres-occasion-moins-1-euro-10-sites-2026,Bon Plan Livres d'Occasion : 10 Sites pour Acheter dès Moins d'1€,bon-plan,2026-03-01,Direct / autre,momox-shop.fr,,0,0,0,0,Collecter des données
bon-plan-lookfantastic-beauty-box-mars-clinique-20-code-lundi-25-2026,Lookfantastic : Beauty Box Mars des 17 euros + Clinique -20% + Code LUNDI -25% sur (Presque) Tout,bon-plan,2026-03-30,Awin,tidd.ly,,0,0,0,0,Collecter des données
bon-plan-lookfantastic-coffret-edition-soins-dermatologiques-derma-skin-edit-9-produits-mai-2026,"Coffret Lookfantastic Derma Skin Edit : 9 soins à 41,25 €",box-beaute,2026-05-15,Awin,tidd.ly,,0,0,0,0,Collecter des données
bon-plan-loreal-professionnel-soins-cheveux-expedition-72h-jusqu-a-70-pourcent-2026,L'Oreal Professionnel : Jusqu'a -70% sur les Soins Cheveux — Expedition 72h Printemps en Folie,bon-plan,2026-03-30,Direct / autre,lk.gt,,0,0,0,0,Collecter des données
bon-plan-love-and-green-serviettes-hygieniques-super-amazon-2026,"Bon plan Amazon : Love & Green serviettes hygiéniques Super x12 écologiques à 1,79€ (-25%) au lieu de 2,38€",bon-plan,2026-05-01,Amazon,Amazon,,0,0,0,0,Collecter des données
bon-plan-maped-picnik-gourdes-5-euros-rembourses-mars-2026,Maped Picnik : jusqu'a 5E Rembourses sur une Selection de Gourdes,bon-plan,2026-03-24,Direct / autre,fr.maped.com,,0,0,0,0,Collecter des données
bon-plan-masque-led-7-couleurs-nourished-210-euros-amazon-2026,"Masque LED 7 Couleurs Nourished Bodynskin a 210,99 euros sur Amazon (-27%)",bon-plan,2026-03-31,Amazon,Amazon,,0,0,0,0,Collecter des données
bon-plan-masque-led-visage-luminotherapie-nourished-bodynskin-amazon-2026,"Comparatif masques LED visage Nourished Bodynskin Amazon : 139,99€ (-30%) ou 199,99€ (912 LED) ?",bon-plan,2026-05-10,Amazon,Amazon,,0,0,0,0,Collecter des données
bon-plan-maxicoffee-perfetto-days-delonghi-50-euros-codes-promo-2026,MaxiCoffee Perfetto Days : -50€ sur les Machines De'Longhi + 40€ Offerts pour les Nouveaux,bon-plan,2026-03-28,Direct / autre,maxicoffee.com,,0,0,0,0,Collecter des données
bon-plan-medicube-zero-pore-pads-yesstyle-2026,Bon Plan YesStyle : medicube Zero Pore Pads à ~15€ — Pores Resserrés en 1 Geste,bon-plan,2026-03-10,YesStyle,YesStyle,,0,0,0,0,Collecter des données
bon-plan-medoxa-robot-nettoyeur-piscine-sans-fil-149-euros-amazon-2026,"Bon plan MEDOXA robot nettoyeur de piscine sans fil à 135,37€ sur Amazon (-55%, 120 minutes d'autonomie, auto-stationnement)",bon-plan,2026-07-07,Amazon,Amazon,,0,0,0,0,Collecter des données
bon-plan-meilleurs-forfaits-mobile-pas-cher-mars-2026,"Meilleurs Forfaits Mobile Pas Cher Mars 2026 : RED, B&You, Free, Sosh, Prixtel",bon-plan,2026-03-10,Direct / autre,red-by-sfr.fr,,0,0,0,0,Collecter des données
bon-plan-momcozy-chauffe-biberon-portable-nomade-500ml-amazon-2026,"Momcozy Chauffe-Biberon Portable 500 ml à 73,91€ sur Amazon : -18% sur le best-seller",bon-plan,2026-04-24,Amazon,Amazon,,0,0,0,0,Collecter des données
bon-plan-momcozy-goupillon-biberon-silicone-kit-voyage-amazon-2026,"Momcozy Kit Goupillon Biberon Silicone à 16,99€ sur Amazon : le best-seller nettoyage",bon-plan,2026-07-07,Amazon,Amazon,,0,0,0,0,Collecter des données
bon-plan-momcozy-porte-bebe-coton-ergonomique-3-20kg-noir-amazon-2026,"Momcozy Porte-Bébé Ergonomique à 47,59€ sur Amazon : -15% sur le Choix d'Amazon",bon-plan,2026-07-21,Amazon,Amazon,,0,0,0,0,Collecter des données
bon-plan-mon-bien-etre-recompense-20-bons-reduction-essity-2026,Bon Plan Mon Bien-Être Récompensé : 20 Bons de Réduction Essity = ~25€ d'Économies,bon-plan,2026-03-06,Direct / autre,monbienetrerecompense.fr,,0,0,0,0,Collecter des données
bon-plan-monsieur-tshirt-paques-codes-promo-fun50-fun80-2026,Monsieur Tshirt : codes promo FUN50 & FUN80 (-50 % et -80 %),code-promo,2026-06-25,Affilae,c3po.link,,0,0,0,0,Collecter des données
bon-plan-morgan-mania-jusqu-a-50-pourcent-mars-2026,Morgan Mania : jusqu'a -50% + Code Promo -10% des 2 Articles,bon-plan,2026-03-24,Direct / autre,lk.gt,,0,0,0,0,Collecter des données
bon-plan-my-little-box-double-box-printemps-2026,10 produits beauté + lifestyle pour 31 € : la Double Box My Little Box,box-beaute,2026-06-04,Affilae,c3po.link,,0,0,0,0,Collecter des données
bon-plan-nescafe-dolce-gusto-neo-machine-cafe-connectee-amazon-mai-2026,"Bon plan Nescafé Dolce Gusto Neo Krups à 79,99€ (-33%) : machine à café connectée, dosettes compostables",bon-plan,2026-05-12,Amazon,Amazon,,0,0,0,0,Collecter des données
bon-plan-nespresso-krups-vertuo-next-52-capsules-amazon-2026,"Bon plan Amazon : Nespresso Vertuo Next gris + 52 capsules offertes à 69€ (-54%) au lieu de 149,99€",bon-plan,2026-04-30,Amazon,Amazon,,0,0,0,0,Collecter des données
bon-plan-nespresso-vertuo-pop-aeroccino-noir-amazon-2026,"Bon plan Amazon : Nespresso Vertuo POP + Aeroccino à 59€ (-63%) au lieu de 159,90€",bon-plan,2026-04-29,Amazon,Amazon,,0,0,0,0,Collecter des données
bon-plan-ninja-creami-machine-creme-glacee-amazon-2026,"Ninja Creami à 176,39€ sur Amazon : la machine à glace virale enfin en promo",bon-plan,2026-07-13,Amazon,Amazon,,0,0,0,0,Collecter des données
bon-plan-nintendo-switch-2-console-amazon-mai-2026,"Bon plan Nintendo Switch 2 à 409,99€ sur Amazon (-13%) : console neuve avec 2 Joy-Con 2",bon-plan,2026-07-07,Amazon,Amazon,,0,0,0,0,Collecter des données
bon-plan-nuxe-rituel-glow-post-workout-edition-limitee-mars-2026,Nuxe Edition Limitee : Rituel Glow Post-Workout 125E au lieu de 190E,bon-plan,2026-03-25,Amazon,Amazon,,0,0,0,0,Collecter des données
bon-plan-nyx-jelly-job-gloss-levres-haute-brillance-amazon-2026,"NYX Jelly Job Gloss à 7,61€ sur Amazon : -36% sur le lip gloss K-beauty",bon-plan,2026-04-24,Amazon,Amazon,,0,0,0,0,Collecter des données
bon-plan-oasismile-jet-dentaire-sans-fil-5-embouts-amazon-2026,"Bon plan OasiSmile Jet Dentaire Sans Fil 5 embouts à 34,99€ sur Amazon (-65%, soit 65€ d'économie)",bon-plan,2026-05-11,Amazon,Amazon,,0,0,0,0,Collecter des données
bon-plan-omo-oui-pour-tahiti-monoi-210-lavages-amazon-2026,"Bon plan Amazon : lot 5 lessives OMO Oui pour Tahiti 210 lavages à 33,08€ (-43%) — 0,16€ le lavage",bon-plan,2026-04-30,Amazon,Amazon,,0,0,0,0,Collecter des données
bon-plan-oneconcept-kebap-master-rotissoire-verticale-amazon-2026,"Bon plan Amazon : oneConcept Kebap Master rôtissoire verticale 1500W à 121,59€ (-43%) au lieu de 214,80€",bon-plan,2026-04-30,Amazon,Amazon,,0,0,0,0,Collecter des données
bon-plan-optimum-nutrition-gold-standard-whey-56-99-euros-amazon-2026,"Optimum Nutrition Gold Standard 100% Whey 1.62kg a 56,99 euros (-19%)",bon-plan,2026-03-31,Amazon,Amazon,,0,0,0,0,Collecter des données
bon-plan-pampers-premium-protection-pants-80-pourcent-2eme-leclerc-2026,Pampers Premium : -80% sur le 2e paquet à E.Leclerc,bon-plan,2026-03-31,Direct / autre,e.leclerc,,0,0,0,0,Collecter des données
bon-plan-pantene-pro-v-robert-indiana-routine-repair-protect-amazon-2026,"Bon plan Amazon : Pantene Pro-V x Robert Indiana routine 4 produits Repair & Protect à 14,06€ (-34%) au lieu de 21,30€",bon-plan,2026-05-01,Amazon,Amazon,,0,0,0,0,Collecter des données
bon-plan-parfumsmoinscher-parfums-luxe-jusqu-a-75-pourcent-mars-2026,ParfumsMoinsCher : notre avis sur ce site de parfums de luxe à -75 %,test-avis,2026-07-25,Direct / autre,lk.gt,,0,0,0,0,Collecter des données
bon-plan-philips-avent-kit-allaitement-tire-lait-promo-amazon-2026,"Philips Avent Kit Allaitement Tire-Lait Manuel a 29,99E (-40%)",bon-plan,2026-03-26,Amazon,Amazon,,0,0,0,0,Collecter des données
bon-plan-philips-avent-scd733-ecoute-bebe-projection-etoiles-amazon-2026,"Bon plan Philips Avent SCD733 écoute-bébé DECT projection d'étoiles à 79,99€ sur Amazon (-40%)",bon-plan,2026-07-07,Amazon,Amazon,,0,0,0,0,Collecter des données
bon-plan-philips-bhd272-seche-cheveux-pro-39-euros,"Philips BHD272/00 sèche-cheveux pro 2100 W moteur AC à 22,49 €",bon-plan,2026-06-18,Amazon,Amazon,,0,0,0,0,Collecter des données
bon-plan-philips-lumea-serie-9900-epilateur-lumiere-pulsee-amazon-2026,Bon plan Philips Lumea série 9900 épilateur lumière pulsée à 379€ sur Amazon (-37%),bon-plan,2026-05-07,Amazon,Amazon,,0,0,0,0,Collecter des données
bon-plan-philips-oneblade-360-authentic-barber-amazon-2026,"Bon plan Philips OneBlade 360 Authentic Barber à 34,99€ sur Amazon (-26%)",bon-plan,2026-05-07,Amazon,Amazon,,0,0,0,0,Collecter des données
bon-plan-philips-rasoir-electrique-series-5000-s5884-amazon-2026,"Philips Series 5000 : rasoir électrique Wet & Dry à 84,99€ (-29%) sur Amazon",bon-plan,2026-04-25,Amazon,Amazon,,0,0,0,0,Collecter des données
bon-plan-philips-rasoir-i9000-prestige-xp9205-skin-iq-amazon-mai-2026,"Bon plan Philips i9000 Prestige XP9205 à 245,73€ (-25%) : rasoir Skin IQ sec & humide, lames 360°",bon-plan,2026-05-12,Amazon,Amazon,,0,0,0,0,Collecter des données
bon-plan-philips-sonicare-kids-brosse-a-dents-electrique-enfant-amazon-2026,"Philips Sonicare For Kids à 34,99€ sur Amazon : -31% sur la brosse à dents enfant connectée",bon-plan,2026-04-24,Amazon,Amazon,,0,0,0,0,Collecter des données
bon-plan-philips-water-carafe-filtrante-2-6l-amazon-2026,"Philips Water : carafe filtrante 2,6 L + 4 cartouches à 22,99€ (-29%) sur Amazon",bon-plan,2026-04-25,Amazon,Amazon,,0,0,0,0,Collecter des données
bon-plan-play-doh-ma-jolie-part-gateau-pate-modeler-amazon-2026,"Play-Doh Ma Jolie Part de Gâteau à 15,50€ sur Amazon : -56% sur le prix conseillé",bon-plan,2026-04-23,Amazon,Amazon,,0,0,0,0,Collecter des données
bon-plan-poco-x8-pro-512go-369-euros-amazon-2026,"POCO X8 Pro 12+512 Go a 369,90 euros sur Amazon (-23%)",bon-plan,2026-03-31,Amazon,Amazon,,0,0,0,0,Collecter des données
bon-plan-pommpoire-prix-ronds-lingerie-5-10-15-20-euros-2026,"Pomm'Poire : Prix Ronds — Lingerie dès 5€, 10€, 15€ et 20€",bon-plan,2026-03-19,Direct / autre,pommpoire.fr,,0,0,0,0,Collecter des données
bon-plan-poulpeo-cashback-boostes-michael-kors-expedia-huawei-mars-2026,"Poulpeo : les Cashback Boostes de la Semaine (Expedia 9%, Huawei 6%, Emma 8%, Michael Kors 5%)",bon-plan,2026-03-29,Direct / autre,poulpeo.com,,0,0,0,0,Collecter des données
bon-plan-poulpeo-cashback-meilleures-offres-semaine-mars-2026,"Poulpeo cashback 2026 : Temu 24 %, C&A 8,5 %, Nocibé 6,5 %",bon-plan,2026-03-24,Direct / autre,poulpeo.com,,0,0,0,0,Collecter des données
bon-plan-poulpeo-top-cashback-semaine-10-mars-2026,Top Cashback Poulpeo — Semaine du 10 Mars 2026 : Jusqu'à 40% Remboursés,bon-plan,2026-03-10,Direct / autre,poulpeo.com,,0,0,0,0,Collecter des données
bon-plan-poussette-trio-kiduku-3-en-1-gris-amazon-mai-2026,"Bon plan KIDUKU Poussette Trio 3 en 1 Grise (poussette + nacelle + siège auto) à 199,79€ sur Amazon (-22%)",bon-plan,2026-05-10,Amazon,Amazon,,0,0,0,0,Collecter des données
bon-plan-prescription-lab-4-routines-beaute-16-euros-paques-2026,Prescription Lab : 4 Nouvelles Routines Beauté pour 16€,box-beaute,2026-04-03,Affilae,c3po.link,,0,0,0,0,Collecter des données
bon-plan-prescription-lab-box-beaute-haut-de-gamme-19-euros-mars-2026,"Bon Plan Prescription Lab : Box Beauté Haut de Gamme à 19,90€ au lieu de 24,90€",box-beaute,2026-03-08,Affilae,c3po.link,,0,0,0,0,Collecter des données
bon-plan-printemps-en-folie-mobilier-maison-jusqu-a-80-pourcent-2026,Printemps en Folie : Jusqu'a -80% sur le Mobilier Interieur & Exterieur — L'Essentiel Maison,bon-plan,2026-03-30,Direct / autre,lk.gt,,0,0,0,0,Collecter des données
bon-plan-private-sport-shop-adidas-adizero-prime-x3-strung-150-euros-2026,"Adidas Adizero Prime X3 Strung à 149,99€ au lieu de 300€ (-50%) sur Private Sport Shop",bon-plan,2026-04-03,TimeOne / Public Idées,tracking.publicidees.com,,0,0,0,0,Collecter des données
bon-plan-private-sport-shop-asics-destockage-vtt-mars-2026,Private Sport Shop : Code Promo Asics -10% et Destockage VTT -72%,bon-plan,2026-03-26,TimeOne / Public Idées,tracking.publicidees.com,,0,0,0,0,Collecter des données
bon-plan-private-sport-shop-asics-hoka-running-mai-2026,"Bon plan Private Sport Shop : ASICS -10% suppl avec code ASICS + HOKA jusqu'à -56% (running, expédié 48h)",bon-plan,2026-05-04,TimeOne / Public Idées,tracking.publicidees.com,,0,0,0,0,Collecter des données
bon-plan-qui-veut-du-fromage-31-bons-reduction-savencia-2026,Bon Plan Qui Veut du Fromage : 31 Bons de Réduction = ~37€ d'Économies sur les Fromages,bon-plan,2026-03-05,Direct / autre,quiveutdufromage.com,,0,0,0,0,Collecter des données
bon-plan-remington-ionic-dry-d3199-seche-cheveux-amazon-2026,"Bon plan Amazon : Remington Ionic Dry D3199 sèche-cheveux 2200W à 19,99€ (-33%) au lieu de 29,99€",bon-plan,2026-05-01,Amazon,Amazon,,0,0,0,0,Collecter des données
bon-plan-remington-one-d6078-seche-cheveux-30-euros,"Remington ONE D6078 — Sèche-Cheveux Ionique 2000W + 5 embouts à 29,99 € (-30%)",bon-plan,2026-06-09,Amazon,Amazon,,0,0,0,0,Collecter des données
bon-plan-remington-pro-power-hc7110-tondeuse-cheveux-amazon-2026,"Bon plan Amazon : Remington Pro Power HC7110 tondeuse cheveux pro à 18,49€ (-29%) au lieu de 25,99€",bon-plan,2026-05-01,Amazon,Amazon,,0,0,0,0,Collecter des données
bon-plan-remington-rx5-ultimate-rasoir-tete-chauve-amazon-2026,"Remington RX5 Ultimate : rasoir spécial tête rasée à 49,99€ (-29%) sur Amazon",bon-plan,2026-04-25,Amazon,Amazon,,0,0,0,0,Collecter des données
bon-plan-remington-s3500-lisseur-ceramique-24-euros,"Remington Lisseur Ceramic Slim S3500 à 12,89 € sur Amazon",bon-plan,2026-06-09,Amazon,Amazon,,0,0,0,0,Collecter des données
bon-plan-roborock-saros-z70-bras-mecanique-amazon-2026,Bon plan Amazon : Roborock Saros Z70 robot aspirateur bras mécanique à 799€ (-56%) au lieu de 1 799€,bon-plan,2026-04-30,Amazon,Amazon,,0,0,0,0,Collecter des données
bon-plan-romand-juicy-lasting-tint-7-euros-au-lieu-de-14,"Bon Plan YesStyle : Encre à Lèvres romand Juicy Lasting Tint à 7,25€ au lieu de 14,50€ (-50%)",bon-plan,2026-03-08,YesStyle,YesStyle,,0,0,0,0,Collecter des données
bon-plan-round-lab-dokdo-cleanser-yesstyle-2026,Bon Plan YesStyle : Round Lab Dokdo Cleanser à ~10€ — Le Nettoyant Doux N°1 en Corée,bon-plan,2026-03-10,YesStyle,YesStyle,,0,0,0,0,Collecter des données
bon-plan-rowenta-turbo-silence-ventilateur-40cm-vu5640f2-amazon-2026,"Bon plan Rowenta Turbo Silence Ventilateur pied 40 cm à 85,99€ sur Amazon (-34%, soit 44€ d'économie)",bon-plan,2026-05-11,Amazon,Amazon,,0,0,0,0,Collecter des données
bon-plan-russell-hobbs-cuiseur-riz-mijoteuse-08l-amazon-2026,"Bon plan Amazon : Russell Hobbs cuiseur de riz 0,8L à 24,99€ (-46%) au lieu de 45,99€",bon-plan,2026-04-29,Amazon,Amazon,,0,0,0,0,Collecter des données
bon-plan-russell-hobbs-mini-hachoir-desire-rouge-amazon-2026,"Russell Hobbs Desire : mini hachoir électrique multifonction à 19,99€ (-50%) sur Amazon",bon-plan,2026-04-25,Amazon,Amazon,,0,0,0,0,Collecter des données
bon-plan-sampleo-mixa-routine-anti-reactions-gratuite-1320-testeurs-2026,Test gratuit : 1 320 Routines Anti-Réactions Mixa à Tester,test-gratuit,2026-03-08,Direct / autre,sampleo.com,,0,0,0,0,Collecter des données
bon-plan-samsung-galaxy-buds3-blanc-amazon-2026,"Bon plan Amazon : Samsung Galaxy Buds3 + chargeur 25W à 99,99€ (-44%) au lieu de 179,99€",bon-plan,2026-04-30,Amazon,Amazon,,0,0,0,0,Collecter des données
bon-plan-samsung-galaxy-buds3-fe-ecouteurs-anc-amazon-2026,"Samsung Galaxy Buds3 FE à 99,99€ sur Amazon : -33% avec chargeur 25W inclus",bon-plan,2026-04-23,Amazon,Amazon,,0,0,0,0,Collecter des données
bon-plan-sarenza-offre-mars-jusqu-a-50-pourcent-10-supp-mars-2026,Sarenza Les Jours Sarenza : jusqu'à -50% + code KDO -10% dès 100€ (7-14 mai 2026),bon-plan,2026-05-12,Direct / autre,lk.gt,,0,0,0,0,Collecter des données
bon-plan-severin-cafetiere-filtre-duo-isotherme-2-litres-ka9315-amazon-mai-2026,"Bon plan Severin KA 9315 Duo à 99,99€ (-26%) : cafetière filtre 2 L isotherme, 16 tasses simultanées",bon-plan,2026-05-12,Amazon,Amazon,,0,0,0,0,Collecter des données
bon-plan-shopmium-produits-rembourses-100-euros-economies-semaine-2026,Bon Plan Shopmium : +100€ de Produits Remboursés par Semaine (Appli Gratuite),bon-plan,2026-02-22,Direct / autre,shopmium.com,,0,0,0,0,Collecter des données
bon-plan-siege-auto-tectake-i-size-76-150cm-amazon-2026,"Siège auto tectake i-Size 76-150 cm (15 mois à 12 ans) à 58,70€ (-22%)",bon-plan,2026-07-21,Amazon,Amazon,,0,0,0,0,Collecter des données
bon-plan-signal-integral-8-blancheur-lot-4-dentifrices-amazon-2026,"Bon plan Amazon : Signal Integral 8 Blancheur dentifrice lot de 4×75ml à 6,57€ (-39%) au lieu de 10,76€",bon-plan,2026-07-07,Amazon,Amazon,,0,0,0,0,Collecter des données
bon-plan-signal-systeme-blancheur-lot-6-dentifrices-amazon-2026,"Bon plan Amazon : lot 6 dentifrices Signal Système Blancheur à 9,66€ (-43%) — soit 1,61€ le tube",bon-plan,2026-06-15,Amazon,Amazon,,0,0,0,0,Collecter des données
bon-plan-sika-sikagard-223-protecteur-toiture-amazon-2026,"Bon plan SIKA Sikagard 223 protecteur toiture imperméabilisant 5 L à 29,99€ Amazon (-28%)",bon-plan,2026-05-07,Amazon,Amazon,,0,0,0,0,Collecter des données
bon-plan-skin1004-centella-ampoule-12-euros-au-lieu-de-21,"Bon Plan YesStyle : Sérum SKIN1004 Centella Ampoule à 12,99€ au lieu de 21,41€ (-39%)",bon-plan,2026-03-08,YesStyle,YesStyle,,0,0,0,0,Collecter des données
bon-plan-skip-active-clean-lessive-liquide-2x40-lavages-amazon-2026,"Bon plan Amazon : Skip Active Clean lessive liquide 2x40 lavages à 13,49€ (-40%) au lieu de 22,49€",bon-plan,2026-04-30,Amazon,Amazon,,0,0,0,0,Collecter des données
bon-plan-skip-lessive-caps-tout-en-1-fraicheur-intense-112-lavages-amazon-2026,"Bon plan Skip Lessive Caps Tout en 1 Fraîcheur Intense 112 lavages à 33,58€ sur Amazon (-40%, soit 0,30€ par lavage)",bon-plan,2026-05-09,Amazon,Amazon,,0,0,0,0,Collecter des données
bon-plan-skyn-supreme-feel-extra-lube-20-preservatifs-amazon-2026,"Bon plan Skyn Supreme Feel Extra Lube lot 20 préservatifs sans latex à 15,28€ sur Amazon (-25%)",bon-plan,2026-05-11,Amazon,Amazon,,0,0,0,0,Collecter des données
bon-plan-sodastream-concentres-citron-sans-sucre-lot-6-amazon-2026,"Bon plan Sodastream Lot 6 Concentrés Citron Sans Sucres (440 ml) à 26,89€ sur Amazon (-25%)",bon-plan,2026-05-11,Amazon,Amazon,,0,0,0,0,Collecter des données
bon-plan-soleil-sucre-lingerie-expedition-72h-jusqu-a-87-pourcent-2026,Soleil Sucre : Jusqu'a -87% sur la Lingerie — Expedition 72h Printemps en Folie,bon-plan,2026-03-30,Direct / autre,lk.gt,,0,0,0,0,Collecter des données
bon-plan-some-by-mi-aha-bha-pha-toner-yesstyle-2026,Bon Plan YesStyle : Some By Mi AHA BHA PHA 30 Days Miracle Toner à ~12€,bon-plan,2026-03-10,YesStyle,YesStyle,,0,0,0,0,Collecter des données
bon-plan-sophie-la-girafe-jouets-eveil-jusqu-a-70-pourcent-bebeboutik-2026,Sophie la Girafe : Jusqu'a -70% sur les Jouets d'Eveil et Coffrets sur Bebeboutik,bon-plan,2026-03-30,TimeOne / Public Idées,a.time1.me,,0,0,0,0,Collecter des données
bon-plan-soutien-gorge-allaitement-grossesse-sans-couture-lot-3-amazon-2026,"Bon plan Amazon : lot de 3 soutiens-gorge d'allaitement et grossesse sans couture à 31,81€ (-40%) au lieu de 52,99€",bon-plan,2026-04-27,Amazon,Amazon,,0,0,0,0,Collecter des données
bon-plan-stanley-quencher-h2-flowstate-mug-isotherme-1-2l-rose-petal-amazon-2026,"Stanley Quencher H2.0 FlowState 1,2L à 32,99€ sur Amazon : -40% sur le mug viral",bon-plan,2026-04-24,Amazon,Amazon,,0,0,0,0,Collecter des données
bon-plan-stiga-tornado-398-tracteur-tondeuse-2098-euros-amazon-2026,"STIGA Tornado 398 Tracteur Tondeuse a 1 999,00 € sur Amazon (-20 %)",bon-plan,2026-07-22,Amazon,Amazon,,0,0,0,0,Collecter des données
bon-plan-stokomani-spa-intex-octo-bulles-50-pourcent-rembourse-mars-2026,Stokomani : Spa Intex Octo Bulles Baltik 50% Rembourses soit 300 euros en bons d'achats,bon-plan,2026-03-25,Direct / autre,stokomani.fr,,0,0,0,0,Collecter des données
bon-plan-sun-tablettes-lave-vaisselle-tout-en-1-32-pastilles-amazon-2026,"Bon plan Sun Tablettes Lave-Vaisselle Tout-en-1 Regular 32 pastilles à 5,27€ sur Amazon (-19%, 80% d'ingrédients d'origine naturelle)",bon-plan,2026-05-09,Amazon,Amazon,,0,0,0,0,Collecter des données
bon-plan-swiffer-balai-attrape-poussiere-kit-demarrage-amazon-2026,"Bon plan Swiffer Balai Attrape-Poussière kit de démarrage à 13,20€ sur Amazon (-40%, 1 balai + 16 lingettes sèches + 8 lingettes humides)",bon-plan,2026-05-09,Amazon,Amazon,,0,0,0,0,Collecter des données
bon-plan-tefal-cafetiere-filtre-compacte-cm340811-amazon-2026,"Tefal CM340811 : cafetière filtre compacte 0,6 L à 19,30€ (-45%) sur Amazon",bon-plan,2026-04-25,Amazon,Amazon,,0,0,0,0,Collecter des données
bon-plan-tefal-faitout-duetto-24cm-induction-amazon-2026,"Bon plan Tefal Faitout Duetto A7054663 24 cm induction à 34,99€ Amazon (-31%)",bon-plan,2026-05-07,Amazon,Amazon,,0,0,0,0,Collecter des données
bon-plan-tefal-filtra-one-friteuse-classique-amazon-2026,"Bon plan Amazon : friteuse Tefal Filtra One 2,1L à 59,99€ (-25%) au lieu de 79,99€",bon-plan,2026-04-28,Amazon,Amazon,,0,0,0,0,Collecter des données
bon-plan-thermobaby-rehausseur-chaise-2-en-1-amazon-2026,"Thermobaby Rehausseur 2 en 1 à 22,10€ sur Amazon : -60% sur le prix conseillé",bon-plan,2026-04-23,Amazon,Amazon,,0,0,0,0,Collecter des données
bon-plan-too-good-to-go-paniers-antigaspi-3-99-euros-2026,"Bon Plan Too Good To Go : Paniers Anti-Gaspi dès 3,99€ (Valeur 12-20€)",bon-plan,2026-02-24,Direct / autre,toogoodtogo.com,,0,0,0,0,Collecter des données
bon-plan-torriden-dive-in-serum-hyaluronique-yesstyle-2026,Bon Plan YesStyle : Torriden DIVE-IN Serum Hyaluronique à ~14€ — Hydratation 5 Poids Moléculaires,bon-plan,2026-03-10,YesStyle,YesStyle,,0,0,0,0,Collecter des données
bon-plan-under-armour-expedition-72h-jusqu-a-65-pourcent-2026,Under Armour : Expedition 72h — Jusqu'a -65% sur les Vetements & Chaussures de Sport,bon-plan,2026-03-30,Direct / autre,lk.gt,,0,0,0,0,Collecter des données
bon-plan-vasagle-meuble-sous-lavabo-salle-de-bain-70cm-amazon-2026,"Vasagle Meuble sous Lavabo à 43,28€ sur Amazon : -35% pour ranger la salle de bain",bon-plan,2026-04-24,Amazon,Amazon,,0,0,0,0,Collecter des données
bon-plan-velo-electrique-touroll-b1-cdiscount-promo-2026,Velo Electrique Touroll B1 a 529E au lieu de 699E sur Cdiscount,bon-plan,2026-03-26,Awin,tidd.ly,,0,0,0,0,Collecter des données
bon-plan-vtech-coffret-tut-tut-petits-amis-animaux-bebe-amazon-mai-2026,"Bon plan VTech Coffret Bébé Petits Amis des Animaux à 23,99€ sur Amazon (-48%)",bon-plan,2026-05-10,Amazon,Amazon,,0,0,0,0,Collecter des données
bon-plan-wella-eimi-super-set-spray-finition-amazon-2026,"Bon plan Amazon : Wella EIMI Super Set spray de finition extra fort à 10,67€ (-31%) au lieu de 15,52€",bon-plan,2026-05-01,Amazon,Amazon,,0,0,0,0,Collecter des données
bon-plan-wella-fusion-apres-shampoing-reparation-amazon-2026,"Bon plan Amazon : après-shampoing Wella Fusion Réparation Intense 200ml à 10,54€ (-58%) au lieu de 25,10€",bon-plan,2026-04-28,Amazon,Amazon,,0,0,0,0,Collecter des données
bon-plan-wella-invigo-color-brilliance-masque-cheveux-amazon-2026,"Bon plan Amazon : masque Wella Invigo Color Brilliance 150ml à 8,93€ (-57%) au lieu de 20,80€",bon-plan,2026-04-28,Amazon,Amazon,,0,0,0,0,Collecter des données
bon-plan-wella-ultimate-repair-soin-miracle-leave-in-amazon-2026,"Bon plan Amazon : Wella Ultimate Repair Soin Miracle Revitalisant 95ml à 29,62€ (-57%) au lieu de 68,50€",bon-plan,2026-04-28,Amazon,Amazon,,0,0,0,0,Collecter des données
bon-plan-wilkinson-sword-intuition-recharges-lames-promo-amazon-2026,"Wilkinson Sword Intuition 2-en-1 : 6 Recharges a 8,54E (-55%)",bon-plan,2026-03-26,Amazon,Amazon,,0,0,0,0,Collecter des données
bon-plan-yesstyle-5-laits-demaquillants-coreens-2026,K-Beauty : 5 Laits Démaquillants Coréens à Découvrir sur YesStyle,bon-plan,2026-03-10,YesStyle,YesStyle,,0,0,0,0,Collecter des données
bon-plan-yesstyle-axis-y-triple-pdrn-gel-toner-2026,AXIS-Y Triple PDRN Gel Toner + Mini Sérum Offert sur YesStyle,bon-plan,2026-03-11,YesStyle,YesStyle,,0,0,0,0,Collecter des données
bon-plan-yesstyle-beauty-of-joseon-glow-serum-2026,Beauty of Joseon Glow Serum Propolis + Niacinamide -30% sur YesStyle,bon-plan,2026-03-11,YesStyle,YesStyle,,0,0,0,0,Collecter des données
bon-plan-yesstyle-cosrx-peptide-132-soin-cheveux-2026,COSRX Peptide 132 : La Gamme Soin Cheveux K-Beauty qui Répare Tout sur YesStyle,bon-plan,2026-03-10,YesStyle,YesStyle,,0,0,0,0,Collecter des données
bon-plan-yesstyle-derma-b-daily-moisture-body-lotion-2026,Derma:B Daily Moisture Body Lotion -50% sur YesStyle,bon-plan,2026-03-11,YesStyle,YesStyle,,0,0,0,0,Collecter des données
bon-plan-yesstyle-isntree-chestnut-aha-exfoliant-2026,Isntree Chestnut AHA 8% Clear Essence -50% sur YesStyle,bon-plan,2026-07-08,YesStyle,YesStyle,,0,0,0,0,Collecter des données
bon-plan-yesstyle-marymay-hyaluronics-serum-2026,Mary&May Hyaluronics Serum -50% sur YesStyle,bon-plan,2026-03-11,YesStyle,YesStyle,,0,0,0,0,Collecter des données
bon-plan-yesstyle-medicube-age-r-booster-pro-2026,medicube AGE-R Booster Pro + Crème Collagène Offerte sur YesStyle,bon-plan,2026-03-11,YesStyle,YesStyle,,0,0,0,0,Collecter des données
bon-plan-yesstyle-nouveautes-bincavidou-tiam-laneige-serums-k-beauty-2026,"YesStyle : Nouveautes K-Beauty BINCAVIDOU des 8,72€ (-20%) + Serums TIA'M, Laneige, The Saem",bon-plan,2026-03-29,YesStyle,YesStyle,,0,0,0,0,Collecter des données
bon-plan-yesstyle-numbuzin-no3-pore-cleansing-balm-2026,numbuzin No.3 Pore Cleansing Balm -40% sur YesStyle,bon-plan,2026-07-08,YesStyle,YesStyle,,0,0,0,0,Collecter des données
bon-plan-yesstyle-round-lab-dokdo-toner-2026,ROUND LAB 1025 Dokdo Toner -40% sur YesStyle,bon-plan,2026-03-11,YesStyle,YesStyle,,0,0,0,0,Collecter des données
bon-plan-zeporix-tapis-course-pliable-151-euros-amazon-2026,Tapis de Course Pliable Zeporix a 151 euros sur Amazon (-11%),bon-plan,2026-03-31,Amazon,Amazon,,0,0,0,0,Collecter des données
bonobo-planet-codes-promo-reductions-2026,Bonobo Planet : Codes Promo & Réductions — -30% Dès 2 Articles + -15% à l'Inscription Mars 2026,bon-plan,2026-03-04,Direct / autre,bonoboplanet.com,,0,0,0,0,Collecter des données
bons-plans-amazon-french-week-recap-mai-2026,"Récap des meilleurs bons plans Amazon La French Week (mai 2026) : 40+ deals beauté, maison, high-tech jusqu'à -90%",bon-plan,2026-05-01,Amazon,Amazon,,0,0,0,0,Collecter des données
bons-plans-maquillage-amazon-mars-2026,"Bons Plans Maquillage Amazon — Fond de Teint, Mascara, Rouge à Lèvres Pas Cher",bon-plan,2026-06-09,Amazon,Amazon,,0,0,0,0,Collecter des données
bons-plans-soins-cheveux-amazon-mars-2026,"Bons Plans Soins Cheveux Amazon — Shampoings, Masques & Huiles Pas Cher",bon-plan,2026-06-09,Amazon,Amazon,,0,0,0,0,Collecter des données
bons-plans-soins-visage-amazon-mars-2026,"Bons Plans Soins Visage Amazon — Sérums, Crèmes & Nettoyants Pas Cher",bon-plan,2026-06-09,Amazon,Amazon,,0,0,0,0,Collecter des données
bosch-professional-boulonneuse-gds-18v-350-166-24-euros-amazon-moins-27-pourcent,"Boulonneuse Bosch Professional GDS 18V-350 à 166,24€ au lieu de 228€ (-27%)",bon-plan,2026-04-06,Amazon,Amazon,,0,0,0,0,Collecter des données
bouffees-chaleur-menopause-solutions-naturelles-2026,Bouffées de chaleur à la ménopause : les solutions naturelles qui marchent,beaute,2026-04-08,Amazon,Amazon,,0,0,0,0,Collecter des données
bougies-parfumees-maison-diy-recette-facile-economique-2026,Bougies parfumées maison : la recette DIY facile et économique,bon-plan,2026-04-22,Amazon,Amazon,,0,0,0,0,Collecter des données
box-beaute-beauty-factory-box-beaute-pas-cher-jusqu-a-90-pourcent-mars-2026,"Beauty Factory : box beauté jusqu'à -90% (Marie Claire, Cosmo)",box-beaute,2026-03-24,Effiliation,track.effiliation.com,,0,0,0,0,Collecter des données
box-beaute-belle-au-naturel-rituel-printemps-bio-29-90-euros-2026,"Belle au Naturel : Box Bio Rituel de Printemps dès 29,90 €",box-beaute,2026-03-27,Direct / autre,belleaunaturel.fr,,0,0,0,0,Collecter des données
box-beaute-biotyfull-baija-bronzage-eclatant-13-euros-mai-2026,Biotyfull Box mai 2026 : 12 produits (164 €) pour 13 €,box-beaute,2026-05-01,Direct / autre,lk.gt,,0,0,0,0,Collecter des données
box-beaute-biotyfullbox-fraicheur-florale-printemps-2026,"BIOTYFULL Box Fraîcheur Florale : 6 Produits Bio à 16,90€/mois",box-beaute,2026-03-11,Affilae,c3po.link,,0,0,0,0,Collecter des données
box-beaute-blissim-splendist-printemps-coffret-isabeau-cultissime-2026,"Blissim : 3 Coffrets Beauté dès 36,55 € (Splendist, Cultissime)",box-beaute,2026-03-28,Awin,tidd.ly,,0,0,0,0,Collecter des données
box-beaute-blissim-sunny-mood-mai-2026,"Box Blissim mai 2026 Sunny Mood : 6 produits pour 18,90 €",box-beaute,2026-05-01,Awin,tidd.ly,,0,0,0,0,Collecter des données
box-beaute-elle-des-petits-hauts-trousse-350-euros-44-euros-2026,350 € de beauté dans une trousse Des Petits Hauts (44 €,box-beaute,2026-06-04,Direct / autre,elle.fr,,0,0,0,0,Collecter des données
box-beaute-glowria-promo-exceptionnelle-12-90-euros-serum-flanerie-offert-mars-2026,"Glowria : Promo Exceptionnelle 12,90E au lieu de 24,90E + Serum Flanerie Offert",box-beaute,2026-03-25,Affilae,c3po.link,,0,0,0,0,Collecter des données
box-beaute-glowria-voyage-rio-mai-2026,"Box Glowria mai 2026 « Voyage à Rio » : 6 produits dès 16,50 €",box-beaute,2026-05-01,Affilae,c3po.link,,0,0,0,0,Collecter des données
box-beaute-lookfantastic-mai-2026,Box Lookfantastic mai 2026 : mensuelle 17 € + Mother's Day,box-beaute,2026-05-08,Awin,tidd.ly,,0,0,0,0,Collecter des données
box-beaute-my-little-box-patyka-mai-2026,My Little Box mai 2026 × Patyka : 3 soins Hydra taille normale,box-beaute,2026-05-01,Affilae,c3po.link,,0,0,0,0,Collecter des données
box-beaute-prescription-lab-potion-enchanteresse-mai-2026,"Box Prescription Lab mai 2026 : 5 essentiels (145 €) pour 19,90 €",box-beaute,2026-05-01,Affilae,c3po.link,,0,0,0,0,Collecter des données
box-beaute-recap-meilleures-box-mai-2026,Récap des 7 meilleures box beauté de mai 2026,box-beaute,2026-05-01,Affilae,c3po.link,,0,0,0,0,Collecter des données
box-cosmopolitan-routine-coup-eclat-25-euros-au-lieu-242-mai-2026,Box Cosmopolitan Coup d'Éclat : 8 produits à 25 € (-89%),box-beaute,2026-05-04,Direct / autre,fnty.co,,0,0,0,0,Collecter des données
box-mademoiselle-confettis-mai-2026-color-pop-enfant,Box Mademoiselle Confettis mai 2026 : Color Pop enfant,box-beaute,2026-05-14,Affilae,c3po.link,,0,0,0,0,Collecter des données
box-marie-claire-skin-expert-fete-des-meres-39-90-euros-mai-2026,"Box Marie Claire Skin Expert Fête des Mères : 10 produits pour 39,90 €",box-beaute,2026-05-08,Direct / autre,fnty.co,,0,0,0,0,Collecter des données
box-monsieur-edition-limitee-fete-des-peres-8-produits-grooming-29-90-euros-mai-2026,"Box Avantages Monsieur : 8 soins grooming pour 29,90 €",box-beaute,2026-05-15,Direct / autre,fnty.co,,0,0,0,0,Collecter des données
brasero-jeu-concours-gagner-brasero-2026,Jeu Concours Brasero.com : Gagnez un Brasero Gratuit (2026),concours,2026-03-12,Direct / autre,brasero.com,,0,0,0,0,Collecter des données
braun-silk-epil-7-epilateur-electrique-sans-fil-amazon-promo-2026,"Braun Silk-épil 7 : Épilateur Électrique Sans Fil à 79,20€ au Lieu de 92,97€ (-15%)",bon-plan,2026-04-02,Amazon,Amazon,,0,0,0,0,Collecter des données
braun-silk-epil-9-flex-skinspa-209-euros-promo-amazon-avril-2026,"Braun Silk-épil 9 Flex SkinSpa Coffret à 209,99€ au lieu de 349,99€ (-40%)",bon-plan,2026-04-19,Amazon,Amazon,,0,0,0,0,Collecter des données
braun-silk-expert-pro-5-lumiere-pulsee-389-euros-promo-amazon-2026,"Braun Silk-expert Pro 5 : avis, utilisation et prix",bon-plan,2026-07-27,Amazon,Amazon,,0,0,0,0,Collecter des données
bridelice-jeu-concours-cookeo-infinity-produits-2026,"Bridelice : gagnez un Cookeo Infinity blanc (valeur 449,99€)",concours,2026-04-14,Direct / autre,bridelice.fr,,0,0,0,0,Collecter des données
bridelice-jeux-concours-recettes,Bridélice : Jeux Concours 2026 — Gagnez des Cadeaux Cuisine,concours,2026-03-06,Direct / autre,bridelice.fr,,0,0,0,0,Collecter des données
but-20-euros-rembourses-bon-achat-selection-mars-2026,BUT : 20€ Remboursés en Bon d'Achat sur une Sélection (Même sur les Promos),bon-plan,2026-03-24,Direct / autre,but.fr,,0,0,0,0,Collecter des données
but-jusqu-a-100-euros-rembourses-avril-2026,"BUT : jusqu'a 100 euros rembourses sur le meuble, electromenager, literie et jardin",bon-plan,2026-04-06,Direct / autre,but.fr,,0,0,0,0,Collecter des données
cache-cache-20-euros-bon-achat-offerts-50-euros-avril-2026,Cache Cache : 20€ offerts en bon d'achat dès 50€ dépensés,bon-plan,2026-04-09,Direct / autre,cache-cache.fr,,0,0,0,0,Collecter des données
cache-cache-bon-plan-reductions-mode-2026,Cache Cache : Jusqu'à -25% avec le code MERCI + livraison gratuite,bon-plan,2026-03-05,Direct / autre,cache-cache.fr,,0,0,0,0,Collecter des données
cadeau-de-naissance-idees-cadeaux-bebe-2026,Cadeau de naissance utile : 42 idées par budget,test-avis,2026-06-04,Amazon,Amazon,,0,0,0,0,Collecter des données
calendrier-apres-prescription-lab-25-produits-59-euros-mai-2026,Calendrier de l'Après Prescription Lab : 25 produits pour 49 €,calendrier-avent,2026-05-04,Affilae,c3po.link,,0,0,0,0,Collecter des données
camif-chasse-oeufs-paques-concours-2026,Camif : Chasse aux oeufs de Pâques et bons d'achat à gagner,concours,2026-03-05,Direct / autre,camif.fr,,0,0,0,0,Collecter des données
campings-atlantique-jeu-concours-sejour-2026,Campings Atlantique : Gagnez un séjour en camping 2026,concours,2026-03-04,Direct / autre,campings-atlantique.com,,0,0,0,0,Collecter des données
caroll-bon-plan-mode-femme-printemps-2026,Bon Plan Caroll : Mode Femme Élégante jusqu'à -50% + Réductions Cumulables,bon-plan,2026-03-07,Direct / autre,lk.gt,,0,0,0,0,Collecter des données
carrefour-jeu-concours-traiteur-2026,Concours Carrefour Traiteur : Tentez de Gagner des Lots Gourmands,concours,2026-03-13,Direct / autre,carrefour.fr,,0,0,0,0,Collecter des données
carryboo-kit-essai-couches-gratuites-5-couches-bebe-2026,Carryboo : kit d'essai de 5 couches gratuites,test-gratuit,2026-04-17,Awin,tidd.ly,,0,0,0,0,Collecter des données
casaria-ensemble-table-manger-4-chaises-chene-amazon-promo-2026,"Casaria Ensemble Table à Manger + 4 Chaises Chêne à 94,99€ au Lieu de 126,99€ (-25%)",bon-plan,2026-04-02,Amazon,Amazon,,0,0,0,0,Collecter des données
cashback-rakuten-guide-rakuten-points-club-r-gagner-argent-achats-2026,Cashback Rakuten 2026 : comment gagner de l'argent sur tes achats avec les Rakuten Points et le Club R,bon-plan,2026-05-24,Direct / autre,fnty.co,,0,0,0,0,Collecter des données
casting-bonobo-20-ans-2026-devenez-visage-marque,Casting Bonobo 20 ans : devenez le nouveau visage de la marque en 2026,bon-plan,2026-03-23,Direct / autre,bonoboplanet.com,,0,0,0,0,Collecter des données
catrice-diamond-glaze-lip-gloss-holographique-test-gratuit-2026,Catrice Diamond Glaze Lip Gloss holographique : 10 a tester,test-gratuit,2026-04-15,Direct / autre,free-cosmetic-testing.com,,0,0,0,0,Collecter des données
cecotec-bamba-ionicare-5200-seche-cheveux-2300w-15-90-euros-amazon-moins-31-pourcent,"Cecotec Seche-Cheveux Ionique 2300W avec Diffuseur : 15,90€ (-31%)",bon-plan,2026-04-16,Amazon,Amazon,,0,0,0,0,Collecter des données
cecotec-proclean-6010-micro-ondes-23l-65-90-euros-moins-26-pourcent-amazon-2026,"Cecotec ProClean 6010 : micro-ondes 23L inox à 65,90€ au lieu de 88,90€ (-26%)",bon-plan,2026-04-18,Amazon,Amazon,,0,0,0,0,Collecter des données
center-parcs-vente-flash-printemps-2026,Center Parcs : Vente Flash Printemps Jusqu'a -500€ + 3 Offres en Cours,bon-plan,2026-03-21,Direct / autre,centerparcs.fr,,0,0,0,0,Collecter des données
cerave-patchs-bouton-anti-imperfections-test-gratuit-2026,CeraVe : 18 patchs bouton anti-imperfections à tester,test-gratuit,2026-04-18,Direct / autre,testerdesproduits.fr,,0,0,0,0,Collecter des données
chateau-saint-roux-escapade-gourmande-jeu-concours-2026,Gagnez une Escapade Gourmande au Chateau Saint-Roux en Provence,concours,2026-03-21,Direct / autre,cosmopolitan.fr,,0,0,0,0,Collecter des données
chaussea-chaussures-pas-cher-promo-2026,"Chaussea — chaussures jusqu'à -70% : promos, codes réduc et livraison gratuite",bon-plan,2026-07-22,Direct / autre,jwv.chaussea.com,,0,0,0,0,Collecter des données
chicco-baby-hug-armonia-4en1-test-produit-gratuit-mars-2026,Test gratuit Chicco Baby Hug Armonia 4-en-1,test-gratuit,2026-03-07,Direct / autre,chicco.fr,,0,0,0,0,Collecter des données
chicco-next2me-essential-berceau-cododo-117-euros-promo-amazon-avril-2026,"Chicco Next2Me Essential : berceau cododo à 102,59€ sur Amazon",bon-plan,2026-07-07,Amazon,Amazon,,0,0,0,0,Collecter des données
chicco-test-gratuit-poussette-dolomiti-avril-2026,Test gratuit Chicco : testez la poussette Dolomiti gratuitement,test-gratuit,2026-04-03,Direct / autre,chicco.fr,,0,0,0,0,Collecter des données
chicco-testeur-test-produit-bebe-puericulture-gratuit,Test gratuit Chicco Testeur : des Produits Bébé et Puériculture,test-gratuit,2026-03-04,Direct / autre,chicco.fr,,0,0,0,0,Collecter des données
circles-avis-test-cures-naturelles-hormones-femme-2026,Circles : On a Testé les Cures Naturelles pour l'Équilibre Hormonal,test-gratuit,2026-04-05,Amazon,Amazon,,0,0,0,0,Collecter des données
cirmine-voiture-telecommandee-4x4-monster-truck-68-euros-promo-amazon-avril-2026,"Voiture Télécommandée 4x4 Monster Truck Cirmine à 68,51€ (-30%)",bon-plan,2026-04-20,Amazon,Amazon,,0,0,0,0,Collecter des données
clarins-double-serum-fond-de-teint-nouveau-soin-maquillage-2026,Test Clarins Double Serum : fond de teint qui rajeunit de 3 ans,test-avis,2026-07-25,Direct / autre,fnty.co,,0,0,0,0,Collecter des données
code-promo-a-demain-mars-2026,Code promo À Demain : -10% sur votre 1ère commande,code-promo,2026-05-21,Affilae,c3po.link,,0,0,0,0,Collecter des données
code-promo-adopt-mars-2026,Adopt : codes promo & parfums pas chers 2026,code-promo,2026-06-25,Affilae,lb.affilae.com,,0,0,0,0,Collecter des données
code-promo-afibel-mai-2026,Afibel : codes promo & mode senior 2026,code-promo,2026-06-25,Direct / autre,fnty.co,,0,0,0,0,Collecter des données
code-promo-amazon-french-week-prime15-frenchweek10-mai-2026,Code promo Amazon La French Week : 15 € Prime dès 50 €,code-promo,2026-04-30,Amazon,Amazon,,0,0,0,0,Collecter des données
code-promo-atelier-du-sourcil-mars-2026,Atelier du Sourcil : codes promo & soins regard 2026,code-promo,2026-06-25,Awin,tidd.ly,,0,0,0,0,Collecter des données
code-promo-baija-french-days-jusqu-a-50-pourcent-mai-2026,Code promo Baïja French Days : jusqu'à -50% + 10% newsletter,code-promo,2026-05-04,Direct / autre,lk.gt,,0,0,0,0,Collecter des données
code-promo-beaba-mars-2026,Béaba : soldes d'été + code LAST5 -5% et livraison offerte dès 70€,code-promo,2026-07-21,Direct / autre,lk.gt,,0,0,0,0,Collecter des données
code-promo-beauty-success-mars-2026,Beauty Success : codes promo & parfums 2026,code-promo,2026-06-25,Direct / autre,fnty.co,,0,0,0,0,Collecter des données
code-promo-biogemm-mars-2026,Code Promo Biogemm Mars 2026 : BIO10 -15% + Box Immuno -32%,code-promo,2026-03-17,Affilae,c3po.link,,0,0,0,0,Collecter des données
code-promo-biotyfull-box-mars-2026,"Code Promo Biotyfull Box Mars 2026 : -50% 1ere Box + Abonnement des 9,90€",code-promo,2026-03-17,Affilae,c3po.link,,0,0,0,0,Collecter des données
code-promo-blancheporte-mars-2026,Blancheporte : codes promo & mode famille 2026,code-promo,2026-06-25,Direct / autre,fnty.co,,0,0,0,0,Collecter des données
code-promo-blissim-mai-2026,Code promo Blissim : 7 réductions box beauté et shop,code-promo,2026-05-06,Awin,tidd.ly,,0,0,0,0,Collecter des données
code-promo-c-mon-etiquette-mars-2026,Code Promo C-MonEtiquette Mars 2026 : Poulpeo10 -10% + Jusqu'a 50%,code-promo,2026-03-17,Direct / autre,lk.gt,,0,0,0,0,Collecter des données
code-promo-cdiscount-lego-vehicules-voiture20-juillet-2026,Cdiscount LEGO Véhicules : -20 € dès 60 € avec code VOITURE20,code-promo,2026-07-22,Awin,tidd.ly,,0,0,0,0,Collecter des données
code-promo-covigneron-mars-2026,Code Promo Covigneron Mars 2026 : 10% + Parrainage 10€ Offerts,code-promo,2026-03-17,Affilae,c3po.link,,0,0,0,0,Collecter des données
code-promo-creabul-mars-2026,Code Promo Creabul Mars 2026 : 15% + Parrainage 10€ + Jusqu'a -40%,code-promo,2026-03-17,Affilae,c3po.link,,0,0,0,0,Collecter des données
code-promo-darty-mai-2026,Darty : codes promo & bons plans tech 2026,code-promo,2026-06-25,Awin,tidd.ly,,0,0,0,0,Collecter des données
code-promo-daxon-mars-2026,Daxon : codes promo & mode senior 2026,code-promo,2026-06-25,Direct / autre,daxon.fr,,0,0,0,0,Collecter des données
code-promo-demain-beauty-mars-2026,Code Promo Demain Beauty Mars 2026 : 15% Newsletter + Fidelite 500pts=5€,code-promo,2026-03-17,Affilae,c3po.link,,0,0,0,0,Collecter des données
code-promo-dr-pierre-ricaud-mai-2026,Dr Pierre Ricaud : 4 codes promo + soldes jusqu'à -65 %,code-promo,2026-07-03,Awin,awin1.com,,0,0,0,0,Collecter des données
code-promo-erborian-french-days-fete-meres-mai-2026,Code promo Erborian : cadeau GLOW dès 79€ + -20% best-sellers,code-promo,2026-06-16,Direct / autre,fr.erborian.com,,0,0,0,0,Collecter des données
code-promo-glowria-mars-2026,"Code Promo Glowria Mars 2026 : SPRING -15% + Box Blooming Season des 16,50€",code-promo,2026-03-17,Affilae,c3po.link,,0,0,0,0,Collecter des données
code-promo-greenweez-mars-2026,"Greenweez : codes promo, offres bio et cashback",code-promo,2026-07-27,Direct / autre,greenweez.com,,0,0,0,0,Collecter des données
code-promo-ioma-mars-2026,Ioma Paris : codes promo & soins personnalisés 2026,code-promo,2026-06-25,Awin,awin1.com,,0,0,0,0,Collecter des données
code-promo-jho-mars-2026,Jho : codes promo & protections menstruelles bio 2026,code-promo,2026-06-25,Affilae,lb.affilae.com,,0,0,0,0,Collecter des données
code-promo-la-roche-posay-marque-du-moment-lookfantastic-cadeau-40-euros-code-shop-22-pourcent-mai-2026,La Roche-Posay sur Lookfantastic : -22% + UVMune offert,code-promo,2026-05-15,Awin,tidd.ly,,0,0,0,0,Collecter des données
code-promo-lea-nature-mars-2026,Code promo Léa Nature : Soldes -40% + code SOLEIL20 -20%,code-promo,2026-07-01,Direct / autre,lk.gt,,0,0,0,0,Collecter des données
code-promo-little-cigogne-mars-2026,Code Promo Little Cigogne Mars 2026 : SUNRDC25 -25% + 6 Codes,code-promo,2026-03-17,Affilae,c3po.link,,0,0,0,0,Collecter des données
code-promo-lookfantastic-mars-2026,Code promo Lookfantastic : SALELF -30% + SHOP -22%,code-promo,2026-05-08,Awin,tidd.ly,,0,0,0,0,Collecter des données
code-promo-mademoiselle-bio-french-days-mai-2026,Mademoiselle Bio : codes promo & beauté bio 2026,code-promo,2026-06-25,Effiliation,track.effiliation.com,,0,0,0,0,Collecter des données
code-promo-nocibe-mars-2026,Code Promo Nocibe Mars 2026 : -25% avec 25PRINTEMPS + Offres Exclusives,code-promo,2026-03-17,Direct / autre,nocibe.fr,,0,0,0,0,Collecter des données
code-promo-pranarom-mars-2026,Pranarom : codes promo & aromathérapie 2026,code-promo,2026-06-25,Affilae,lb.affilae.com,,0,0,0,0,Collecter des données
code-promo-seasonly-mars-2026,Seasonly : codes promo & soins personnalisés 2026,code-promo,2026-06-25,Awin,tidd.ly,,0,0,0,0,Collecter des données
code-promo-sephora-mars-2026,Code Promo Sephora Mars 2026 : Jusqu'a 40% de Reduction,code-promo,2026-03-17,Direct / autre,sephora.fr,,0,0,0,0,Collecter des données
code-promo-somatoline-cosmetic-french-days-mai-2026,"Code promo Somatoline Cosmetic : -25%, -30%, -40% + livraison",code-promo,2026-04-29,Direct / autre,somatolinecosmetic.fr,,0,0,0,0,Collecter des données
code-promo-stylevana-mars-2026,Stylevana : codes promo & K-beauty 2026,code-promo,2026-06-25,Awin,tidd.ly,,0,0,0,0,Collecter des données
code-promo-thalgo-mars-2026,Thalgo : codes promo & soins marins 2026,code-promo,2026-06-25,Direct / autre,lk.gt,,0,0,0,0,Collecter des données
code-promo-uriage-mars-2026,Code promo Uriage : stick solaire SPF50+ offert + -15% 1ère commande,code-promo,2026-06-25,Direct / autre,lk.gt,,0,0,0,0,Collecter des données
code-promo-vertbaudet-15-euros-des-70-euros-laboiterose-mai-2026,Code promo Vertbaudet : -15 € dès 70 € via La Boîte Rose,code-promo,2026-05-05,Awin,awin1.com,,0,0,0,0,Collecter des données
code-promo-weleda-mars-2026,Weleda : codes promo & cosmétiques bio 2026,code-promo,2026-06-25,Direct / autre,lk.gt,,0,0,0,0,Collecter des données
code-promo-yves-rocher-mars-2026,Code Promo Yves Rocher Mars 2026 : Livraison Gratuite + Jusqu'a -70%,code-promo,2026-03-17,Direct / autre,yves-rocher.fr,,0,0,0,0,Collecter des données
code-promo-zooplus-mars-2026,Zooplus : codes promo & bons plans animalerie 2026,code-promo,2026-06-25,Awin,tidd.ly,,0,0,0,0,Collecter des données
codes-promo-le-slip-francais-mai-2026-short-bain-offert-paquet-surprise-fete-des-peres,Codes promo Le Slip Français : short de bain offert dès 90 €,code-promo,2026-05-16,Direct / autre,leslipfrancais.fr,,0,0,0,0,Collecter des données
codes-promo-sans-complexe-mai-2026-jours-irresistibles-40-pourcent-cadeau-tote-bag-leopard,Sans Complexe : prolongation soldes -60 % + cadeau offert 22-28 juillet,code-promo,2026-07-22,Direct / autre,lk.gt,,0,0,0,0,Collecter des données
coffret-79-accessoires-cheveux-elastiques-chouchous-pinces-11-72-euros-amazon-moins-31-pourcent,"Coffret 79 Accessoires Cheveux (elastiques, chouchous satin, pinces) : 11,72€ (-31%)",bon-plan,2026-04-15,Amazon,Amazon,,0,0,0,0,Collecter des données
coffrets-beaute-fete-des-meres-2026-idees-cadeaux,Fête des mères : 5 coffrets beauté qui font vraiment plaisir,comparatif,2026-07-25,Amazon,Amazon,,0,0,0,0,Collecter des données
collosol-mi-eau-mi-lait-test-produit-gratuit-demaquillant-2026,Collosol Mi-Eau Mi-Lait : 35 produits gratuits a tester,test-gratuit,2026-04-14,Direct / autre,collosol-paris.com,,0,0,0,0,Collecter des données
comment-gerer-budget-familial-guide-complet-outils-2026,Comment gérer son budget familial : le guide complet avec les meilleurs outils,bon-plan,2026-04-04,Amazon,Amazon,,0,0,0,0,Collecter des données
comparatif-coffrets-parfum-fete-des-meres-2026,Quel parfum offrir à sa mère ? 6 coffrets comparés,comparatif,2026-07-25,Amazon,Amazon,,0,0,0,0,Collecter des données
comparatif-complements-alimentaires-menopause-2026,Compléments alimentaires ménopause : comparatif des 5 meilleurs en,comparatif,2026-04-08,Amazon,Amazon,,0,0,0,0,Collecter des données
comparatif-meilleur-apres-shampoing-2026,Meilleur après-shampoing 2026 : 5 modèles testés,comparatif,2026-06-04,Awin,tidd.ly,,0,0,0,0,Collecter des données
comparatif-meilleur-gel-cheveux-homme-2026,Gel cheveux homme qui tient : 6 marques testées (sans carton),comparatif,2026-06-04,Amazon,Amazon,,0,0,0,0,Collecter des données
comparatif-meilleur-lisseur-boucleur-2026,Meilleur lisseur boucleur 2026 : 5 modèles testés,comparatif,2026-06-04,Awin,tidd.ly,,0,0,0,0,Collecter des données
comparatif-meilleur-masque-led-visage-anti-age-2026,Meilleur masque LED visage anti-âge 2026 : le comparatif,comparatif,2026-07-27,Amazon,Amazon,,0,0,0,0,Collecter des données
comparatif-meilleur-produit-lissant-cheveux-2026,Meilleur produit lissant cheveux 2026 : 5 sérums testés,comparatif,2026-06-04,Awin,tidd.ly,,0,0,0,0,Collecter des données
comparatif-meilleur-seche-cheveux-2026,Meilleur sèche-cheveux 2026 : 5 modèles testés,comparatif,2026-06-04,Amazon,Amazon,,0,0,0,0,Collecter des données
comparatif-meilleur-seche-cheveux-professionnel-2026,Meilleur sèche-cheveux professionnel 2026 : 5 modèles testés,comparatif,2026-06-04,Awin,tidd.ly,,0,0,0,0,Collecter des données
comparatif-meilleur-shampoing-2026,Meilleur shampoing 2026 : 7 modèles testés,comparatif,2026-06-04,Awin,tidd.ly,,0,0,0,0,Collecter des données
comparatif-meilleur-soin-cheveux-2026,Meilleur soin cheveux 2026 : 5 masques et huiles testés,comparatif,2026-06-04,Awin,tidd.ly,,0,0,0,0,Collecter des données
comparatif-meilleur-spray-cheveux-2026,Meilleur spray cheveux 2026 : 5 laques testées,comparatif,2026-06-04,Awin,tidd.ly,,0,0,0,0,Collecter des données
comparatif-meilleure-brosse-cheveux-2026,Meilleure brosse à cheveux 2026 : 5 modèles testés,comparatif,2026-06-04,Awin,tidd.ly,,0,0,0,0,Collecter des données
comparatif-meilleure-coloration-cheveux-2026,Meilleure coloration cheveux 2026 : 5 marques testées,comparatif,2026-06-04,Awin,tidd.ly,,0,0,0,0,Collecter des données
comparatif-meilleure-tondeuse-cheveux-2026,Meilleure tondeuse à cheveux 2026 : 6 modèles testés,comparatif,2026-06-04,Amazon,Amazon,,0,0,0,0,Collecter des données
comparatif-meilleures-bandes-cire-froide-amazon-2026,"Bandes de cire froide : 5 meilleures pour jambes, maillot, visage",comparatif,2026-06-10,Amazon,Amazon,,0,0,0,0,Collecter des données
comparatif-meilleures-brosses-a-dents-electriques-2026,Meilleures brosses à dents électriques 2026 : notre comparatif,comparatif,2026-07-23,Amazon,Amazon,,0,0,0,0,Collecter des données
comparatif-meilleures-cires-roll-on-amazon-2026,Cires roll-on : 5 meilleurs kits et recharges pour épilation maison,comparatif,2026-06-10,Amazon,Amazon,,0,0,0,0,Collecter des données
comparatif-meilleures-colorations-cheveux-2026,"Meilleures colorations cheveux 2026 : notre top 5 (sans ammoniaque, naturelle, budget)",comparatif,2026-07-23,Amazon,Amazon,,0,0,0,0,Collecter des données
comparatif-meilleures-cremes-depilatoires-amazon-2026,Crèmes dépilatoires : 5 incontournables pour jambes et maillot,comparatif,2026-06-10,Amazon,Amazon,,0,0,0,0,Collecter des données
comparatif-meilleures-cremes-solaires-amazon-2026-guide-achat,Meilleures crèmes solaires : comparatif 8 SPF50 visage & corps,comparatif,2026-05-25,Amazon,Amazon,,0,0,0,0,Collecter des données
comparatif-meilleures-glacieres-amazon-2026-guide-achat,Meilleures glacières : comparatif top 8 pour l'été,comparatif,2026-05-25,Amazon,Amazon,,0,0,0,0,Collecter des données
comparatif-meilleurs-demaquillants-2026,Meilleur démaquillant 2026 : 4 modèles testés dès 3 €,comparatif,2026-06-04,Amazon,Amazon,,0,0,0,0,Collecter des données
comparatif-meilleurs-dentifrices-2026,"Meilleurs dentifrices 2026 : notre top 5 par besoin (sensibilité, gencives, blancheur)",comparatif,2026-07-23,Amazon,Amazon,,0,0,0,0,Collecter des données
comparatif-meilleurs-diffuseurs-nebulisation-amazon-2026,Meilleurs diffuseurs par nébulisation : comparatif 6 modèles,comparatif,2026-05-29,Amazon,Amazon,,0,0,0,0,Collecter des données
comparatif-meilleurs-epilateurs-electriques-amazon-2026,"Épilateurs électriques : 5 meilleurs pour jambes, maillot et corps",comparatif,2026-07-23,Amazon,Amazon,,0,0,0,0,Collecter des données
comparatif-meilleurs-epilateurs-lumiere-pulsee-ipl-amazon-2026-guide-achat,Épilation définitive à domicile : top 8 appareils IPL,comparatif,2026-07-23,Amazon,Amazon,,0,0,0,0,Collecter des données
comparatif-meilleurs-jets-dentaires-hydropulseurs-2026,Meilleurs jets dentaires hydropulseurs 2026 : notre comparatif,comparatif,2026-07-23,Amazon,Amazon,,0,0,0,0,Collecter des données
comparatif-meilleurs-parfums-femme-amazon-2026-guide-achat,Meilleurs parfums femme : comparatif top 7 par famille olfactive,comparatif,2026-05-23,Amazon,Amazon,,0,0,0,0,Collecter des données
comparatif-meilleurs-produits-barbe-homme-amazon-2026,Les 4 meilleurs produits pour barbe à acheter sur Amazon en 2026,comparatif,2026-05-16,Amazon,Amazon,,0,0,0,0,Collecter des données
comparatif-meilleurs-produits-epilation-cire-amazon-2026-guide-achat,Épilation à la cire : les 8 meilleurs produits Amazon,comparatif,2026-05-26,Amazon,Amazon,,0,0,0,0,Collecter des données
comparatif-meilleurs-rasoirs-homme-amazon-2026-guide-achat,Les 4 meilleurs rasoirs pour homme,comparatif,2026-05-16,Amazon,Amazon,,0,0,0,0,Collecter des données
comparatif-meilleurs-rasoirs-jetables-femme-amazon-2026,"Rasoirs jetables femme : 5 meilleurs Gillette, BIC et Wilkinson",comparatif,2026-06-10,Amazon,Amazon,,0,0,0,0,Collecter des données
comparatif-meilleurs-rouges-levres-amazon-2026,Rouges à lèvres longue tenue : 5 meilleurs Maybelline et NYX,comparatif,2026-06-10,Amazon,Amazon,,0,0,0,0,Collecter des données
comparatif-meilleurs-shampooings-solides-2026,Meilleur shampoing solide 2026 : 4 testés,comparatif,2026-06-04,Amazon,Amazon,,0,0,0,0,Collecter des données
comparatif-meilleurs-soins-visage-homme-amazon-2026-test-avis,Les 6 meilleurs soins visage pour homme à acheter sur Amazon en,comparatif,2026-05-16,Amazon,Amazon,,0,0,0,0,Collecter des données
comparatif-ninja-creami-vs-moulinex-dolci-machine-glace-2026,Ninja Creami vs Moulinex Dolci : lequel choisir en 2026 ?,comparatif,2026-07-22,Amazon,Amazon,,0,0,0,0,Collecter des données
comparatif-robots-tondeuses-mammotion-worx-amazon-mai-2026,Comparatif robots tondeuses : Mammotion LUBA Mini 2 vs WORX Vision,comparatif,2026-05-12,Amazon,Amazon,,0,0,0,0,Collecter des données
concours-20-minutes-48h-bd-10-bd-manga-a-gagner-avril-2026,Concours 20 Minutes x 48H de la BD : 5 Lots de 10 BD et Mangas,concours,2026-03-26,Direct / autre,20minutes.fr,,0,0,0,0,Collecter des données
concours-4-pieds-jours-jardin-week-end-nature-avril-2026,Concours 4 Pieds Les Jours Jardin : un week-end nature pour 2,concours,2026-04-03,Direct / autre,4-pieds.com,,0,0,0,0,Collecter des données
concours-50-places-asterix-mission-potions-2026,Concours : 50 places pour Astérix Mission Potions avec Familiscope,concours,2026-03-12,Direct / autre,familiscope.fr,,0,0,0,0,Collecter des données
concours-adrimo-paris-coffret-reve-satin-fete-des-meres-2026,Concours Adrimo Paris : coffret Rêve de Satin 78 € à gagner,concours,2026-04-27,Direct / autre,concours.adrimoparis.com,,0,0,0,0,Collecter des données
concours-aldi-grande-roue-instant-gagnant-bon-achat-10-euros-2026,Concours Aldi La Grande Roue : 1 bon 10 € par jour à gagner,concours,2026-05-05,Direct / autre,jeu.aldi.fr,,0,0,0,0,Collecter des données
concours-alouette-places-concert-santa-cinema-angers-juin-2026,Concours Alouette : places concert Santa au cinéma à gagner,concours,2026-05-25,Direct / autre,alouette.fr,,0,0,0,0,Collecter des données
concours-alsa-cookies-coffret-produits-mai-2026,Concours Alsa Cookies : 10 coffrets produits à gagner,concours,2026-04-27,Direct / autre,alsa.fr,,0,0,0,0,Collecter des données
concours-apericube-best-of-personnalise-boite-apero-2026,Apericube Best Of : Cree ta Boite Personnalisee et Tente de la Gagner,concours,2026-03-24,Direct / autre,bestof.apericube.fr,,0,0,0,0,Collecter des données
concours-aubert-cybex-coya-poussette-nacelle-mai-2026,Concours Aubert × Cybex : duo poussette + nacelle Coya à gagner,concours,2026-05-01,Direct / autre,aubert.com,,0,0,0,0,Collecter des données
concours-aubert-william-kent-poussette-sirius-avril-2026,Concours Aubert x William Kent 1733 : gagnez une poussette Sirius,concours,2026-04-01,Direct / autre,aubert.com,,0,0,0,0,Collecter des données
concours-avene-xeracalm-routine-apaisante-10-lots-2026,Concours Avène XeracalmA.D : 10 routines apaisantes à gagner,concours,2026-04-02,Direct / autre,interaction.eau-thermale-avene.fr,,0,0,0,0,Collecter des données
concours-axkid-mois-dos-route-siege-auto-gratuit-avril-2026,Concours Axkid : siège auto dos à la route à gagner,concours,2026-04-27,Direct / autre,axkid.com,,0,0,0,0,Collecter des données
concours-bel-kiri-60-ans-300-box-instant-gagnant-2026,Concours BEL Kiri 60 ans : 300 box collector à gagner,concours,2026-05-07,Direct / autre,ribambel.com,,0,0,0,0,Collecter des données
concours-bergere-de-france-modele-m6685-annees-50-livre-80-ans-mai-2026,Concours Bergère de France : modèle M6685 + pelotes à gagner,concours,2026-05-06,Direct / autre,communaute.bergeredefrance.fr,,0,0,0,0,Collecter des données
concours-bienmanger-bonto-pistache-en-folie-mai-2026,Concours BienManger × Bonto : lot découverte pistache à gagner,concours,2026-04-27,Direct / autre,bienmanger.com,,0,0,0,0,Collecter des données
concours-bienmanger-puzzle-fete-des-meres-coffret-vie-en-rose-mai-2026,Concours BienManger : coffret gourmand La Vie en Rose à gagner,concours,2026-05-13,Direct / autre,bienmanger.com,,0,0,0,0,Collecter des données
concours-bioderma-crealine-h2o-huile-micellaire-20-gagnants-mai-2026,Concours Bioderma Crealine : 20 eaux/huiles micellaires à gagner,concours,2026-05-05,Direct / autre,bioderma.fr,,0,0,0,0,Collecter des données
concours-bioderma-jeu-roue-sebium-produits-gagner-2026,Concours Bioderma : tournez la roue et gagnez des produits Sébium,concours,2026-04-07,Direct / autre,bioderma.fr,,0,0,0,0,Collecter des données
concours-bleu-libellule-jackpot-7e-element-multistyler-elvoria-avril-2026,Concours Bleu Libellule : 3 Multistyler 5-en-1 Elvoria à gagner,concours,2026-04-27,Direct / autre,bleulibellule.app.qualifioapp.com,,0,0,0,0,Collecter des données
concours-blissim-nuxe-quiz-3-box-collector-a-gagner,Concours Blissim x Nuxe : 3 box collector a gagner avec le quiz,concours,2026-04-06,Direct / autre,communaute.blissim.fr,,0,0,0,0,Collecter des données
concours-bluebird-puzzle-15-lots-made-in-france-mai-2026,Concours Bluebird Puzzle : 15 lots de 2 puzzles Made in France,concours,2026-04-28,Direct / autre,jeux.geo.fr,,0,0,0,0,Collecter des données
concours-bonhomme-de-bois-puzzle-lula-gigamic-2026,"Concours Bonhomme de Bois : un puzzle Lula Gigamic (34,90€)",concours,2026-04-20,Direct / autre,bonhommedebois.com,,0,0,0,0,Collecter des données
concours-bonne-maman-jeu-fete-des-meres-10-coffrets-confiture-mai-2026,Concours Bonne Maman Fête des Mères : 10 coffrets confitures,concours,2026-05-08,Direct / autre,lk.gt,,0,0,0,0,Collecter des données
concours-boulanger-tous-fous-foot-coupe-monde-2026-tv-smartphones-mai-juin,"Concours Boulanger : TV, PC, barres son et smartphones à gagner",concours,2026-05-11,Direct / autre,jeux.boulanger.com,,0,0,0,0,Collecter des données
concours-box-by-elle-csao-sac-amour-coussin-bonheur-mai-2026,"Concours Box by ELLE × CSAO : lot 518 € (sac, coussin) à gagner",concours,2026-04-28,Direct / autre,elle.fr,,0,0,0,0,Collecter des données
concours-breal-grand-jeu-ete-staycation-1000-euros-mai-2026,Concours Bréal : carte cadeau Staycation 1 000 € à gagner,concours,2026-05-05,Direct / autre,breal.net,,0,0,0,0,Collecter des données
concours-brico-cash-einhell-aspirateur-eaux-poussieres-avril-2026,Concours Brico Cash : un Aspirateur Eaux et Poussieres Einhell a Gagner,concours,2026-03-28,Direct / autre,bricocash.fr,,0,0,0,0,Collecter des données
concours-brico-cash-plafonnier-led-rainbow-paulmann-mai-2026,Concours Brico Cash : un plafonnier LED Rainbow Paulmann à gagner,concours,2026-04-20,Direct / autre,bricocash.fr,,0,0,0,0,Collecter des données
concours-bricomarche-mckenzie-gamme-20v-tv-samsung-ecartes-cadeaux-2026,Concours Bricomarché McKenzie : TV Samsung + 10 e-cartes cadeaux de 50€,concours,2026-04-20,Direct / autre,bricomarche.com,,0,0,0,0,Collecter des données
concours-bzb-summer-explorer-2026-1-an-shopping-bons-achat-mai,Concours BZB Summer Explorer : 1 an de shopping + 20 000 bons 5 €,concours,2026-05-11,Direct / autre,jeu-bzb.com,,0,0,0,0,Collecter des données
concours-cache-cache-jeu-ete-100-pourcent-gagnant-voyage-2000-euros-mai-2026,Concours Cache Cache : voyage 2 000 € + coupons 100% gagnant,concours,2026-05-05,Direct / autre,cache-cache.fr,,0,0,0,0,Collecter des données
concours-cacolac-asterix-parc-sejour-virtual-room-septembre-2026,Concours Cacolac × Parc Astérix : 95 entrées + 2 séjours à gagner,concours,2026-04-28,Direct / autre,cacolac-et-les-gaulois.fr,,0,0,0,0,Collecter des données
concours-caminteresse-simogas-plancha-gaz-rainbow-rouge-2-gagnants-juin-2026,Concours Ça M'Intéresse × Simogas : 2 planchas gaz à gagner,concours,2026-05-22,Direct / autre,jeux.caminteresse.fr,,0,0,0,0,Collecter des données
concours-caminteresse-studio-scrap-9-logiciel-loisirs-creatifs-30-gagnants-juin-2026,Concours Ça M'Intéresse × Studio-Scrap 9 : 30 logiciels à gagner,concours,2026-05-22,Direct / autre,jeux.caminteresse.fr,,0,0,0,0,Collecter des données
concours-candia-viva-supporters-cartes-cadeaux-sport-15-100-1000-euros-avril-novembre-2026,Concours Candia Viva : cartes cadeaux sport à gagner,concours,2026-05-26,Direct / autre,jeu-viva-supporters.candia.fr,,0,0,0,0,Collecter des données
concours-casa-azzurra-week-end-rome-cours-cuisine-italienne-34-lots-2026,Concours Casa Azzurra : week-end Rome + cours cuisine (34 lots),concours,2026-06-05,Direct / autre,casa-azzurra-italia.fr,,0,0,0,0,Collecter des données
concours-catch-henkel-voyage-antilles-guadeloupe-martinique-ete-2026,Concours Catch Henkel : 2 voyages aux Antilles à gagner,concours,2026-05-30,Direct / autre,labelleadresse.com,,0,0,0,0,Collecter des données
concours-catit-pixi-bac-litiere-go-natural-cosses-pois-2026,Concours Catit : bac à litière PIXI + Go Natural à gagner,concours,2026-04-02,Direct / autre,catit.com,,0,0,0,0,Collecter des données
concours-cetaphil-voici-20-lots-nettoyer-hydrater-peaux-sensibles-avril-2026,Concours Cetaphil × Voici : 20 lots peaux sensibles à gagner,concours,2026-04-01,Direct / autre,jeux.voici.fr,,0,0,0,0,Collecter des données
concours-cetaphil-voici-20-lots-nettoyer-hydrater-peaux-sensibles-mai-juin-2026,Concours Voici × Cetaphil : 20 lots peaux sensibles à gagner,concours,2026-05-01,Direct / autre,jeux.voici.fr,,0,0,0,0,Collecter des données
concours-charal-40-ans-tour-du-monde-25000-euros-2026,Concours Charal 40 ans : tour du monde 25 000 € à gagner,concours,2026-03-24,Direct / autre,jeu40anscharal.fr,,0,0,0,0,Collecter des données
concours-citizenkid-48h-bd-mangas-2026,"Concours CitizenKid : des BD, Mangas et Comics pour les 48H BD",concours,2026-03-10,Direct / autre,citizenkid.com,,0,0,0,0,Collecter des données
concours-citizenkid-athos-patrouille-de-france-cinema-2026,Concours CitizenKid : places film Athos Patrouille de France,concours,2026-03-10,Direct / autre,citizenkid.com,,0,0,0,0,Collecter des données
concours-citizenkid-leonidas-chocolats-paques-2026,Concours CitizenKid : un Assortiment de Chocolats Leonidas pour Pâques,concours,2026-03-10,Direct / autre,citizenkid.com,,0,0,0,0,Collecter des données
concours-comptoir-de-la-mer-tirage-mensuel-sacs-armor-lux-tbs-2026,Concours Comptoir de la Mer : 1 sac TBS ou Armor Lux par mois,concours,2026-05-12,Direct / autre,helium-connect.fr,,0,0,0,0,Collecter des données
concours-cosmopolitan-atelier-amaya-bijoux-150-euros-fete-meres-mai-2026,Concours Cosmopolitan × L'Atelier d'Amaya : 150 € bijoux à gagner,concours,2026-05-11,Direct / autre,cosmopolitan.fr,,0,0,0,0,Collecter des données
concours-cosmopolitan-box-essentiels-routine-beaute-249-euros-tirage-mai-2026,Concours Cosmopolitan × Box Cosmo : routine beauté 249 € à gagner,concours,2026-05-23,Direct / autre,cosmopolitan.fr,,0,0,0,0,Collecter des données
concours-cosmopolitan-homair-semaine-mobil-home-660-euros-mai-2026,Concours Cosmopolitan × Homair : semaine en mobil-home à gagner,concours,2026-05-04,Direct / autre,cosmopolitan.fr,,0,0,0,0,Collecter des données
concours-cosmopolitan-meti-3-paires-lunettes-solaires-2026,Concours Cosmopolitan x Meti : 3 paires de lunettes solaires,concours,2026-04-20,Direct / autre,cosmopolitan.fr,,0,0,0,0,Collecter des données
concours-coupon-network-grande-loterie-paques-1000-euros-a-gagner,"Concours Coupon Network : Grande Loterie de Paques, 10 x 100 euros a gagner",concours,2026-04-06,Direct / autre,fnty.co,,0,0,0,0,Collecter des données
concours-croustibat-findus-ile-secrete-voyage-parcs-aquatiques-2026,Concours Croustibat Findus L'île secrète : 1 voyage + pass parcs aquatiques,concours,2026-04-20,Direct / autre,jeu-croustibat-findus.fr,,0,0,0,0,Collecter des données
concours-cuisine-actuelle-grand-jeu-paques-2026,Cuisine Actuelle Grand Jeu de Pâques : séjours PortAventura et Homair,concours,2026-04-07,Direct / autre,cuisineactuelle.fr,,0,0,0,0,Collecter des données
concours-cuisine-actuelle-grand-jeu-printemps-2026,"Concours Cuisine Actuelle Printemps : Futuroscope, Shark Ninja",concours,2026-03-27,Direct / autre,cuisineactuelle.fr,,0,0,0,0,Collecter des données
concours-cuisine-actuelle-mars-2026,"Concours Cuisine Actuelle : Voyages, Parcs d'Attraction",concours,2026-03-03,Direct / autre,cuisineactuelle.fr,,0,0,0,0,Collecter des données
concours-cuisine-plus-anniversaire-bons-achats-5000-euros-2026,Concours Cuisine Plus Anniversaire : 5000 euros de Bons d'Achat a Gagner,concours,2026-03-26,Direct / autre,jeux-concours.cuisine-plus.fr,,0,0,0,0,Collecter des données
concours-daddy-coffrets-pots-confiture-personnaliser-2026,Concours Daddy : des coffrets de pots de confiture à personnaliser,concours,2026-04-03,Direct / autre,daddy.fr,,0,0,0,0,Collecter des données
concours-damart-grand-jeu-fete-des-mamans-instant-gagnant-cartes-cadeaux-200-euros-mai-2026,Grand jeu Damart Fête des Mamans : +5 000 € à gagner,concours,2026-05-15,TimeOne / Public Idées,tracking.publicidees.com,,0,0,0,0,Collecter des données
concours-damart-loterie-3900-10000-euros-diamant-voyage-2026,"Concours Damart : 10 000 € à gagner (chèque, voyage ou diamant)",concours,2026-07-18,TimeOne / Public Idées,tracking.publicidees.com,,0,0,0,0,Collecter des données
concours-danette-tour-de-france-2026-jackpot-journees-vip-velos-decathlon-mai-2026,Concours Danette Tour de France : 10 VIP + 2 vélos + 3 000 lots,concours,2026-05-15,Direct / autre,danettetdf.r2agency.dev,,0,0,0,0,Collecter des données
concours-decor-discount-roue-printemps-instants-gagnants-2026,Concours Décor Discount Roue du Printemps : 13 lots dont 750€ de cartes cadeaux,concours,2026-04-20,Direct / autre,jeu.decor-discount.com,,0,0,0,0,Collecter des données
concours-delsey-valise-roland-garros-gagnez-mai-2026,Concours Delsey : valise cabine Roland-Garros 389 € à gagner,concours,2026-05-25,Direct / autre,fr.delsey.com,,0,0,0,0,Collecter des données
concours-douce-france-toujours-a-vos-cotes-videoprojecteur-licence-sport-2026,Jeu Douce France 100% gagnant : vidéoprojecteurs + licence sport,concours,2026-03-28,Direct / autre,toujours-a-vos-cotes.douce-france.fr,,0,0,0,0,Collecter des données
concours-douze-paris-orso-paris-fete-des-meres-bijoux-vetements-bebe-500-euros-mai-2026,Concours Douze Paris × Orso : 500 € bijoux/vêtements bébé,concours,2026-05-26,Direct / autre,2y4fb2sqijf.typeform.com,,0,0,0,0,Collecter des données
concours-emilys-pillow-agatha-paris-bons-achat-400-euros-mai-2026,Concours Emily's Pillow × Agatha : 400 € bons d'achat à gagner,concours,2026-05-13,Direct / autre,agatha.fr,,0,0,0,0,Collecter des données
concours-enfant-du-desert-places-cinema-mafamillezen-avril-2026,Concours L'Enfant du Désert : des Places de Cinéma,concours,2026-03-26,Direct / autre,mafamillezen.com,,0,0,0,0,Collecter des données
concours-enjoyfamily-laboiterose-poussette-cybex-libelle-2026,Concours Enjoy Family × La Boîte Rose : poussette Cybex Libelle,concours,2026-04-02,Direct / autre,enjoyfamily.fr,,0,0,0,0,Collecter des données
concours-envie-de-plus-jeux-loteries-procter-gamble-obligation-achat-mai-2026,Jeux Envie de Plus : loteries Procter & Gamble (obligation achat),concours,2026-05-10,Direct / autre,enviedeplus.com,,0,0,0,0,Collecter des données
concours-erborian-ginseng-micro-shot-5-routines-gagner-2026,Concours Erborian Ginseng Micro Shot : 5 routines soin (111€),concours,2026-04-22,Direct / autre,fr.erborian.com,,0,0,0,0,Collecter des données
concours-eurosymbols-piece-trefle-4-feuilles-euro-2026,Concours EuroSymbols : Pieces Rares en Or ou Argent a Gagner Chaque Mois,concours,2026-03-31,Direct / autre,eurosymbols.org,,0,0,0,0,Collecter des données
concours-eyguebelle-la-vie-est-belle-roue-100-pourcent-gagnant-mai-septembre-2026,Concours Eyguebelle : roue 100% gagnant + 4 séjours Provence,concours,2026-05-04,Direct / autre,lavieestbelleaveceyguebelle.fr,,0,0,0,0,Collecter des données
concours-familiscope-panique-versailles-heros-histoire-bayard-2026,Concours Familiscope : 5 exemplaires du roman Panique à Versailles,concours,2026-04-20,Direct / autre,familiscope.fr,,0,0,0,0,Collecter des données
concours-familiscope-virtual-room-asterix-mission-potions-50-places-mai-2026,Concours Familiscope × Virtual Room : 50 places Astérix à gagner,concours,2026-05-04,Direct / autre,familiscope.fr,,0,0,0,0,Collecter des données
concours-famille-mary-biodiversite-mai-juin-2026,Concours Famille Mary Biodiversité : coffrets ruche à gagner,concours,2026-05-24,Direct / autre,fnty.co,,0,0,0,0,Collecter des données
concours-femina-prix-venus-beaute-2026,Prix Vénus Version Femina 2026 : Votez et Gagnez 200 Lots Beauté,concours,2026-03-11,Direct / autre,femina.fr,,0,0,0,0,Collecter des données
concours-femme-actuelle-grand-jeu-fete-des-meres-juin-2026,Concours Femme Actuelle Fête des Mères : participations multiples,concours,2026-05-04,Direct / autre,jeux.femmeactuelle.fr,,0,0,0,0,Collecter des données
concours-femme-actuelle-grand-jeu-printemps-2026,"Concours Femme Actuelle Printemps : séjours, beauté & cadeaux",concours,2026-04-06,Direct / autre,jeux.femmeactuelle.fr,,0,0,0,0,Collecter des données
concours-fleurance-nature-calendrier-fete-des-meres-instant-gagnant-20-lots-mai-2026,Fleurance Nature Fête des Mères : 20 lots à gagner,concours,2026-05-13,Direct / autre,fleurancenature.fr,,0,0,0,0,Collecter des données
concours-footcenter-calendrier-avent-coupe-du-monde-2026-maillots-bons-achat,"Concours Footcenter : calendrier avent Coupe du Monde, maillots",concours,2026-05-25,Direct / autre,jeu.footcenter.fr,,0,0,0,0,Collecter des données
concours-fragrance-foundation-france-fffar-prix-public-300-fragrance-box-mai-2026,Concours FFFAR Prix du Public : 300 Fragrance Box à gagner,concours,2026-05-04,Direct / autre,fragrancefoundationfranceannualrevelations.fr,,0,0,0,0,Collecter des données
concours-francoise-saget-100-cartes-cadeaux-50-euros-fete-des-meres-2026,Concours Françoise Saget Fête des Mères : 100 cartes cadeaux 50 €,concours,2026-05-02,Direct / autre,francoisesaget.com,,0,0,0,0,Collecter des données
concours-futuroscope-12-lots-4-entrees-geo-juin-2026,Concours Futuroscope sur GEO : 12 lots de 4 entrées à gagner,concours,2026-04-28,Direct / autre,jeux.geo.fr,,0,0,0,0,Collecter des données
concours-futuroscope-xperiences-4-lots-maxi-mag-juin-2026,Futuroscope : 4 entrées pour ta famille (concours Maxi-Mag),concours,2026-06-04,Direct / autre,maxi-mag.fr,,0,0,0,0,Collecter des données
concours-garancia-kumiko-matcha-lot-278-euros-routine-beaute-2026,Concours Garancia × Kumiko Matcha : lot 278 € à gagner,concours,2026-03-27,Direct / autre,manage.kmail-lists.com,,0,0,0,0,Collecter des données
concours-garancia-stella-forest-bon-achat-200-euros-lot-400-mai-2026,Concours Garancia × Stella Forest : lot 400 € à gagner,concours,2026-05-11,Direct / autre,manage.kmail-lists.com,,0,0,0,0,Collecter des données
concours-gare-montparnasse-escale-beaux-jours-instants-gagnants-2026,Concours Gare Montparnasse : ticket remboursé jusqu'à 1 000 €,concours,2026-04-24,Direct / autre,garemontparnasseshopping.com,,0,0,0,0,Collecter des données
concours-gaz-de-bordeaux-croc-elec-glouton-enceintes-marshall-jbl-echo-dot-mai-2026,Concours Gaz de Bordeaux Croc'Elec : Marshall + JBL + Echo Dot,concours,2026-05-25,Direct / autre,jeux.gazdebordeaux.fr,,0,0,0,0,Collecter des données
concours-geo-port-aventura-sejour-entrees-2026,Concours GEO : 1 Séjour et des Entrées à PortAventura World,concours,2026-03-10,Direct / autre,jeux.geo.fr,,0,0,0,0,Collecter des données
concours-geo-spokeo-assistant-ecoute-made-in-france-2026,Concours GEO x Spokeo : 2 Assistants d'Écoute,concours,2026-03-10,Direct / autre,jeux.geo.fr,,0,0,0,0,Collecter des données
concours-gmf-rugby-epargne-2026-tv-airpods-13-lots-mai,"Concours GMF Rugby'Épargne : TV Samsung, AirPods, trottinette",concours,2026-05-12,Direct / autre,gmf.fr,,0,0,0,0,Collecter des données
concours-goelia-25-ans-partie-2-sejour-residence-mai-2026,Concours Goélia 25 ans : 1 séjour résidence 500 € à gagner,concours,2026-04-30,Direct / autre,a0f650fb.sibforms.com,,0,0,0,0,Collecter des données
concours-granola-kango-roue-instants-gagnants-2026,Concours Granola Kango Roue : 201 paquets + places ciné + bons de réduction,concours,2026-04-23,Direct / autre,mavieencouleurs.fr,,0,0,0,0,Collecter des données
concours-hachette-guillaume-musso-5-livres-quel-fan-mai-2026,Concours Hachette Guillaume Musso : 5 lots de 5 livres à gagner,concours,2026-05-05,Direct / autre,hachette.fr,,0,0,0,0,Collecter des données
concours-happy-days-60-ans-instant-gagnant-bons-achat-600-euros-mai-2026,Concours Happy Days 60 ans : jusqu'à 600 € bons d'achat,concours,2026-05-13,Direct / autre,kimple.co,,0,0,0,0,Collecter des données
concours-hors-serie-paques-tribu-idees-2026,Gagnez le Hors-Série Pâques de La Tribu des Idées,concours,2026-03-12,Direct / autre,mafamillezen.com,,0,0,0,0,Collecter des données
concours-husse-box-fete-des-meres-chien-chat-cheval-mai-2026,Concours Husse Fête des Mères : 3 box soins animaux à gagner,concours,2026-05-26,Direct / autre,husse.fr,,0,0,0,0,Collecter des données
concours-intermarche-garnier-thalasso-steampod-box-beaute,Concours Intermarche x Garnier : 303 lots dont sejours thalasso et Steampod 4.0,concours,2026-04-06,Direct / autre,grandjeu.intermarche.com,,0,0,0,0,Collecter des données
concours-intermarche-grand-jeu-instant-gagnant-obligation-achat-mai-2026,Grand Jeu Intermarché : séjour Vercors 5000 € et cadeaux,concours,2026-05-13,Direct / autre,grandjeu.intermarche.com,,0,0,0,0,Collecter des données
concours-intermarche-heineken-ping-pong-jbl-mars-2026,"Concours Intermarché × Heineken : Ping-Pong, fours pizza, JBL",concours,2026-03-10,Direct / autre,grandjeu.intermarche.com,,0,0,0,0,Collecter des données
concours-journal-de-mickey-monnaie-de-paris-cling-avril-2026,Concours Journal de Mickey : 8 invitations Expo CLING à gagner,concours,2026-04-28,Direct / autre,journaldemickey.com,,0,0,0,0,Collecter des données
concours-kiehls-routine-summer-glow-163-euros-juin-2026,Kiehl's : routine Summer Glow 163 € à gagner (jusqu'au 18 juin),concours,2026-06-04,Direct / autre,kiehls-fr.beauty-campaigns.com,,0,0,0,0,Collecter des données
concours-kit-bebe-148-euros-la-boite-rose-echantillons,Concours : un kit bébé d'une valeur de 148€ avec La Boîte Rose,concours,2026-04-06,Awin,tidd.ly,,0,0,0,0,Collecter des données
concours-kit-bebe-voyage-205-euros-la-boite-rose,Concours : gagnez un kit bébé spécial voyage d'une valeur de 205€,concours,2026-04-06,Awin,tidd.ly,,0,0,0,0,Collecter des données
concours-kits-bulbes-fleurs-bio-eco-concus-300-euros-2026,Concours Kits de Bulbes à Fleurs Bio : 6 kits éco-conçus (300€),concours,2026-04-21,Direct / autre,kits-de-bulbes-fleurs-bio.kickoffpages.com,,0,0,0,0,Collecter des données
concours-la-bergerie-bio-sejour-cabane-350-euros-juillet-2026,Concours La Bergerie Bio : séjour cabane 350 € à gagner,concours,2026-04-28,Direct / autre,labergerie.bio,,0,0,0,0,Collecter des données
concours-la-boulangere-bio-1-an-produits-bons-reduction-mai-2026,Concours La Boulangère Bio : 1 an de produits bio à gagner,concours,2026-04-28,Direct / autre,jeux-concours.laboulangere.com,,0,0,0,0,Collecter des données
concours-la-fournee-doree-faites-equipe-tv-maillots-foot-mai-aout-2026,Concours La Fournée Dorée : 10 TV + 170 maillots foot à gagner,concours,2026-05-25,Direct / autre,faitesequipe-lafourneedoree.fr,,0,0,0,0,Collecter des données
concours-la-fournee-doree-muffins-briochburgers-tablier-instant-gagnant-2026,Concours La Fournée Dorée : 6 lots Muffins + Brioch'Burgers + tablier,concours,2026-04-20,Direct / autre,lafourneedoree.cdn8.app,,0,0,0,0,Collecter des données
concours-la-grande-recre-disney-princesses-8-lots-2026,Concours La Grande Recre x Disney Princesses : 8 lots a gagner,concours,2026-04-19,Direct / autre,lagranderecre.fr,,0,0,0,0,Collecter des données
concours-la-grande-recre-gabby-maison-magique-feerie-land-lots-jouets-2026,Concours La Grande Recre x Gabby et la Maison Magique : 5 lots a gagner,concours,2026-04-19,Direct / autre,lagranderecre.fr,,0,0,0,0,Collecter des données
concours-la-grande-recre-lego-smartplay-star-wars-lots-2026,Concours La Grande Recre x LEGO SmartPlay Star Wars : 5 lots a gagner,concours,2026-04-19,Direct / autre,lagranderecre.fr,,0,0,0,0,Collecter des données
concours-la-grande-recre-pat-patrouille-search-rescue-15-lots-2026,Concours La Grande Recre x La Pat' Patrouille : 15 lots a gagner,concours,2026-04-19,Direct / autre,lagranderecre.fr,,0,0,0,0,Collecter des données
concours-la-grande-recre-star-wars-may-the-first-simulateur-vol-2026,Concours La Grande Récré × Star Wars : simulateur de vol à gagner,concours,2026-05-01,Direct / autre,lagranderecre.fr,,0,0,0,0,Collecter des données
concours-la-roche-posay-wopilo-nuit-au-max-lots-180-euros-2026,Concours La Roche-Posay x Wopilo : 5 Lots de 180 euros a Gagner,concours,2026-03-25,Direct / autre,ecampaign.laroche-posay.com,,0,0,0,0,Collecter des données
concours-la-vache-qui-rit-tour-de-france-ribambel-2355-lots-mai-aout-2026,Concours La Vache qui rit Tour de France : 2355 lots à gagner,concours,2026-06-05,Direct / autre,ribambel.com,,0,0,0,0,Collecter des données
concours-lactel-bio-2026-sejours-nature-jeu-bioviva-mytree,Concours Lactel Bio 2026 : 5 Séjours Nature + 1 Jeu Bioviva par Jour,concours,2026-04-01,Direct / autre,lactel.fr,,0,0,0,0,Collecter des données
concours-lavazza-roland-garros-2026-machine-assoluta-mugs-100-pourcent-gagnant-juin-2026,Concours Lavazza Roland-Garros : machines Assoluta + mugs,concours,2026-05-25,Direct / autre,lavazza-jeurolandgarros.fr,,0,0,0,0,Collecter des données
concours-le-chat-excellence-1-an-lessive-henkel-labelleadresse-mai-decembre-2026,Concours Le Chat Excellence : 1 an de lessive à gagner,concours,2026-05-12,Direct / autre,labelleadresse.com,,0,0,0,0,Collecter des données
concours-le-monde-du-bagage-carte-cadeau-250-euros-2026,Concours Le Monde du Bagage : Gagnez Jusqu'à 250€ de Carte Cadeau,concours,2026-03-10,Direct / autre,lemondedubagage.com,,0,0,0,0,Collecter des données
concours-le-slip-francais-2-calecons-best-sellers-a-gagner-2026,Concours Le Slip Français : 2 Caleçons Best-Sellers à gagner,concours,2026-03-26,Direct / autre,leslipfrancais.fr,,0,0,0,0,Collecter des données
concours-le-slip-francais-bingo-2-calecons-best-sellers-a-gagner,Concours Le Slip Français : 7 boxers best-sellers Bingo du Slip,concours,2026-05-29,Direct / autre,leslipfrancais.fr,,0,0,0,0,Collecter des données
concours-leboncoin-homair-vacances-2026,Leboncoin x Homair : Grand Jeu — Des Vacances en Camping à Gagner,concours,2026-03-16,Direct / autre,leboncoin.fr,,0,0,0,0,Collecter des données
concours-leclerc-vitality-maillot-rocket-league-paris-major-2026,Concours E.Leclerc × Vitality : maillots + pass Rocket League,concours,2026-03-30,Direct / autre,e.leclerc,,0,0,0,0,Collecter des données
concours-les-crudettes-crudays-printemps-100x-rembourses-2026,"Concours Les Crudettes Crudays Printemps : jusqu'à 100x remboursé + bon 0,50€",concours,2026-04-20,Direct / autre,jeulescrudettes.fr,,0,0,0,0,Collecter des données
concours-lindt-fete-des-meres-roue-chance-mylindt-instant-gagnant-mai-2026,Concours Lindt Fête des Mères : Roue de la Chance instant gagnant,concours,2026-05-22,Direct / autre,lindt.fr,,0,0,0,0,Collecter des données
concours-lipton-original-ou-rien-pepsico-1000-euros-semaine-2026,Concours Lipton L'Original Ou Rien : 1 000 € chaque semaine,concours,2026-04-27,Direct / autre,joy-pepsico.eu,,0,0,0,0,Collecter des données
concours-loeul-piriot-ninja-woodfire-bbq-ete-2026,Concours LOEUL & PIRIOT : 3 Ninja Woodfire Pro Connect XL,concours,2026-04-27,Direct / autre,lapin-et-papilles.fr,,0,0,0,0,Collecter des données
concours-lollipops-trousse-mamounette-fete-des-meres-mai-2026,Concours Lollipops Fête des Mères : 5 trousses Mamounette,concours,2026-05-01,Direct / autre,lk.gt,,0,0,0,0,Collecter des données
concours-louis-pion-fete-des-meres-1000-euros-bijoux-tirage-au-sort-mai-2026,Concours Louis Pion Fête des Mères : 1 000 € de bijoux à gagner,concours,2026-05-15,Direct / autre,louispion.fr,,0,0,0,0,Collecter des données
concours-mae-chi-fou-mi-emmenagement-3-bons-achat-1000-euros-mai-2026,Concours MAE Chi-Fou-Mi : 3 bons d'achat 1 000 € à gagner,concours,2026-05-12,Direct / autre,jeu.mae.fr,,0,0,0,0,Collecter des données
concours-mae-totemia-colonies-vacances-bons-reduction-mai-2026,Concours MAE × Totemia : 5 bons colonies de vacances à gagner,concours,2026-05-02,Direct / autre,totemia.com,,0,0,0,0,Collecter des données
concours-mafamillezen-coffrets-kitbac-revisions-bac-mai-2026,Concours Kit'Bac : coffrets révisions bac à gagner,concours,2026-05-05,Direct / autre,mafamillezen.com,,0,0,0,0,Collecter des données
concours-mafamillezen-livres-jeunesse-confiance-en-soi-mai-2026,Concours livres jeunesse confiance en soi 6-10 ans à gagner,concours,2026-05-05,Direct / autre,mafamillezen.com,,0,0,0,0,Collecter des données
concours-mafamillezen-places-cinema-chao-animation-mai-2026,Concours ChaO : places de cinéma film animation Annecy à gagner,concours,2026-05-05,Direct / autre,mafamillezen.com,,0,0,0,0,Collecter des données
concours-mafamillezen-places-cinema-the-world-of-love-mai-2026,Concours The World of Love : places de cinéma Yoon Ga-eun,concours,2026-05-05,Direct / autre,mafamillezen.com,,0,0,0,0,Collecter des données
concours-mafamillezen-puzzles-fete-des-meres-10-gagnants-mai-2026,Concours MaFamilleZen Fête des Mères : 10 puzzles à gagner,concours,2026-05-07,Direct / autre,mafamillezen.com,,0,0,0,0,Collecter des données
concours-maison-de-la-presse-lego-pokemon-pikachu-pokeball-mai-2026,Concours Maison de la Presse : LEGO Pikachu + Pokéball à gagner,concours,2026-05-05,Direct / autre,shakr.cc,,0,0,0,0,Collecter des données
concours-maniko-nails-soft-gel-press-on-tente-gagner-nouveaute-mai-2026,Concours Maniko Nails : Soft Gel Press-On faux ongles à gagner,concours,2026-05-13,Direct / autre,maniko-nails.fr,,0,0,0,0,Collecter des données
concours-mapiwee-maped-quiz-ecriture-kidy-learn-mai-2026,Concours Mapiwee × Maped : 10 lots Kidy Learn à gagner,concours,2026-04-30,Direct / autre,mapiwee.com,,0,0,0,0,Collecter des données
concours-marionnaud-eisenberg-paris-cadeaux-beaute-2026,Concours Marionnaud x Eisenberg : des Cadeaux Beaute Luxe a Gagner,concours,2026-03-28,Direct / autre,marionnaud.fr,,0,0,0,0,Collecter des données
concours-marmiton-tefal-pizza-pronto-3-fours-mai-juin-2026,Concours Marmiton × Tefal : 3 fours Pizza Pronto à gagner,concours,2026-05-04,Direct / autre,tefal.grandjeumarmiton.fr,,0,0,0,0,Collecter des données
concours-maxi-cosi-laboiterose-2026,Maxi-Cosi x La Boîte Rose : Jeu Concours,concours,2026-03-16,Awin,tidd.ly,,0,0,0,0,Collecter des données
concours-maxi-mag-dvd-josiane-balasko-2026,Maxi Mag : Gagnez des DVD de Josiane Balasko (Concours Gratuit),concours,2026-03-16,Direct / autre,maxi-mag.fr,,0,0,0,0,Collecter des données
concours-meilleure-chaine-magasins-e-commercant-franchise-2027-sejour-spa-tv-tablette,"Concours Meilleure Chaîne de Magasins 2027 : spa, TV, tablette",concours,2026-03-28,Direct / autre,survey.qualimetrie.com,,0,0,0,0,Collecter des données
concours-melvita-fete-des-meres-3-coffrets-source-roses-tirage-au-sort-26-mai-2026,Concours Melvita Fête des Mères : 3 coffrets Source de Roses,concours,2026-05-16,Direct / autre,fr.melvita.com,,0,0,0,0,Collecter des données
concours-meribel-explore-sejour-ete-pass-multi-activites-mai-2026,Concours Méribel Explore : séjour été + 16 pass Multi-Activités,concours,2026-05-02,Direct / autre,explore.meribel.net,,0,0,0,0,Collecter des données
concours-mg-motor-magicol-voyage-boston-maillots-ol-mai-juin-2026,Concours MG Motor MAGICOL : 122 lots + 2 voyages Boston à gagner,concours,2026-05-09,Direct / autre,mgmotor.fr,,0,0,0,0,Collecter des données
concours-mibaby-poussette-1000-euros-gratuit-2026,Concours miBaby : gagne ta poussette jusqu'à 1 000€ gratuitement,concours,2026-04-22,Direct / autre,mibaby.fr,,0,0,0,0,Collecter des données
concours-miko-twister-frrreeze-disneyland-paris-188-dotations-avril-juillet-2026,Concours Miko Twister × Disneyland Paris : 188 dotations à gagner,concours,2026-05-04,Direct / autre,miko.fr,,0,0,0,0,Collecter des données
concours-milan-jeunesse-fete-des-meres-470-euros-cadeaux-babille-gazette-bebes-mai-2026,Concours Milan Jeunesse Fête des Mères : 470 € de cadeaux bébé,concours,2026-05-15,Direct / autre,lk.gt,,0,0,0,0,Collecter des données
concours-milka-paques-garden-party-cache-moi-si-tu-peux-2026,Concours Milka Pâques : une garden party de rêve pour 10 personnes,concours,2026-04-03,Direct / autre,milka.com,,0,0,0,0,Collecter des données
concours-milwaukee-push-for-prizes-instant-gagnant-mai-juillet-2026,Concours Milwaukee Push For Prizes : 240 outils à gagner,concours,2026-05-07,Direct / autre,fr.milwaukeetool.eu,,0,0,0,0,Collecter des données
concours-mir-lessive-voyage-copenhague-fashion-week-1000-lots-2026,Concours Mir : 1 000 lots + voyage Fashion Week Copenhague,concours,2026-04-07,Direct / autre,labelleadresse.com,,0,0,0,0,Collecter des données
concours-mova-french-days-roue-prix-aspirateurs-mai-2026,Concours MOVA French Days : roue des prix + bons jusqu'à 300 €,concours,2026-04-29,Direct / autre,fr.mova.tech,,0,0,0,0,Collecter des données
concours-nespresso-vertuo-world-505-dotations-instants-gagnants-2026,Concours Nespresso Vertuo World : 505 dotations à gagner,concours,2026-04-24,Direct / autre,nespresso.com,,0,0,0,0,Collecter des données
concours-nicolas-feuillatte-50-ans-50-ecartes-thefork-150-euros-mai-decembre-2026,Concours Nicolas Feuillatte 50 ans : 50 e-cartes TheFork 150 €,concours,2026-05-11,Direct / autre,nicolas-feuillatte.com,,0,0,0,0,Collecter des données
concours-normal-eggscape-paques-10000-prix-a-gagner-2026,Normal Eggscape : 10 000 Prix a Gagner pour Paques (Jeu Gratuit),concours,2026-03-24,Direct / autre,jeu.normal.fr,,0,0,0,0,Collecter des données
concours-odalys-vacances-paques-2026,Concours Odalys : 1 week-end à Pâques + 1 semaine de vacances,concours,2026-03-20,Direct / autre,odalys-vacances.com,,0,0,0,0,Collecter des données
concours-okr-nutrition-4-cures-probiotique-minceur-instagram-tirage-mai-2026,Concours OKR Nutrition : 4 cures probiotique minceur à gagner,concours,2026-05-22,Direct / autre,okr.fr,,0,0,0,0,Collecter des données
concours-pampers-club-1-an-couches-bebe-2026,Concours Pampers Club : 1 an de couches gratuites à gagner,concours,2026-04-28,Direct / autre,pampers.fr,,0,0,0,0,Collecter des données
concours-parc-asterix-ete-gaulois-billets-adulte-instant-gagnant-2026,Concours Parc Astérix : 7 lots de 2 billets adulte à gagner,concours,2026-06-26,Direct / autre,grandjeu.parcasterix.fr,,0,0,0,0,Collecter des données
concours-paris-la-defense-paques-memory-cadeaux-2026,Concours Pâques Paris La Défense : Jouez au Memory et des Cadeaux,concours,2026-03-27,Direct / autre,archie.parisladefense.com,,0,0,0,0,Collecter des données
concours-parmentine-cadeaux-fantastiques-toy-story-mai-2026,Concours Parmentine Toy Story : 24 lots Disney-Pixar à gagner,concours,2026-04-27,Direct / autre,jeu-parmentine.fr,,0,0,0,0,Collecter des données
concours-parmentine-enceinte-devialet-cartes-fnac-smartbox-2026,"Concours Parmentine : Devialet, cartes Fnac & Smartbox à gagner",concours,2026-03-24,Direct / autre,jeu-parmentine.fr,,0,0,0,0,Collecter des données
concours-paso-club-house-apero-villa-sables-olonne-100-boites-apero-2026,1 semaine en villa avec piscine + 100 apéros (concours PASO),concours,2026-06-04,Direct / autre,paso-jeu.com,,0,0,0,0,Collecter des données
concours-patyka-simone-perele-1600-euros-cartes-cadeaux-mai-2026,Concours Patyka × Simone Pérèle : 1 600 € beauté & lingerie,concours,2026-05-24,Direct / autre,patyka.com,,0,0,0,0,Collecter des données
concours-peppa-pig-hachette-cinema-livre-avril-2026,Concours Peppa Pig : 4 Places de Cinéma + un Livre à gagner,concours,2026-04-01,Direct / autre,hachette-jeunesse.com,,0,0,0,0,Collecter des données
concours-pepsi-joy-pepsico-2026,Pepsi : Grand Jeu Concours 2026,concours,2026-03-16,Direct / autre,joy-pepsico.eu,,0,0,0,0,Collecter des données
concours-petitgas-grand-jeu-printemps-2026-glaciere-polarbox-charcuterie,Concours Petitgas : une Glacière Polarbox Garnie de Charcuterie Vendéenne,concours,2026-04-01,Direct / autre,ubishaker.com,,0,0,0,0,Collecter des données
concours-picard-marrakech-ou-pas-10-bons-achat-50-euros-mai-2026,Concours Picard « Marrakech ou pas » : 10 bons 50 € à gagner,concours,2026-05-04,Direct / autre,jeu.picard.fr,,0,0,0,0,Collecter des données
concours-picard-taille-comme-un-chef-10-bons-achat-50-euros-2026,Concours Picard « Taillé comme un chef » : 10 bons d'achat de 50€,concours,2026-04-21,Direct / autre,jeu.picard.fr,,0,0,0,0,Collecter des données
concours-picard-top-chef-15-cloches-paques-chocolat-instant-gagnant-2026,Concours Picard × Top Chef : 15 cloches de Pâques à gagner,concours,2026-03-31,Direct / autre,jeu.picard.fr,,0,0,0,0,Collecter des données
concours-pink-lady-fete-des-meres-week-end-spa-1000-euros-mai-2026,Concours Pink Lady Fête des Mères : week-end spa 1 000 €,concours,2026-05-07,Direct / autre,pomme-pinklady.com,,0,0,0,0,Collecter des données
concours-pink-lady-playlist-ticketmaster-spotify-juin-aout-2026,Concours Pink Lady Playlist : Ticketmaster + Spotify (23 lots),concours,2026-06-05,Direct / autre,pomme-pinklady.com,,0,0,0,0,Collecter des données
concours-pitch-brioche-pasquier-10000-maillots-football-fff-enfants-personnalises-juillet-2026,Concours Pitch × FFF : 10 000 maillots foot enfants à gagner,concours,2026-05-12,Direct / autre,monmaillot-pitch.briochepasquier.com,,0,0,0,0,Collecter des données
concours-planet-cards-6-marques-francaises-600-euros-fete-des-meres-mai-2026,Concours Planet Cards Fête des Mères : 600 € de cadeaux à gagner,concours,2026-05-02,Direct / autre,planet-cards.com,,0,0,0,0,Collecter des données
concours-poussette-ping3-abc-design-moutatchou-enjoyfamily-aout-2026,Concours Enjoy Family × Moutatchou : poussette ABC Ping 3,concours,2026-05-11,Direct / autre,enjoyfamily.fr,,0,0,0,0,Collecter des données
concours-prince-bretagne-tomates-en-fete-cookeo-infinity-moulinex-mai-juin-2026,Concours Prince de Bretagne : 6 Cookeo Infinity à gagner,concours,2026-05-05,Direct / autre,princedebretagne.com,,0,0,0,0,Collecter des données
concours-psg-visit-qatar-voyage-doha-10-gagnants-mai-2026,Concours PSG × Visit Qatar : 10 voyages à Doha pour 2 à gagner,concours,2026-05-09,Direct / autre,jeuxconcours.psg.fr,,0,0,0,0,Collecter des données
concours-puy-du-fou-sejour-4-personnes-8-entrees-cosmopolitan,Concours Puy du Fou : un sejour pour 4 personnes et 8 entrees pour 2,concours,2026-04-06,Direct / autre,cosmopolitan.fr,,0,0,0,0,Collecter des données
concours-renault-roland-garros-2026-places-finale-gratuites,Concours Renault × Roland-Garros : places finale à gagner,concours,2026-04-01,Direct / autre,lejeu.renault.fr,,0,0,0,0,Collecter des données
concours-resasol-mobil-home-sejour-grande-taille-mai-2026,Concours Resasol : 2 séjours en mobil-home à gagner,concours,2026-05-06,Direct / autre,ma-grande-taille.com,,0,0,0,0,Collecter des données
concours-riffx-printemps-de-bourges-credit-mutuel-invitations-2026,Concours RIFFX : invitations Printemps de Bourges à gagner,concours,2026-03-28,Direct / autre,riffx.fr,,0,0,0,0,Collecter des données
concours-rivadouce-maison-colibri-printemps-2026,Concours Rivadouce x Maison Colibri : 300€ de cadeaux à gagner,concours,2026-04-08,Direct / autre,rivadouce.fr,,0,0,0,0,Collecter des données
concours-rougier-ple-canson-set-decouverte-dessin-aquarelle-2026,Concours Rougier&Plé x Canson : un set découverte dessin (150€+),concours,2026-04-20,Direct / autre,social-sb.com,,0,0,0,0,Collecter des données
concours-saint-antonin-sezame-experiences-luxe-aout-2026,Concours Saint Antonin × Sézame : 20 cartes 500 € à gagner,concours,2026-04-28,Direct / autre,liberez-vous-du-quotidien-avec-saint-antonin.fr,,0,0,0,0,Collecter des données
concours-saint-jean-tapis-rouge-poele-tefal-sejour-aout-2026,Concours Saint Jean Tapis Rouge : 50 poêles Tefal + séjour,concours,2026-04-28,Direct / autre,saint-jean-jeu.fr,,0,0,0,0,Collecter des données
concours-saveurs-comtesse-du-barry-oeuf-paques-2026,Concours Saveurs x Comtesse du Barry : un Oeuf de Paques Gourmand,concours,2026-03-25,Direct / autre,saveurs-magazine.fr,,0,0,0,0,Collecter des données
concours-shokz-french-days-ecouteurs-conduction-osseuse-2026,Concours Shokz French Days : écouteurs conduction osseuse,concours,2026-04-28,Direct / autre,fr.shokz.com,,0,0,0,0,Collecter des données
concours-sinto-bricolage-obligation-achat-2026,Concours Sinto : Achetez un Produit et Tentez de Gagner des Lots,concours,2026-03-10,Direct / autre,jeu-sinto.fr,,0,0,0,0,Collecter des données
concours-sncf-la-france-a-gratter-ouigo-tgv-inoui-mai-aout-2026,Concours SNCF La France à Gratter : 10 000 codes OUIGO/TGV,concours,2026-05-12,Direct / autre,lafranceagratter.com,,0,0,0,0,Collecter des données
concours-socopa-bbq-fest-1500-euros-mois-vacances-ete-2026,Concours Socopa BBQ'Fest : 1 500 € par mois de vacances à gagner,concours,2026-04-28,Direct / autre,socopa.fr,,0,0,0,0,Collecter des données
concours-soignon-brique-extra-fondante-1000-fois-rembourse-2026,Concours Soignon : ton achat remboursé jusqu'à 1 000 fois,concours,2026-04-24,Direct / autre,jeubriquesoignon.fr,,0,0,0,0,Collecter des données
concours-sostrene-grene-paques-2026,Søstrene Grene : Jeu de Pâques — Des Lots Déco à Gagner,concours,2026-03-16,Direct / autre,sostrenegrene.com,,0,0,0,0,Collecter des données
concours-spontex-mapa-art-du-menage-a-la-francaise-instant-gagnant-sejours-relais-chateaux-mai-2026,Concours Spontex × MAPA : 10 séjours Relais & Châteaux à gagner,concours,2026-05-15,Direct / autre,jeu-spontex-mapa-2026.fr,,0,0,0,0,Collecter des données
concours-spontex-mapa-art-du-menage-francaise-mai-octobre-2026,Concours Spontex × MAPA : 168 instants gagnants à gagner,concours,2026-05-02,Direct / autre,jeu-spontex-mapa-2026.fr,,0,0,0,0,Collecter des données
concours-tefal-pizza-party-belle-saison-pizza-pronto-2026,Concours Tefal Pizza Party : un four à pizza électrique Pizza Pronto,concours,2026-04-21,Direct / autre,votre-jeu.tefal.fr,,0,0,0,0,Collecter des données
concours-terra-volcana-lancement-saison-64-lots-sejour-2026,Concours Terra Volcana Lancement Saison : 64 lots dont un séjour,concours,2026-04-21,Direct / autre,ubishaker.com,,0,0,0,0,Collecter des données
concours-tikayan-voici-2-sejours-1-semaine-mobil-home-sud-france-avril-2026,Concours Tikayan × Voici : 2 semaines mobil-home Sud à gagner,concours,2026-04-01,Direct / autre,jeux.voici.fr,,0,0,0,0,Collecter des données
concours-touquet-savour-100-kits-plantation-ratte-du-touquet,Concours Touquet Savour : 100 kits de plantation Ratte du Touquet a gagner,concours,2026-04-06,Direct / autre,docs.google.com,,0,0,0,0,Collecter des données
concours-touquet-savour-chasse-tickets-or-paques-2026,Touquet Savour : Chasse aux Tickets d'Or de Paques,concours,2026-03-24,Direct / autre,touquetsavour.com,,0,0,0,0,Collecter des données
concours-touquet-savour-paques-plantation-2026,Touquet Savour : 100 Kits de Plantation Pompadour à gagner,concours,2026-03-16,Direct / autre,touquetsavour.com,,0,0,0,0,Collecter des données
concours-tribuca-lac-chocolatier-bon-achat-50-euros-paques-2026,Concours Pâques Tribuca : bon d'achat 50 € LAC Chocolatier,concours,2026-03-27,Direct / autre,tribuca.net,,0,0,0,0,Collecter des données
concours-ulvf-50-ans-vacances-tirage-au-sort-50-sejours-83000-euros-octobre-2026,Concours ULVF 50 ans : 1 séjour par an pendant 50 ans à gagner,concours,2026-05-22,Direct / autre,vacances-ulvf.com,,0,0,0,0,Collecter des données
concours-urban-comics-exquisite-corpses-tome-1-mars-2026,Concours Urban Comics : Gagne le Tome 1 d'Exquisite Corpses en Cartonne,concours,2026-03-24,Direct / autre,urban-comics.com,,0,0,0,0,Collecter des données
concours-urban-comics-supergirl-woman-of-tomorrow-bd-film-2026,Concours Urban Comics : la BD Supergirl Woman of Tomorrow,concours,2026-04-20,Direct / autre,urban-comics.com,,0,0,0,0,Collecter des données
concours-vache-qui-rit-kiri-babybel-sejour-disneyland-reine-des-neiges-2026,"Concours Vache qui rit, Kiri, Babybel : séjour Disneyland",concours,2026-04-03,Direct / autre,ribambel.com,,0,0,0,0,Collecter des données
concours-vertbaudet-home-stories-2026-cagnotte-1000-euros-tirage-au-sort-juin-2026,Concours Vertbaudet Home Stories : méga lot 2 500 € à gagner,concours,2026-05-22,Direct / autre,vertbaudet.fr,,0,0,0,0,Collecter des données
concours-voici-europa-park-2-sejours-4-personnes-mai-juin-2026,Concours Voici × Europa-Park : 2 séjours 4 personnes à gagner,concours,2026-05-01,Direct / autre,jeux.voici.fr,,0,0,0,0,Collecter des données
concours-voici-guerande-cosmetiques-14-cartes-cadeau-100-euros-mai-juin-2026,Concours Voici × Guérande : 14 cartes cadeau 100 € à gagner,concours,2026-05-01,Direct / autre,jeux.voici.fr,,0,0,0,0,Collecter des données
concours-waterwipes-1-an-lingettes-3-gagnants-mai-2026,Concours WaterWipes : 1 an de lingettes bébé pour 3 gagnants,concours,2026-05-12,Direct / autre,info.waterwipes.com,,0,0,0,0,Collecter des données
concours-wattwiller-velo-electrique-a-gagner-2026,Wattwiller : Gagne un Velo Electrique,concours,2026-03-24,Direct / autre,wattwiller.com,,0,0,0,0,Collecter des données
concours-westfield-paris-basketball-roue-chance-54-lots-2026,Concours Westfield x Paris Basketball : 54 lots à gagner (5 286€),concours,2026-04-21,Direct / autre,experience.westfield.com,,0,0,0,0,Collecter des données
concours-yves-rocher-avant-premiere-sun-double-defense-300-gagnants-mai-2026,Yves Rocher Avant-Première Sun Double Défense : 300 testeuses,test-gratuit,2026-05-12,Direct / autre,yves-rocher.fr,,0,0,0,0,Collecter des données
concours-yves-rocher-fete-des-meres-instant-gagnant-150000-lots-sejour-spa-mai-2026,Grand Jeu Yves Rocher : 150 000 codes -5 € + séjour spa à gagner,concours,2026-05-13,Direct / autre,yves-rocher.fr,,0,0,0,0,Collecter des données
concours-zoo-le-mag-48h-bd-5-lots-albums-selection-2026,Concours ZOO Le Mag x 48H BD : 5 Lots de BD et Mangas à Gagner,concours,2026-03-27,Direct / autre,zoolemag.com,,0,0,0,0,Collecter des données
consoanimo-test-produit-animaux-chien-chat,ConsoAnimo : Testez des Produits pour Animaux Gratuitement,test-gratuit,2026-03-06,Direct / autre,consoanimo.com,,0,0,0,0,Collecter des données
consobaby-beaba-poussette-baby-cruiser-360-test-gratuit-2026,Test gratuit Beaba : poussette Baby Cruiser 360 (ConsoBaby),test-gratuit,2026-03-30,Direct / autre,consobaby.com,,0,0,0,0,Collecter des données
consobaby-diaper-genie-poubelle-couches-platinum-test-gratuit-2026,Test Gratuit : Poubelle à Couches Platinum Diaper Genie,test-gratuit,2026-03-23,Direct / autre,consobaby.com,,0,0,0,0,Collecter des données
consobaby-joie-lit-voyage-amigo-120-test-gratuit-2026,Test Gratuit : Lit de Voyage Amigo 120 Joie (ConsoBaby),test-gratuit,2026-03-30,Direct / autre,consobaby.com,,0,0,0,0,Collecter des données
consobaby-owlet-care-babyphone-dream-sight-test-gratuit-2026,Test Gratuit : Babyphone Vidéo Dream Sight Owlet Care (ConsoBaby),test-gratuit,2026-03-23,Direct / autre,consobaby.com,,0,0,0,0,Collecter des données
consobaby-tests-produits-bebe-famille-gratuit,ConsoBaby : Testez Gratuitement des Produits Bébé et Puériculture,test-gratuit,2026-03-03,Direct / autre,consobaby.com,,0,0,0,0,Collecter des données
corine-de-farme-marque-engagee-famille-avis-2026,Corine de Farme : la marque française qu'on a tort de snober,beaute,2026-06-04,Amazon,Amazon,,0,0,0,0,Collecter des données
cosmetiques-maison-2026-recettes-beaute-naturelle-pas-cher,Cosmétiques maison : 10 recettes beauté naturelle à moins de 3 €,beaute,2026-07-25,Amazon,Amazon,,0,0,0,0,Collecter des données
cosmopolitan-concours-box-skinimalist-beaute-2026,Concours Cosmopolitan : la Box Skinimalist,concours,2026-04-10,Direct / autre,cosmopolitan.fr,,0,0,0,0,Collecter des données
cote-dor-biscoff-jeu-concours-tablettes-chocolat-2026,Cote d'Or x Biscoff : 300 Tablettes de Chocolat a Gagner,concours,2026-03-21,Direct / autre,mavieencouleurs.fr,,0,0,0,0,Collecter des données
creer-site-web-professionnel-pas-cher-2026,Creer un Site Web Professionnel Pas Cher : Le Guide Complet 2026,bon-plan,2026-03-21,Direct / autre,comeup.com,,0,0,0,0,Collecter des données
creme-hydratante-visage-guide-complet-8-meilleures-2026,Crème hydratante visage : les 8 meilleures pour chaque type de peau,comparatif,2026-07-25,Direct / autre,fnty.co,,0,0,0,0,Collecter des données
crinex-3-produits-gratuits-a-tester-mars-2026,"Test gratuit Crinex : 3 produits (vitamine D3, brossettes",test-gratuit,2026-03-07,Direct / autre,crinex.fr,,0,0,0,0,Collecter des données
crinex-ambassadeur-tribu-test-produits-2026,Crinex : Devenez Ambassadeur de La Tribu et Testez des Produits,test-gratuit,2026-03-13,Direct / autre,crinex.fr,,0,0,0,0,Collecter des données
crinex-test-gratuit-bacilac-bifido-probiotiques-flore-intestinale-2026,Test gratuit Crinex Bacilac Bifido : probiotiques + 25% réduction,test-gratuit,2026-04-02,Direct / autre,crinex.fr,,0,0,0,0,Collecter des données
crinex-test-gratuit-uve-d3-800-ui-vitamine-ambassadeur-2026,"Test gratuit Crinex : UVE D3 800 UI, la vitamine D3 pour toute la famille",test-gratuit,2026-03-31,Direct / autre,crinex.fr,,0,0,0,0,Collecter des données
crinex-uve-d3-800-ui-test-gratuit-vitamine-ambassadeur-2026,Test gratuit Crinex UVE D3 800 UI : cette vitamine D3 en comprimés,test-gratuit,2026-04-07,Direct / autre,crinex.fr,,0,0,0,0,Collecter des données
croustibat-findus-jeu-concours-2026,"Croustibat Findus Vis ton Crousti'Rêve : Voyages 1 500€, Switch et Bose",concours,2026-03-05,Direct / autre,jeu-croustibat-findus.fr,,0,0,0,0,Collecter des données
cubtem-set-repas-bebe-12-en-1-silicone-24-euros-promo-amazon-avril-2026,"Set Repas Bébé CUBTEM 12 en 1 silicone à 24,69€ (-5%)",bon-plan,2026-07-07,Amazon,Amazon,,0,0,0,0,Collecter des données
cuure-avis-test-complements-personnalises-probiotiques-2026,Test Cuure : compléments personnalisés + probiotique FS-3B,test-gratuit,2026-04-05,Amazon,Amazon,,0,0,0,0,Collecter des données
cybex-coya-poussette-duo-nacelle-test-gratuit-consobaby-2026,Test gratuit : Poussette Duo CYBEX COYA avec nacelle,test-gratuit,2026-04-20,Direct / autre,consobaby.com,,0,0,0,0,Collecter des données
damart-vente-flash-code-promo-printemps-mars-2026,Code promo Damart : T-shirts 2+1 offert + loterie 10 000 €,code-promo,2026-05-27,TimeOne / Public Idées,tracking.publicidees.com,,0,0,0,0,Collecter des données
damart-vetements-thermolactyl-promo-2026,Damart — jusqu'à -60% sur les vêtements et linge de maison + -20% première commande,bon-plan,2026-07-22,TimeOne / Public Idées,tracking.publicidees.com,,0,0,0,0,Collecter des données
daunat-jeu-instant-gagnant-carte-cadeau-100-euros-166-lots-2026,Daunat : une carte cadeau de 100€ a gagner chaque jour (166 lots),concours,2026-04-15,Direct / autre,grandjeu-daunat.com,,0,0,0,0,Collecter des données
daunat-jeux-concours-2026,Daunat : Jeux Concours 2026 — Gagnez des Lots Gourmands,concours,2026-03-06,Direct / autre,daunat.com,,0,0,0,0,Collecter des données
daxon-nouvelle-collection-chaussures-code-promo-40-pourcent-2026,Daxon : nouvelle collection chaussures jusqu'a -50% + code -40%,bon-plan,2026-04-14,Direct / autre,fnty.co,,0,0,0,0,Collecter des données
daxon-pediconfort-jusqu-a-moins-50-pourcent-chaussures-confort-2026,Daxon French Days : jusqu'à -60% + -10% supplémentaires (du 24 avril au 6 mai 2026),bon-plan,2026-04-24,Direct / autre,fnty.co,,0,0,0,0,Collecter des données
ddkj-kit-nettoyage-dentaire-brosse-hydropulseur-amazon-promo-2026,"DDKJ Kit Nettoyage Dentaire : Brosse + Hydropulseur à 37,99€ (-5%)",bon-plan,2026-04-02,Amazon,Amazon,,0,0,0,0,Collecter des données
degriffstock-bon-plan-mode-degriffee-70-pourcent-2026,Bon Plan Dégriffstock : Mode et Chaussures de Marque jusqu'à -70%,bon-plan,2026-03-07,Direct / autre,lk.gt,,0,0,0,0,Collecter des données
demakup-cocoon-disques-demaquillants-coton-lot-5-promo-amazon-2026,"Demak'Up Cocoon lot de 425 disques démaquillants à -36% sur Amazon : 13,88€",bon-plan,2026-04-08,Amazon,Amazon,,0,0,0,0,Collecter des données
denovo-beaute-green-testeuses-cosmetique-naturelle,Test gratuit Denovo Beauté : des Cosmétiques Naturels,test-gratuit,2026-03-06,Direct / autre,denovo-beaute.com,,0,0,0,0,Collecter des données
dentifrice-meswak-kerala-nature-greenweez-top-vente-3-65-euros-2026,"Dentifrice Meswak Kerala Nature : Le Top Vente a 3,65 euros (4.8/5, 856 avis) + Code -10% Premiere Commande",bon-plan,2026-03-27,Direct / autre,greenweez.com,,0,0,0,0,Collecter des données
deplite-epilateur-lumiere-pulsee-ipl-refroidissement-65-46-euros-moins-42-pourcent-amazon-2026,"Deplite : epilateur lumiere pulsee IPL avec refroidissement a 65,46€ au lieu de 119,99€ (-45%)",bon-plan,2026-04-17,Amazon,Amazon,,0,0,0,0,Collecter des données
diffuseur-huiles-essentielles-ultrasonique-led-17-99-euros-amazon,"Diffuseur d'huiles essentielles ultrasonique à 17,99€ au lieu de 23,72€ sur Amazon (-24%)",bon-plan,2026-04-05,Amazon,Amazon,,0,0,0,0,Collecter des données
diveblues-mini-ventilateur-portable-test-produit-gratuit-2026,Test gratuit : Mini ventilateur portable Diveblues,test-gratuit,2026-05-24,Direct / autre,testerdesproduits.fr,,0,0,0,0,Collecter des données
dogofriends-test-produit-chien-chat-animaux-gratuit,Dogofriends : Testez Gratuitement des Produits pour Chien et Chat,test-gratuit,2026-03-03,Direct / autre,dogofriends.be,,0,0,0,0,Collecter des données
dove-advanced-care-gel-douche-huile-argan-promo-amazon-mars-2026,Dove Advanced Care Gel Douche Huile d'Argan à -41% sur Amazon,bon-plan,2026-03-23,Amazon,Amazon,,0,0,0,0,Collecter des données
dpam-exclu-web-60-pourcent-selection-mars-2026,DPAM : Exclu Web -60% sur une Selection de Vetements Enfant,bon-plan,2026-03-21,Direct / autre,dpam.com,,0,0,0,0,Collecter des données
dplantes-cosmetiques-complements-naturels-plantes,D.Plantes : codes promo & compléments naturels 2026,code-promo,2026-06-25,Direct / autre,lk.gt,,0,0,0,0,Collecter des données
dr-hauschka-testeur-rouge-levres-mandevilla-cosmetique-bio,Dr. Hauschka : Testez Gratuitement le Rouge à Lèvres Mandevilla,test-gratuit,2026-03-03,Direct / autre,drhauschka.ch,,0,0,0,0,Collecter des données
dr-oetker-jeu-concours-pizza-suprema-2026,Concours Dr. Oetker Pizza Suprema : Participez et Gagnez (2026),concours,2026-03-12,Direct / autre,oetker.fr,,0,0,0,0,Collecter des données
dr-oetker-ristorante-questionnaire-concours-2026,Concours Dr. Oetker Ristorante : Echo Dot + bons de réduction,concours,2026-03-05,Direct / autre,oetker.fr,,0,0,0,0,Collecter des données
dr-pen-m7s-stylo-microneedling-professionnel-73-euros-promo-amazon-avril-2026,"Dr. Pen M7S Stylo Microneedling + 25 cartouches à 73,99€ (-25%)",bon-plan,2026-04-21,Amazon,Amazon,,0,0,0,0,Collecter des données
dr-pierre-ricaud-avis-test-soins-anti-age-2026,Dr Pierre Ricaud : On a Testé 5 Soins Anti-Âge,test-gratuit,2026-04-05,Awin,tidd.ly,,0,0,0,0,Collecter des données
ducros-jeu-concours-1-an-epices-paques-2026,Ducros : Gagnez 1 An de Produits Epices et Herbes,concours,2026-03-21,Direct / autre,ducros.com,,0,0,0,0,Collecter des données
dynveo-avis-test-complements-collagene-magnesium-2026,Dynveo : On a Testé 3 Compléments Premium Made in France,test-gratuit,2026-04-05,Amazon,Amazon,,0,0,0,0,Collecter des données
eafit-avis-test-whey-proteine-minceur-sport-2026,EAFIT : On a Testé la Pure Whey et la Poudre Minceur 360,test-gratuit,2026-04-05,Amazon,Amazon,,0,0,0,0,Collecter des données
echantillons-gratuits-envie-de-plus-testez-gratuitement-procter-gamble-mai-2026,Échantillons gratuits Envie de Plus : Procter & Gamble,test-gratuit,2026-05-10,Direct / autre,enviedeplus.com,,0,0,0,0,Collecter des données
eclae-3-tests-produits-gratuits-masque-double-cleansing-mars-2026,"Test gratuit ECLAE : 3 soins naturels (masque, double cleansing)",test-gratuit,2026-03-07,Direct / autre,eclae.com,,0,0,0,0,Collecter des données
eclae-ambassadeur-test-produit-cosmetique-naturel,Test gratuit ECLAE : Soins Naturels Français Gratuits,test-gratuit,2026-03-03,Direct / autre,eclae.com,,0,0,0,0,Collecter des données
ecoflow-wave-3-climatiseur-portable-batterie-1024wh-1299-euros-amazon-moins-13-pourcent,Climatiseur portable EcoFlow WAVE 3 + batterie à 1 299€ au lieu de 1 499€ (-13%),bon-plan,2026-04-06,Amazon,Amazon,,0,0,0,0,Collecter des données
edisac-edi-days-codes-promo-sacs-maroquinerie-mars-avril-2026,Edisac Edi Days : Jusqu'a -50 euros sur les Sacs & Maroquinerie (Codes Promo Mars-Avril 2026),bon-plan,2026-03-30,Direct / autre,edisac.com,,0,0,0,0,Collecter des données
eleclerc-operation-lego-25-pourcent-ticket-mars-avril-2026,"E.Leclerc : 25% en Ticket E.Leclerc sur une Selection LEGO - Star Wars des 12,90 euros",bon-plan,2026-04-06,Awin,tidd.ly,,0,0,0,0,Collecter des données
electro-depot-offres-moment-smartphones-tv-electromenager-avril-2026,Electro Dépôt : codes promo & bons plans tech 2026,code-promo,2026-06-25,Direct / autre,fnty.co,,0,0,0,0,Collecter des données
elizabeth-arden-green-tea-lotion-corps-promo-amazon-moins-34-pourcent-2026,"Elizabeth Arden Green Tea lotion corps à 11,49 € au lieu de 17,95 € (-36 %)",bon-plan,2026-07-10,Amazon,Amazon,,0,0,0,0,Collecter des données
enjoyfamily-parents-testeurs-produits-bebe,EnjoyFamily : Devenez Parent Testeur et Recevez des Produits Bébé Gratuits,test-gratuit,2026-03-06,Direct / autre,enjoyfamily.fr,,0,0,0,0,Collecter des données
eno-codexial-ambassadeur-test-produit-dermo-cosmetique,Test gratuit ENO Codexial : soins dermo-cosmétiques ambassadeur,test-gratuit,2026-03-04,Direct / autre,eno-codexial.com,,0,0,0,0,Collecter des données
eno-codexial-enotime-creme-complexe-global-test-gratuit-25-places-2026,ENO Codexial Enotime : 25 cremes anti-age Complexe Global a tester,test-gratuit,2026-04-16,Direct / autre,eno-codexial.com,,0,0,0,0,Collecter des données
ensemble-repas-jardin-table-180cm-8-chaises-aluminium-cdiscount-promo-2026,"Ensemble Repas Jardin : Table 180 cm + 8 Chaises Aluminium a 349,99€ (-5%)",bon-plan,2026-04-02,Awin,tidd.ly,,0,0,0,0,Collecter des données
envie-bien-manger-jeu-mois-fromage-100-pourcent-gagnant-2026,Jeu 100% gagnant Envie de Bien Manger : box fromages ou 25€ de réductions,concours,2026-04-10,Direct / autre,enviedebienmanger.fr,,0,0,0,0,Collecter des données
envie-de-plus-jeu-tour-de-france-dash-offerte-concours-2026,Envie de Plus : Jeu du Tour de France,concours,2026-04-04,Direct / autre,enviedeplus.com,,0,0,0,0,Collecter des données
envie-de-plus-remboursement-lessive-menage-ariel-dash-swiffer-2026,"Envie de Plus : jusqu'à 100% remboursé sur la lessive et le ménage (Ariel, Dash, Swiffer...)",bon-plan,2026-04-07,Direct / autre,enviedeplus.com,,0,0,0,0,Collecter des données
envie-de-plus-satisfait-ou-100-pourcent-rembourse-procter-gamble-2026,100% remboursé sur tes courses du quotidien (offre testée),bon-plan,2026-04-04,Direct / autre,enviedeplus.com,,0,0,0,0,Collecter des données
essentiels-beaute-sac-de-plage-ete-2026,Sac de plage : les 10 essentiels qu'on regrette toujours d'avoir oubliés,comparatif,2026-07-25,Direct / autre,fnty.co,,0,0,0,0,Collecter des données
estee-lauder-double-wear-nouveau-fond-de-teint-2026,Test Estée Lauder Double Wear : le fond de teint tient 36h,test-avis,2026-07-25,Effiliation,track.effiliation.com,,0,0,0,0,Collecter des données
esthederm-testeur-soin-dermatologique,Institut Esthederm : Devenez Testeur de Soins Dermatologiques Premium,test-gratuit,2026-03-06,Direct / autre,esthederm.fr,,0,0,0,0,Collecter des données
etam-printemps-en-folie-lingerie-jusqu-a-moins-60-pourcent-expedition-72h-2026,"Etam Printemps en Folie : Lingerie et Maillots Jusqu'a -60%, Expedition 72h",bon-plan,2026-04-02,Direct / autre,lk.gt,,0,0,0,0,Collecter des données
etixx-spin-wheel-nutrition-sportive-concours-2026,Etixx : Spin & Win — 1 An de Nutrition Sportive Gratuite à Gagner,concours,2026-03-15,Direct / autre,fuelyourgoal.com,,0,0,0,0,Collecter des données
evian-200-ans-jeu-100-pourcent-gagnant-hotel-royal-505-lots-2026,Evian 200 ans : jeu 100% gagnant avec sejour Hotel Royal et 505 lots,concours,2026-04-15,Direct / autre,jeu-evian-200-ans.fr,,0,0,0,0,Collecter des données
eye-care-intense-mascara-yeux-sensibles-test-gratuit-2026,Test gratuit Eye Care : l'Intense Mascara pour yeux sensibles,test-gratuit,2026-04-14,Direct / autre,eyecare.fr,,0,0,0,0,Collecter des données
eyecare-ambassadrice-test-produit-maquillage-yeux-sensibles,Test gratuit Eye Care Cosmetics : le Maquillage Yeux Sensibles,test-gratuit,2026-03-04,Direct / autre,eyecare.fr,,0,0,0,0,Collecter des données
facelle-robot-patissier-2000w-6-2l-104-48-euros-amazon-moins-35-pourcent,"Facelle Robot Patissier 2000W Bol 6,2L : 104,48€ (-35%)",bon-plan,2026-04-16,Amazon,Amazon,,0,0,0,0,Collecter des données
fairy-original-232-tablettes-lave-vaisselle-31-euros-amazon-moins-37-pourcent,Fairy Original 232 Tablettes Lave-Vaisselle Tout-en-1 : 31€ (-37%),bon-plan,2026-04-15,Amazon,Amazon,,0,0,0,0,Collecter des données
fakjank-f417pro-drone-camera-1080p-ecran-89-euros-promo-amazon-avril-2026,"Drone FAKJANK F417PRO avec Caméra 1080P et Écran à 89,99€ (-40%)",bon-plan,2026-04-20,Amazon,Amazon,,0,0,0,0,Collecter des données
familiscope-bayard-non-non-album-concours-2026,Concours Bayard Jeunesse : 5 albums Non-Non Trouve un Bidule,concours,2026-03-30,Direct / autre,familiscope.fr,,0,0,0,0,Collecter des données
familiscope-concours-famille-enfants-2026,"Familiscope : Concours famille avec livres, jeux et entrées",concours,2026-03-05,Direct / autre,familiscope.fr,,0,0,0,0,Collecter des données
familiscope-puy-du-fou-4-places-concours-2026,Concours Familiscope : 4 places pour le Puy du Fou à gagner,concours,2026-03-30,Direct / autre,familiscope.fr,,0,0,0,0,Collecter des données
famillemary-ambassadeur-miel-bien-etre,Test gratuit Famille Mary : Produits au Miel Gratuits,test-gratuit,2026-03-06,Direct / autre,famillemary.fr,,0,0,0,0,Collecter des données
feandrea-arbre-a-chat-143cm-multi-niveaux-35-12-euros-amazon-moins-12-pourcent,"Arbre à chat Feandrea 143 cm à 35,12€ au lieu de 39,99€ (-12%)",bon-plan,2026-04-06,Amazon,Amazon,,0,0,0,0,Collecter des données
febreze-petit-coin-desodorisant-wc-purete-coton-lot-5-12-euros-amazon-moins-37-pourcent,Febreze Petit Coin Desodorisant WC Purete de Coton x5 : 12€ (-37%),bon-plan,2026-04-15,Amazon,Amazon,,0,0,0,0,Collecter des données
femme-actuelle-grand-jeu-voyage-decouverte-sejours-2026,Femme Actuelle Grand Jeu Voyage : sejours et cadeaux a gagner,concours,2026-04-15,Direct / autre,jeux.femmeactuelle.fr,,0,0,0,0,Collecter des données
femme-actuelle-jeux-concours-cadeaux-gagner-2026,Femme Actuelle : Jeux Concours en Ligne,concours,2026-03-04,Direct / autre,jeux.femmeactuelle.fr,,0,0,0,0,Collecter des données
fermier-ancenis-50-ans-concours-repas-experientiel-150-euros-2026,Concours Fermier d'Ancenis 50 ans : un repas expérientiel pour 2,concours,2026-04-10,Direct / autre,50ans.fermierdancenis.fr,,0,0,0,0,Collecter des données
fete-des-meres-2026-idees-cadeaux-bons-plans,Fête des Mères : les meilleurs cadeaux & bons plans (31 mai),beaute,2026-07-26,Direct / autre,lk.gt,,0,0,0,0,Collecter des données
filorga-hydra-aox-serum-antioxydant-anti-age-avis-2026,Test Filorga Hydra-AOX : le sérum aux 53 actifs de médecine esthétique,test-avis,2026-07-25,Direct / autre,fnty.co,,0,0,0,0,Collecter des données
filswa-filtre-eau-delonghi-6-pieces-charbon-coco-amazon-promo-2026,"FILSWA Filtres à Eau pour Machines Delonghi : Lot de 6 à 20,89€ (-16%)",bon-plan,2026-04-02,Amazon,Amazon,,0,0,0,0,Collecter des données
fleurance-nature-grand-jeu-concours-2026,"Fleurance Nature : Grand jeu concours, 30 lots de soins argan bio",concours,2026-03-05,Direct / autre,fleurancenature.fr,,0,0,0,0,Collecter des données
fleurance-nature-instant-gagnant-argan-2026,Concours Fleurance Nature : 30 gammes soins Argan bio à gagner,concours,2026-03-04,Direct / autre,fleurancenature.qualifioapp.com,,0,0,0,0,Collecter des données
florame-serums-booster-bio-test-gratuit-belle-au-naturel-2026,Florame : 80 sérums booster bio à tester gratuitement,test-gratuit,2026-04-07,Direct / autre,belleaunaturel.fr,,0,0,0,0,Collecter des données
florette-satisfait-fraicheur-rembourse-3-euros-webcoupons-2026,Florette Satisfait Fraîcheur : 3€ remboursés en webcoupons sur vos salades,bon-plan,2026-04-20,Direct / autre,fraicheur-florette.offre-promotionnelle.fr,,0,0,0,0,Collecter des données
foreo-luna-play-plus-2-brosse-nettoyante-avis-2026,Foreo Luna Play Plus 2 : 8 000 pulsations/min contre les points noirs,test-avis,2026-07-25,Amazon,Amazon,,0,0,0,0,Collecter des données
francoise-saget-grand-tirage-bonne-annee-2026,Concours Françoise Saget : 100 cartes cadeaux 50 € à gagner,concours,2026-03-04,Direct / autre,francoisesaget.com,,0,0,0,0,Collecter des données
francoise-saget-grand-tirage-toucans-3000-euros-cheque-2026,Francoise Saget : un cheque de 3 000€ (grand tirage gratuit),concours,2026-04-15,Direct / autre,francoisesaget.com,,0,0,0,0,Collecter des données
free-cosmetic-testing-french-tendance-baume-levres-princesse-avril-2026,Test gratuit French Tendance : Baume à lèvres Princesse Mûre,test-gratuit,2026-04-01,Direct / autre,free-cosmetic-testing.com,,0,0,0,0,Collecter des données
free-cosmetic-testing-produits-a-tester,Free Cosmetic Testing : 40+ Produits Beauté à Tester Gratuitement,test-gratuit,2026-03-04,Direct / autre,free-cosmetic-testing.com,,0,0,0,0,Collecter des données
free-cosmetic-testing-produits-gratuits-tester-2026,Free Cosmetic Testing : Recevez des Produits Beauté Gratuits,test-gratuit,2026-03-13,Direct / autre,free-cosmetic-testing.com,,0,0,0,0,Collecter des données
free-cosmetic-testing-wet-n-wild-kit-sourcils-mars-2026,Test Gratuit : Kit Sourcils Ultime Wet N Wild,test-gratuit,2026-03-18,Direct / autre,free-cosmetic-testing.com,,0,0,0,0,Collecter des données
french-mush-avis-test-champignons-adaptogenes-2026,French Mush : On a Testé les Champignons Adaptogènes,test-gratuit,2026-04-05,Amazon,Amazon,,0,0,0,0,Collecter des données
fromagerie-milleret-jeu-coup-de-pouce-concours-2026,Fromagerie Milleret : Jeu Coup de Pouce,concours,2026-04-04,Direct / autre,club.fromagerie-milleret.com,,0,0,0,0,Collecter des données
garancia-grand-jeu-concours-11-produits-beaute-352-euros-2026,Garancia : gagnez un lot de 11 produits beaute (valeur 352€),concours,2026-04-14,Direct / autre,garancia-beauty.com,,0,0,0,0,Collecter des données
garancia-magic-club-ambassadeur-test-produit-beaute,Test gratuit Garancia Magic Club : soins botaniques ambassadeur,test-gratuit,2026-03-03,Direct / autre,garancia-ambassadeur.snkt.io,,0,0,0,0,Collecter des données
gemo-bons-plans-mode-famille-2026,Gémo : codes promo & mode famille 2026,code-promo,2026-06-25,Direct / autre,ava.gemo.fr,,0,0,0,0,Collecter des données
gillette-labs-body-intimate-tondeuse-i7-promo-amazon-2026,"Gillette Labs Body + Intimate tondeuse i7 à -34% sur Amazon : 68,90€",bon-plan,2026-04-08,Amazon,Amazon,,0,0,0,0,Collecter des données
gisam-secateur-electrique-sans-fil-60mm-97-62-euros-moins-39-pourcent-amazon-2026,"Gisam : sécateur électrique sans fil 60mm avec 2 batteries à 97,62€ (-39%)",bon-plan,2026-04-18,Amazon,Amazon,,0,0,0,0,Collecter des données
gitelsnour-arbre-a-chat-180cm-tour-griffoirs-66-49-euros-amazon-moins-34-pourcent,"Arbre à chat Gitelsnour 180 cm à 63,16€ au lieu de 99,99€ (-37%)",bon-plan,2026-07-22,Amazon,Amazon,,0,0,0,0,Collecter des données
glowria-3-box-beaute-9-90-euros-paques-beauty-brunch-xxl-17-produits,"Glowria : 3 box beauté pour 9,90 € (17 produits, valeur 327 €)",box-beaute,2026-04-05,Affilae,c3po.link,,0,0,0,0,Collecter des données
glowria-4-box-star-24-90-mars-2026,"Glowria : 4 Box + 1 Box Offerte à 24,90€",box-beaute,2026-03-04,Affilae,c3po.link,,0,0,0,0,Collecter des données
glowria-box-15-euros-bon-plan,Glowria 1re box à 15 € : on a regardé ce qu'il y avait vraiment dedans,box-beaute,2026-06-04,Affilae,c3po.link,,0,0,0,0,Collecter des données
glowria-box-beaute-vendredi-13-mars-2026,Glowria : Box Beauté Spéciale Vendredi 13,box-beaute,2026-03-13,Affilae,c3po.link,,0,0,0,0,Collecter des données
glowria-box-beauty-brunch-12-90-euros-coffret-nailmatic-offert-2026,"Glowria : 10 produits beaute pour 12,90€ + coffret Nailmatic offert",box-beaute,2026-04-15,Affilae,c3po.link,,0,0,0,0,Collecter des données
glowria-box-sans-engagement-13-euros-mars-2026,Glowria Sans Engagement : 2 Box Beauté à 13€,box-beaute,2026-03-04,Affilae,c3po.link,,0,0,0,0,Collecter des données
glowria-mega-promo-printemps-2-box-calendrier-9-90-euros-37-produits-2026,"Glowria Méga Promo : 2 box + calendrier à 9,90 € (37 produits)",box-beaute,2026-03-29,Affilae,c3po.link,,0,0,0,0,Collecter des données
goodtel-tablette-enfants-7-pouces-android-rose-55-99-euros-amazon-moins-60-pourcent,"GOODTEL Tablette Enfants 7 Pouces Android Rose : 55,99€ (-60%)",bon-plan,2026-04-15,Amazon,Amazon,,0,0,0,0,Collecter des données
grand-jeu-intermarche-bonduelle-2026-robot-moulinex,Concours Intermarché x Bonduelle 2026 : Robot Moulinex et Coffrets,concours,2026-03-03,Direct / autre,grandjeu.intermarche.com,,0,0,0,0,Collecter des données
grand-jeu-team-weber-saint-gobain-50-cadeaux-2026,"Concours Team Weber Saint-Gobain : 50 cadeaux a gagner, 10 gagnants par semaine",concours,2026-03-23,Direct / autre,team-weber.fr,,0,0,0,0,Collecter des données
greenweez-couches-ecologiques-love-green-pure-nature-jusqu-a-moins-50-pourcent-2026,"Greenweez : couches ecologiques jusqu'a -50% (Love & Green, Tidoo, Carryboo)",bon-plan,2026-04-16,Affilae,c3po.link,,0,0,0,0,Collecter des données
greenworks-24v-set-outils-sans-fil-4-pieces-235-99-euros-moins-33-pourcent-amazon-2026,"Greenworks 24V : coffret 4 outils sans fil a 235,99€ au lieu de 349,99€ (-33%)",bon-plan,2026-04-17,Amazon,Amazon,,0,0,0,0,Collecter des données
grossesse-vergetures-8-meilleurs-soins-anti-vergetures-guide-2026,Grossesse et vergetures : les 8 meilleurs soins pour préserver ta peau,comparatif,2026-07-25,Direct / autre,lk.gt,,0,0,0,0,Collecter des données
guess-hugo-boss-carrera-lunettes-soleil-jusqu-a-moins-90-pourcent-2026,"Guess, Hugo Boss, Carrera : Lunettes de Soleil Jusqu'a -90%, Expedition 72h",bon-plan,2026-04-02,Direct / autre,lk.gt,,0,0,0,0,Collecter des données
guide-accessoires-soins-bebe-trousse-toilette-indispensables-2026,Trousse de toilette bébé : tous les accessoires vraiment indispensables,test-avis,2026-07-21,Direct / autre,lk.gt,,0,0,0,0,Collecter des données
guide-anti-cernes-meilleurs-regard-frais-lumineux-2026,Meilleur anti-cernes : secrets d'un regard frais et lumineux,comparatif,2026-07-25,Awin,tidd.ly,,0,0,0,0,Collecter des données
guide-apres-soleil-pourquoi-comment-choisir-selection-pharmacie-2026,Après-soleil : pourquoi il est indispensable + notre sélection,comparatif,2026-07-26,Amazon,Amazon,,0,0,0,0,Collecter des données
guide-batch-cooking-debutante-economies-temps-recettes-2026,"Batch cooking : guide complet pour débutante (économies, temps gagné, recettes faciles 2026)",bon-plan,2026-04-26,Amazon,Amazon,,0,0,0,0,Collecter des données
guide-choisir-sac-a-langer-bebe-modeles-criteres-2026,Quel sac à langer choisir ? Nos 8 critères et les meilleurs modèles,test-avis,2026-07-21,Direct / autre,lk.gt,,0,0,0,0,Collecter des données
guide-comment-cacher-cernes-sans-effet-platre-methode-magnifaik-2026,Comment cacher les cernes sans effet plâtre ? La méthode pro Magnifaïk,beaute,2026-04-22,Awin,awin1.com,,0,0,0,0,Collecter des données
guide-comment-choisir-protection-solaire-creme-spf-amazon-2026,Comment choisir sa crème solaire : guide + 9 SPF Amazon,comparatif,2026-07-26,Amazon,Amazon,,0,0,0,0,Collecter des données
guide-comparatif-drives-carrefour-leclerc-auchan-intermarche-2026,Comparatif drives 2026 : Carrefour vs Leclerc vs Auchan vs Intermarché (notre verdict),bon-plan,2026-04-26,Direct / autre,fr.igraal.com,,0,0,0,0,Collecter des données
guide-creme-solaire-hydratante-visage-protection-optimale-2026,Crème solaire hydratante pour le visage : guide complet protection,comparatif,2026-07-25,Direct / autre,lk.gt,,0,0,0,0,Collecter des données
guide-creme-visage-homme-meilleurs-soins-hydratants-anti-age-2026,Crème visage homme : top 11 hydratants & anti-âge,comparatif,2026-07-25,Direct / autre,fnty.co,,0,0,0,0,Collecter des données
guide-economiser-200-euros-mois-courses-astuces-2026,Comment économiser 200€ par mois sur ses courses en 2026 : notre guide en 30 astuces,bon-plan,2026-04-26,Direct / autre,fr.igraal.com,,0,0,0,0,Collecter des données
guide-essence-mandarine-bienfaits-recettes-bebe-stress-pranarom-2026,Essence de Mandarine : la douceur anti-stress de toute la famille (4 recettes Pranarōm),beaute,2026-07-21,Affilae,lb.affilae.com,,0,0,0,0,Collecter des données
guide-fond-de-teint-effet-naturel-magnifaik-pour-celles-qui-n-aiment-pas-se-maquiller-2026,Quel fond de teint choisir quand on n'aime pas se maquiller ?,test-avis,2026-07-25,Awin,tidd.ly,,0,0,0,0,Collecter des données
guide-huile-amande-douce-bienfaits-peau-cheveux-bebe-pranarom-2026,"Huile d'amande douce : ses 4 usages clés (peau, corps, cheveux, bébé)",beaute,2026-07-21,Affilae,lb.affilae.com,,0,0,0,0,Collecter des données
guide-huile-essentielle-camomille-noble-bienfaits-recettes-pranarom-2026,Camomille noble : l'huile essentielle qui apaise les émotions,beaute,2026-07-26,Affilae,lb.affilae.com,,0,0,0,0,Collecter des données
guide-huile-essentielle-eucalyptus-radie-bienfaits-respiration-pranarom-2026,Eucalyptus radié : HE des voies respiratoires (5 recettes),beaute,2026-07-25,Affilae,lb.affilae.com,,0,0,0,0,Collecter des données
guide-huile-essentielle-lavande-aspic-bienfaits-recettes-2026,Huile essentielle Lavande Aspic : bienfaits & recettes,beaute,2026-07-26,Amazon,Amazon,,0,0,0,0,Collecter des données
guide-huile-essentielle-lavande-fine-bienfaits-utilisations-2026,"Huile Essentielle Lavande Fine : propriétés, bienfaits et utilisations",beaute,2026-04-21,Direct / autre,lk.gt,,0,0,0,0,Collecter des données
guide-huile-essentielle-menthe-poivree-bienfaits-recettes-pranarom-2026,Huile essentielle Menthe poivrée : bienfaits + 5 recettes,beaute,2026-07-25,Affilae,lb.affilae.com,,0,0,0,0,Collecter des données
guide-huile-essentielle-ravintsara-bienfaits-recettes-pranarom-2026,Huile essentielle Ravintsara Pranarôm : bienfaits & recettes,beaute,2026-07-26,Amazon,Amazon,,0,0,0,0,Collecter des données
guide-huile-essentielle-tea-tree-arbre-a-the-bienfaits-recettes-pranarom-2026,"Tea Tree Pranarôm : 4 recettes anti-infections (Lyme, acné)",beaute,2026-07-25,Affilae,lb.affilae.com,,0,0,0,0,Collecter des données
guide-huiles-essentielles-ete-moustiques-coups-soleil-jambes-lourdes-pranarom-2026,Top 7 huiles essentielles de l'été : moustiques & soleil,comparatif,2026-07-25,Affilae,lb.affilae.com,,0,0,0,0,Collecter des données
guide-huiles-essentielles-peau-soin-naturel-pranarom-2026,Huiles essentielles et peau : 8 HE selon ta problématique,comparatif,2026-07-25,Affilae,lb.affilae.com,,0,0,0,0,Collecter des données
guide-huiles-vegetales-rides-profondes-anti-age-pranarom-2026,Huiles végétales anti-rides : top 5 + 3 huiles contour des yeux,comparatif,2026-07-25,Affilae,lb.affilae.com,,0,0,0,0,Collecter des données
guide-humidificateur-bebe-chambre-nuit-paisible-2026,Humidificateur pour bébé : quel modèle choisir pour des nuits paisibles ?,test-avis,2026-07-21,Direct / autre,lk.gt,,0,0,0,0,Collecter des données
guide-hydrolats-bio-pranarom-eaux-florales-selection-2026,Hydrolats bio : comment les choisir + 6 eaux florales Pranarōm,comparatif,2026-07-25,Affilae,lb.affilae.com,,0,0,0,0,Collecter des données
guide-hydrolats-utilisation-quotidienne-recettes-diy-amazon-2026,Hydrolats : guide + recettes DIY (6 eaux florales),comparatif,2026-07-26,Amazon,Amazon,,0,0,0,0,Collecter des données
guide-malin-batch-cooking-cuisine-economique-2026,"Guide Malin Batch Cooking : Cuisine une Fois, Mange Toute la Semaine",bon-plan,2026-04-02,Amazon,Amazon,,0,0,0,0,Collecter des données
guide-malin-beaute-soins-naturels-pas-cher-2026,Guide malin beauté : soins naturels efficaces à moins de 5 €,beaute,2026-07-25,Amazon,Amazon,,0,0,0,0,Collecter des données
guide-malin-bebe-equiper-sans-se-ruiner-2026,Guide Malin Bebe : Equiper Bebe Sans se Ruiner (Les Vrais Indispensables),bon-plan,2026-04-02,Amazon,Amazon,,0,0,0,0,Collecter des données
guide-malin-courses-manger-bien-pas-cher-2026,Guide Malin Courses : Manger Bien pour 200€ par Mois (Famille de 4),bon-plan,2026-04-02,Amazon,Amazon,,0,0,0,0,Collecter des données
guide-malin-energie-reduire-facture-electricite-2026,Guide Malin Energie : Reduire sa Facture de 30% Sans Sacrifier son Confort,bon-plan,2026-04-02,Amazon,Amazon,,0,0,0,0,Collecter des données
guide-malin-jardin-potager-economique-2026,Guide Malin Jardin : Cultiver ses Legumes et Economiser 500€ par An,bon-plan,2026-04-02,Amazon,Amazon,,0,0,0,0,Collecter des données
guide-malin-loisirs-sorties-gratuites-pas-cher-2026,Guide Malin Loisirs : Se Divertir Sans se Ruiner (50 Idees Gratuites ou Pas Cheres),bon-plan,2026-04-02,Amazon,Amazon,,0,0,0,0,Collecter des données
guide-malin-organisation-anti-gaspi-zero-dechet-2026,Guide Malin Anti-Gaspi : Reduire ses Dechets et Economiser 1000€ par An,bon-plan,2026-04-02,Amazon,Amazon,,0,0,0,0,Collecter des données
guide-malin-sante-pharmacie-naturelle-2026,Guide Malin Sante : La Pharmacie Naturelle a Moins de 30€,bon-plan,2026-04-02,Amazon,Amazon,,0,0,0,0,Collecter des données
guide-malin-vetements-consommer-malin-2026,Guide Malin Vetements : Consommer Malin et Habiller Toute la Famille pour Moins,test-avis,2026-07-22,Amazon,Amazon,,0,0,0,0,Collecter des données
guide-masque-collagene-visage-peau-eclatante-amazon-2026,Masque collagène visage : guide complet pour une peau repulpée et éclatante,comparatif,2026-07-26,Amazon,Amazon,,0,0,0,0,Collecter des données
guide-masque-led-visage-photobiomodulation-eclatante-amazon-2026,Masque LED visage : guide photobiomodulation pour peau éclatante,comparatif,2026-07-26,Amazon,Amazon,,0,0,0,0,Collecter des données
guide-meilleur-anti-cernes-regard-frais-lumineux-amazon-2026,Meilleur anti-cernes : guide complet pour un regard frais et lumineux,comparatif,2026-05-10,Amazon,Amazon,,0,0,0,0,Collecter des données
guide-meilleur-fond-de-teint-couvrant-teint-zero-defaut-amazon-2026,Meilleur fond de teint couvrant : guide complet pour un teint zéro défaut,comparatif,2026-05-10,Amazon,Amazon,,0,0,0,0,Collecter des données
guide-parfums-ete-femme-comment-choisir-selon-style-2026,Parfums d'été femme : guide pour choisir selon ton style,comparatif,2026-07-26,Tradedoubler,clk.tradedoubler.com,,0,0,0,0,Collecter des données
guide-preparer-sa-peau-au-soleil-bronzage-progressif-protection-amazon-2026,Préparer sa peau au soleil : routine bronzage progressif,beaute,2026-05-13,Amazon,Amazon,,0,0,0,0,Collecter des données
guide-routine-anti-age-meilleurs-soins-eclatante-tout-age-amazon-2026,Routine anti-âge complète : les meilleurs soins par âge et type de peau,comparatif,2026-07-26,Amazon,Amazon,,0,0,0,0,Collecter des données
guide-sac-a-langer-bebe-indispensables-balade-2026,Sac à langer : que glisser dedans pour partir sereine avec bébé ?,test-avis,2026-07-21,Direct / autre,lk.gt,,0,0,0,0,Collecter des données
guide-selection-menage-entretien-maison-amazon-mai-2026,Sélection ménage et entretien maison Amazon mai 2026 : 8 bons plans à -25% à -40% pour stocker malin,bon-plan,2026-05-11,Amazon,Amazon,,0,0,0,0,Collecter des données
guide-selection-puericulture-amazon-equipement-bebe-mai-2026,"Sélection puériculture Amazon : 12 équipements bébé en promo en mai 2026 (de 12,99€ à 199,99€)",bon-plan,2026-05-10,Amazon,Amazon,,0,0,0,0,Collecter des données
guide-tea-tree-amazon-pratique-acne-mycose-bouton-fievre-2026,"Tea Tree : guide acné, mycose, plaie + 3 produits Amazon",beaute,2026-07-26,Amazon,Amazon,,0,0,0,0,Collecter des données
guide-test-meilleurs-apres-soleil-amazon-prolongateur-bronzage-2026,"Guide test : 6 meilleurs après-soleil (gel, lait, prolongateur)",beaute,2026-05-09,Amazon,Amazon,,0,0,0,0,Collecter des données
guide-top-10-apps-cashback-courses-igraal-shopmium-lidl-plus-2026,"Top 10 apps cashback courses 2026 : iGraal, Shopmium, Quoty et les autres pour récupérer 60€/mois",bon-plan,2026-04-26,Direct / autre,fr.igraal.com,,0,0,0,0,Collecter des données
guide-top-15-apps-anti-gaspi-alimentaire-too-good-to-go-phenix-2026,"Top 15 apps anti-gaspi 2026 : Too Good to Go, Phenix et les autres pour économiser sur ses courses",bon-plan,2026-04-26,Direct / autre,fr.igraal.com,,0,0,0,0,Collecter des données
gum-batonnets-interdentaires-50-gratuits-mission-ambassadeur-2026,Test gratuit : 50 bâtonnets interdentaires GUM à tester,test-gratuit,2026-04-20,Direct / autre,sunstargum.com,,0,0,0,0,Collecter des données
gum-programme-ambassadeurs-test-gratuit-activital-sonic-daily-2026,Test gratuit GUM Smile Club : produits ActiVital ambassadeur,test-gratuit,2026-04-07,Direct / autre,sunstargum.com,,0,0,0,0,Collecter des données
gummies-cheveux-guide-bienfaits-5-meilleures-cures-2026,Gummies cheveux : les 5 meilleures cures pour une chevelure fortifiée,comparatif,2026-07-25,Amazon,Amazon,,0,0,0,0,Collecter des données
gym-nutrition-creatine-monohydrate-1kg-vegan-amazon-promo-2026,"Créatine Monohydrate Gym Nutrition 1kg : Extrapure Vegan à 14,40€ (-24%)",bon-plan,2026-04-02,Amazon,Amazon,,0,0,0,0,Collecter des données
hachette-bluey-maison-anniversaire-jeu-concours-avril-2026,Bluey : gagnez la Maison Anniversaire + livre d'activites,concours,2026-04-14,Direct / autre,hachette-jeunesse.com,,0,0,0,0,Collecter des données
hachette-gabby-maison-magique-concours-2026,Concours Gabby et la Maison Magique : Playsets Spin Master et livres,concours,2026-03-05,Direct / autre,hachette-jeunesse.com,,0,0,0,0,Collecter des données
hachette-hello-kitty-cosy-colo-jeu-concours-avril-2026,Hello Kitty : 4 lots livres Cosy Colo + accessoires a gagner,concours,2026-04-14,Direct / autre,hachette-jeunesse.com,,0,0,0,0,Collecter des données
hachette-jeux-concours-livres-2026,"Hachette Jeux Concours : Gagnez des livres, jouets et cadeaux",concours,2026-03-05,Direct / autre,hachette.fr,,0,0,0,0,Collecter des données
hachette-pat-patrouille-concours-2026,Concours Pat' Patrouille : 10 véhicules Spin Master et livres,concours,2026-03-05,Direct / autre,hachette-jeunesse.com,,0,0,0,0,Collecter des données
haepi-julia-brosse-dents-sonique-3-en-1-test-gratuit-beaute-test-2026,Haepi Julia : testez la brosse a dents sonique 3-en-1,test-gratuit,2026-04-16,Direct / autre,beaute-test.com,,0,0,0,0,Collecter des données
hartmann-confiance-lady-pads-echantillon-gratuit-2026,Echantillon Gratuit : Protections Confiance Lady Pads Hartmann,bon-plan,2026-03-24,Amazon,Amazon,,0,0,0,0,Collecter des données
hellofresh-85-euros-offerts-2-mois-chocolat-offerts-2026,HelloFresh : jusqu'à 85€ offerts + 2 mois de chocolat offerts sur vos box,bon-plan,2026-04-08,Direct / autre,lk.gt,,0,0,0,0,Collecter des données
herbalgem-avis-test-complements-menopause-gemmotherapie-2026,Herbalgem : On a Testé 3 Compléments Ménopause en Gemmothérapie,test-gratuit,2026-04-05,Amazon,Amazon,,0,0,0,0,Collecter des données
hittiona-lisseur-ceramique-professionnel-plaques-larges-promo-amazon-avril-2026,"HITTIONA Lisseur Pro Plaques Larges à 49,99€ (-29%)",bon-plan,2026-04-19,Amazon,Amazon,,0,0,0,0,Collecter des données
homvana-humidificateur-air-bebe-3-6l-29-euros-promo-amazon-avril-2026,"Homvana Humidificateur d'Air Bébé 3,6 L à 29,09€ (#1 des ventes)",bon-plan,2026-04-22,Amazon,Amazon,,0,0,0,0,Collecter des données
horace-avis-test-soins-homme-skincare-masculin-2026,Horace : On a Testé 3 Soins Homme,test-gratuit,2026-04-05,Amazon,Amazon,,0,0,0,0,Collecter des données
huawei-freeclip-2-ecouteurs-sans-fil-139-99-euros-moins-30-pourcent-amazon-2026,"Huawei FreeClip 2 : ecouteurs sans fil open-ear a 139,99€ au lieu de 199,99€ (-30%)",bon-plan,2026-04-17,Amazon,Amazon,,0,0,0,0,Collecter des données
hub-fete-des-meres-2026-offres-flash-box-beaute-cadeaux,Fête des Mères 2026 : 7 offres flash box beauté à prix cassés,box-beaute,2026-05-24,Affilae,c3po.link,,0,0,0,0,Collecter des données
hub-jeux-concours-instagram-facebook-2026,Hub jeux concours Instagram & Facebook : 27 concours à tenter,concours,2026-05-27,Direct / autre,facebook.com,,0,0,0,0,Collecter des données
hub-meilleurs-bons-plans-amazon-cuisine-beaute-jardin-juin-2026,"Top bons plans Amazon : cuisine, beauté, jardin et maison à -50 %",bon-plan,2026-06-11,Amazon,Amazon,,0,0,0,0,Collecter des données
hugo-jeunesse-jeu-concours-collection-iconic-2026,Concours Hugo Jeunesse : collection ICONIC romans enfants,concours,2026-03-14,Direct / autre,f58839b2.sibforms.com,,0,0,0,0,Collecter des données
humble-plus-avis-test-collagene-marin-naticol-2026,Humble+ : On a Testé le Collagène Marin Premium Naticol,test-gratuit,2026-04-05,Amazon,Amazon,,0,0,0,0,Collecter des données
iad-top14-concours-places-matchs-experiences-exclusives-2026,Concours IAD × Top 14 : places et expériences matchs à gagner,concours,2026-04-10,Direct / autre,mytop14.iadfrance.fr,,0,0,0,0,Collecter des données
idees-cadeaux-bien-etre-fete-des-meres-moins-30-euros-2026,Fête des Mères à moins de 30 euros : 6 idées cadeaux bien-être (31 mai 2026),bon-plan,2026-05-08,Amazon,Amazon,,0,0,0,0,Collecter des données
idylcar-25-ans-jeu-concours-ninja-crispi-25000-euros-cadeaux-2026,IDYLCAR fête ses 25 ans : 25 000€ de cadeaux et un Ninja Crispi,concours,2026-04-05,Direct / autre,app.digitaleo.com,,0,0,0,0,Collecter des données
igraal-cashback-booste-disneyland-youscribe-expedia-avril-2026,"iGraal : Cashback Booste sur Disneyland (30€), Youscribe (40€), Expedia (5%) et Plus",bon-plan,2026-04-02,Direct / autre,fr.igraal.com,,0,0,0,0,Collecter des données
igraal-cashback-parrainage-15-euros-offerts-inscription-2026,iGraal : 10€ offerts en cashback a l'inscription (bon plan parrainage),bon-plan,2026-04-29,Direct / autre,fr.igraal.com,,0,0,0,0,Collecter des données
igraal-cashback-remise-redcare-lookfantastic-adidas-foot-locker-avril-2026,"iGraal : jusqu'à 45% de remise + cashback sur Redcare, Lookfantastic, Adidas, iHerb et plus",bon-plan,2026-04-05,Direct / autre,fr.igraal.com,,0,0,0,0,Collecter des données
igraal-cashback-selection-avril-2026-samsung-15-pourcent-temu-14-pourcent,"iGraal sélection du jour : Sephora 20%, Agoda 9,5%, Hello bank 70€ et +",bon-plan,2026-04-22,Direct / autre,fr.igraal.com,,0,0,0,0,Collecter des données
igraal-top-offres-cashback-ninja-darty-marionnaud-avril-2026,"iGraal : les top cashback d'avril 2026 (Ninja 15%, Darty 10%, Marionnaud 20%)",bon-plan,2026-04-10,Direct / autre,fr.igraal.com,,0,0,0,0,Collecter des données
in-haircare-gummies-pousse-volume-cheveux-avis-test-2026,"In Haircare Gummies : testé 1 mois, la cure pousse et volume à 26,90 €",test-avis,2026-07-25,Awin,awin1.com,,0,0,0,0,Collecter des données
inglesina-zenit-poussette-compacte-174-99-euros-amazon-moins-32-pourcent,"Inglesina Zenit Poussette Compacte : 174,99€ (-32%)",bon-plan,2026-04-16,Amazon,Amazon,,0,0,0,0,Collecter des données
institut-esthederm-eau-cellulaire-test-gratuit-100-places-2026,Institut Esthederm : testez gratuitement un soin Eau Cellulaire,test-gratuit,2026-04-15,Direct / autre,esthederm.fr,,0,0,0,0,Collecter des données
institut-esthederm-test-gratuit-adaptasun-fluide-visage-solaire-blissim-juin-2026,Solaire visage Esthederm Adaptasun : 20 testeuses cherchées,test-gratuit,2026-06-04,Direct / autre,communaute.blissim.fr,,0,0,0,0,Collecter des données
jack-jones-lot-3-tshirts-noirs-homme-23-15-euros-amazon-moins-34-pourcent,"Jack & Jones Lot de 3 T-Shirts Noirs Homme : 23,15€ (-34%)",bon-plan,2026-04-16,Amazon,Amazon,,0,0,0,0,Collecter des données
jean-louis-david-test-gratuit-gamme-experte-boucles-beaute-test-2026,Jean Louis David : 100 routines boucles Gamme Experte à tester,test-gratuit,2026-04-07,Direct / autre,beaute-test.com,,0,0,0,0,Collecter des données
jean-paul-gaultier-divine-couture-eau-de-parfum-nouveaute-2026,"Jean Paul Gaultier Divine Couture : baisse de prix, l'eau de parfum dès 48,90 €",bon-plan,2026-07-25,Direct / autre,fnty.co,,0,0,0,0,Collecter des données
jeu-concours-20-minutes-kit-vrac-reemploi-emballages-mars-2026,Concours 20 Minutes : 2 Kits Vrac & Réemploi à gagner,concours,2026-03-09,Direct / autre,20minutes.fr,,0,0,0,0,Collecter des données
jeu-concours-apericube-best-of-personnalise-2026,Concours Apéricube : Créez votre Best-Of Personnalisé et Tentez de le Gagner,concours,2026-03-19,Direct / autre,ribambel.com,,0,0,0,0,Collecter des données
jeu-concours-cosmopolitan-250-euros-shopping-ocarat-bijoux-2026,Concours Cosmopolitan : 250€ de Shopping Bijoux & Montres chez Ocarat,concours,2026-03-09,Direct / autre,cosmopolitan.fr,,0,0,0,0,Collecter des données
jeu-concours-cuisines-aviva-cuisine-amanda-2499-euros-2026,Concours Cuisines AvivA : une Cuisine Amanda Équipée,concours,2026-03-10,Direct / autre,cuisines-aviva.com,,0,0,0,0,Collecter des données
jeu-concours-dupuis-starlight-bd-tome-1-2026,Jeu Concours Dupuis : Gagnez le Tome 1 de la BD Starlight,concours,2026-03-19,Direct / autre,journaldemickey.com,,0,0,0,0,Collecter des données
jeu-concours-elephant-130-ans-voyage-thailande-botswana-2026,Concours Éléphant 130 ans : voyage 7 900 € pour 2 à gagner,concours,2026-03-09,Direct / autre,elephant-130ans.fr,,0,0,0,0,Collecter des données
jeu-concours-familiscope-asterix-futuroscope-livres-mars-2026,"Concours Familiscope : Astérix, Futuroscope, livres jeunesse",concours,2026-03-09,Direct / autre,familiscope.fr,,0,0,0,0,Collecter des données
jeu-concours-futuroscope-sejour-famille-4-personnes-2026,Concours Futuroscope : 1 Séjour Famille de 2 Jours pour 4 Personnes,concours,2026-03-09,Direct / autre,compagniedesalpes1.qualifioapp.com,,0,0,0,0,Collecter des données
jeu-concours-futuroscope-xperiences-2026-maxi-mag,Concours Futuroscope Xperiences 2026 : 4 lots de 4 entrees a gagner,concours,2026-03-23,Direct / autre,maxi-mag.fr,,0,0,0,0,Collecter des données
jeu-concours-geo-blanc-des-vosges-parures-utopia-soleil-2026,Concours GEO × Blanc des Vosges : 10 parures UTOPIA à gagner,concours,2026-03-19,Direct / autre,jeux.geo.fr,,0,0,0,0,Collecter des données
jeu-concours-geo-futuroscope-aquascope-3-sejours-famille-2026,Jeu Concours GEO : 3 Séjours en Famille Futuroscope + Aquascope,concours,2026-03-19,Direct / autre,jeux.geo.fr,,0,0,0,0,Collecter des données
jeu-concours-in-haircare-routine-complete-154-euros-a-gagner-2026,Concours In Haircare : routine cheveux bouclés 154 € à gagner,concours,2026-03-09,Direct / autre,inhaircare.co,,0,0,0,0,Collecter des données
jeu-concours-journal-de-mickey-grand-prix-lecteurs-2026,Grand Prix des Lecteurs du Journal de Mickey 2026 : Participez au Jury !,concours,2026-03-10,Direct / autre,journaldemickey.com,,0,0,0,0,Collecter des données
jeu-concours-la-belle-etoile-cancoillotte-1-an-gratuit-2026,Concours La Belle Étoile : 1 an de cancoillotte à gagner,concours,2026-03-19,Direct / autre,vivrealabelleetoile.fr,,0,0,0,0,Collecter des données
jeu-concours-lactel-matin-leger-1-an-bien-etre-bons-reduction,Concours Lactel Matin Léger : 1 an de bien-être + bons,concours,2026-04-06,Direct / autre,lactel.fr,,0,0,0,0,Collecter des données
jeu-concours-lisez-au-feminin-livres-lots-2026,Concours Lisez : Gagnez Jusqu'à 30 Livres + Kit Lecture (300€),concours,2026-03-09,Direct / autre,lisez.com,,0,0,0,0,Collecter des données
jeu-concours-loue-mon-dimanche-volailles-oeufs-fermiers-2026,Jeu Concours Loué : Mon Dimanche avec Loué,concours,2026-03-09,Direct / autre,loue.fr,,0,0,0,0,Collecter des données
jeu-concours-love-and-green-15-ans-100-pourcent-gagnant-2026,"Concours Love & Green 15 ans : 100% gagnant (cartes, produits)",concours,2026-03-09,Direct / autre,jeu15ans.loveandgreen.fr,,0,0,0,0,Collecter des données
jeu-concours-love-radius-banana-bag-hoodiecarrier2-porte-bebe-2026,Concours La Boîte Rose × Love Radius : 3 porte-bébés à gagner,concours,2026-04-17,Awin,tidd.ly,,0,0,0,0,Collecter des données
jeu-concours-maitre-des-lampes-frandsen-instant-gagnant-2026,Jeu Le Maître des Lampes x Frandsen : Luminaires Design,concours,2026-03-10,Direct / autre,lemaitredeslampes.fr,,0,0,0,0,Collecter des données
jeu-concours-mapa-assurances-grand-jeu-croisiere-lots-2026,Jeu Concours MAPA Assurances : Croisière 3 000€ + Lots Mensuels,concours,2026-03-10,Direct / autre,lp.mapa-assurances.fr,,0,0,0,0,Collecter des données
jeu-concours-mapa-campingaz-gants-rembourses-plancha-2026,Mapa × Campingaz : Gants 100% Remboursés + 10 Planchas Campingaz,concours,2026-03-19,Direct / autre,mapa.fr,,0,0,0,0,Collecter des données
jeu-concours-marie-claire-foreo-dual-led-panel-2026,Concours Marie Claire : Gagnez le Panneau FOREO Dual LED (899€),concours,2026-03-09,Direct / autre,marieclaire.fr,,0,0,0,0,Collecter des données
jeu-concours-marie-claire-foreo-dual-led-panneau-2026,Concours Marie Claire : le Panneau DUAL LED FOREO (Valeur ~500€),concours,2026-03-19,Direct / autre,marieclaire.fr,,0,0,0,0,Collecter des données
jeu-concours-paques-2026-qui-veut-du-fromage-savencia,Concours Pâques Qui Veut du Fromage : cartes Fnac & Smartbox,concours,2026-03-23,Direct / autre,quiveutdufromage.com,,0,0,0,0,Collecter des données
jeu-concours-passion-beaute-routine-soin-100-euros-2026,Concours Passion Beauté : une Routine de Soins au Choix,concours,2026-03-10,Direct / autre,passionbeaute.fr,,0,0,0,0,Collecter des données
jeu-concours-pixmania-anniversaire-iphone-dyson-ps5-2026,"Jeu Concours Pixmania : iPhone 17, Dyson V8 ou PS5 Slim à Gagner",concours,2026-03-09,Direct / autre,pixmania.com,,0,0,0,0,Collecter des données
jeu-concours-programme-tv-futuroscope-xperiences-sejour-2026,Concours Programme TV : 2 Séjours Futuroscope Xperiences à gagner,concours,2026-03-09,Direct / autre,jeux.programme-tv.net,,0,0,0,0,Collecter des données
jeu-concours-programme-tv-paul-louise-plats-cuisines-2026,Concours Programme TV : 24 Lots de Plats Cuisinés Paul & Louise,concours,2026-03-09,Direct / autre,jeux.programme-tv.net,,0,0,0,0,Collecter des données
jeu-concours-programme-tv-sennheiser-casque-tv-rs275-2026,Concours Programme TV : 5 Casques Sennheiser RS 275 TV à gagner,concours,2026-03-09,Direct / autre,jeux.programme-tv.net,,0,0,0,0,Collecter des données
jeu-concours-secrets-de-loly-routine-cheveux-offerte-2026,Concours Les Secrets de Loly : routine cheveux à gagner,concours,2026-03-19,Direct / autre,secretsdeloly.com,,0,0,0,0,Collecter des données
jeu-concours-starwax-80-ans-10000-euros-cadeaux-2026,"Concours Starwax 80 ans : +10 000 € cadeaux (KitchenAid, Kamado)",concours,2026-03-19,Direct / autre,jeux-concours.starwax.fr,,0,0,0,0,Collecter des données
jeu-concours-supermarches-match-anniversaire-lots-2026,Jeu Anniversaire Supermarchés Match 2026 : Des Milliers de Lots,concours,2026-03-09,Direct / autre,supermarchesmatch.fr,,0,0,0,0,Collecter des données
jeu-concours-swarovski-capsule-game-ariana-grande-bijoux-2026,Concours Swarovski Capsule Game : bijoux Ariana Grande à gagner,concours,2026-03-09,Direct / autre,swarovski.com,,0,0,0,0,Collecter des données
jeu-concours-voici-facilotab-tablettes-seniors-259-euros-2026,Concours Voici : 4 Tablettes Facilotab pour Seniors à gagner,concours,2026-03-09,Direct / autre,jeux.voici.fr,,0,0,0,0,Collecter des données
jeu-concours-voici-studio-scrap-20-abonnements-diy-scrapbooking-2026,Concours Voici : 20 Abonnements Studio-Scrap à gagner,concours,2026-03-09,Direct / autre,jeux.voici.fr,,0,0,0,0,Collecter des données
jolicirque-ambassadrice-bijoux-accessoires,Joli Cirque : Devenez Ambassadrice et Recevez des Bijoux Gratuits,test-gratuit,2026-03-06,Direct / autre,jolicirque.com,,0,0,0,0,Collecter des données
jolly-mama-avis-test-nutrition-maternite-allaitement-2026,Jolly Mama : On a Testé la Nutrition Spéciale Maternité,test-gratuit,2026-04-05,Amazon,Amazon,,0,0,0,0,Collecter des données
joueclub-jeux-concours-jouets-2026,JouéClub Jeux Concours : Places de ciné Peppa Pig et jouets,concours,2026-03-05,Direct / autre,joueclub.fr,,0,0,0,0,Collecter des données
joy-pepsico-jeu-concours-lays-doritos-pepsi-gains-2026,"Concours Joy PepsiCo : virements 1 000 €, burgers KFC, Disneyland",concours,2026-03-03,Direct / autre,joy-pepsico.eu,,0,0,0,0,Collecter des données
jumiso-niacinamide-20-serum-avis-yesstyle-2026,JUMISO Niacinamide 20 Sérum : Mon avis après test,test-avis,2026-07-26,YesStyle,YesStyle,,0,0,0,0,Collecter des données
jummico-coiffeuse-miroir-led-promo-amazon-mars-2026,JUMMICO Coiffeuse avec Miroir LED à -15% sur Amazon,bon-plan,2026-03-20,Amazon,Amazon,,0,0,0,0,Collecter des données
kado-box-comparateur-box-beaute-biotyfull-blissim-glowria,"Kado-Box : le comparateur de box beauté (Biotyfull, Blissim…)",box-beaute,2026-03-04,Direct / autre,kado-box.fr,,0,0,0,0,Collecter des données
kaiyingxin-grignoteuse-bebe-diversification-alimentaire-11-euros-promo-amazon-avril-2026,"Grignoteuse Bébé Kaiyingxin + Moules de Congélation à 11,30€ (-5%)",bon-plan,2026-04-21,Amazon,Amazon,,0,0,0,0,Collecter des données
kenlumo-sac-a-dos-langer-15-poches-17-euros-promo-amazon-avril-2026,"Sac à Dos à Langer KENLUMO 15 poches à 17,41€ au lieu de 25,99€ (-33%)",bon-plan,2026-04-21,Amazon,Amazon,,0,0,0,0,Collecter des données
kerargan-soins-capillaires-keratine-argan-avis-2026,Cheveux abîmés par le fer ou la coloration ? Test Kerargan kératine + argan,test-avis,2026-07-25,Amazon,Amazon,,0,0,0,0,Collecter des données
kercadelac-jeu-concours-2026-instax-panier-gourmand,Concours Ker Cadélac 2026 : Instax Fujifilm + Paniers Gourmands,concours,2026-03-03,Direct / autre,kercadelac.fr,,0,0,0,0,Collecter des données
kesser-poussette-combinee-4-en-1-nacelle-siege-auto-166-euros-promo-amazon-avril-2026,"Poussette KESSER 4 en 1 nacelle + siège auto à 166,80€ au lieu de 257€ (-35%)",bon-plan,2026-04-21,Amazon,Amazon,,0,0,0,0,Collecter des données
kesser-remorque-velo-sport-rx-2-en-1-enfants-137-euros-promo-amazon-avril-2026,"Remorque Vélo Enfants KESSER Sport-RX 2 en 1 à 137,80€ (-18%)",bon-plan,2026-04-21,Amazon,Amazon,,0,0,0,0,Collecter des données
kiabi-community-pull-bebe-test-gratuit-2026,Test Gratuit Kiabi : Testez et Gardez un Pull Bebe,test-gratuit,2026-03-30,Direct / autre,community.kiabi.com,,0,0,0,0,Collecter des données
kiabi-community-test-produit-vetements-gratuit,Kiabi Community : Testez des Vêtements et Produits Gratuitement,test-gratuit,2026-03-03,Direct / autre,community.kiabi.com,,0,0,0,0,Collecter des données
kiehls-concours-duo-serum-retinol-contour-yeux-avocat-2026,Kiehl's : un duo sérum rétinol + contour des yeux avocat,concours,2026-04-01,Direct / autre,kiehls-fr.beauty-campaigns.com,,0,0,0,0,Collecter des données
kiehls-creme-de-corps-huile-seche-nourrissante-21-euros-promo-amazon-avril-2026,Kiehl's Crème de Corps Huile Sèche Nourrissante à 21€ au lieu de 39€ (-46%),bon-plan,2026-04-20,Amazon,Amazon,,0,0,0,0,Collecter des données
kiehls-nettoyant-visage-ultra-facial-barrier-hydrating-cleanser-24-84-euros-amazon-moins-27-pourcent,"Kiehl's Nettoyant Visage Ultra Facial Barrier-Hydrating : 19,30€ (-43%)",bon-plan,2026-07-07,Amazon,Amazon,,0,0,0,0,Collecter des données
kinder-bueno-vibes-jeu-concours-instant-gagnant-carte-cadeau-festival-2026,Concours Kinder Bueno Vibes : 100 cartes Ticketmaster 140 €,concours,2026-04-08,Direct / autre,kinder.com,,0,0,0,0,Collecter des données
kinder-chocolat-playmobil-concours-20000-boites-gagner-2026,Concours Kinder Chocolat × Playmobil : 20 000 boîtes à gagner,concours,2026-05-04,Direct / autre,kinder.com,,0,0,0,0,Collecter des données
kinder-jeu-concours-paques-5-lots-chocolat-maxi-mag-2026,Kinder Paques : 5 lots de chocolats exclusifs a gagner sur MaxiMag,concours,2026-03-31,Direct / autre,maxi-mag.fr,,0,0,0,0,Collecter des données
king-jouet-bons-plans-promotions-mars-2026-lego-playmobil,"King Jouet Bons Plans Mars 2026 : LEGO, Playmobil, Barbie — 2ème à -50% et Plus",bon-plan,2026-03-03,Direct / autre,king-jouet.com,,0,0,0,0,Collecter des données
kit-beaute-voyage-10-must-haves-valise-2026,Kit beauté voyage : 10 produits qui tiennent dans une trousse,comparatif,2026-07-25,Direct / autre,fnty.co,,0,0,0,0,Collecter des données
kitkat-nestle-goodnes-jeu-concours-cartes-cadeaux-1000-euros-2026,Concours KitKat x Nestlé Goodnes : jusqu'à 1000€ en cartes cadeaux,concours,2026-04-20,Direct / autre,nestlegoodnes.com,,0,0,0,0,Collecter des données
klorane-jeu-concours-coffret-junior-graine-botaniste-2026,Concours Klorane : 500 Coffrets Junior Graine de Botaniste,concours,2026-03-13,Direct / autre,kloranebotanical.foundation,,0,0,0,0,Collecter des données
la-belle-adresse-remboursement-40-pourcent-schwarzkopf-beaute-2026,La Belle Adresse : 40% remboursés sur Schwarzkopf et offres beauté du moment,bon-plan,2026-04-10,Direct / autre,labelleadresse.com,,0,0,0,0,Collecter des données
la-boite-rose-coffrets-gratuits-grossesse-bebe,La Boite Rose : Coffrets Grossesse et Bébé Gratuits (Valeur 400 €),bon-plan,2026-07-07,Awin,tidd.ly,,0,0,0,0,Collecter des données
la-canopee-fluide-solaire-lacte-spf30-test-gratuit-2026,Test gratuit La Canopee : le nouveau Fluide solaire lacte SPF 30,test-gratuit,2026-04-17,Direct / autre,explorateurs-lacanopee.com,,0,0,0,0,Collecter des données
la-canopee-fluide-solaire-lacte-spf50-test-gratuit-2026,Test gratuit La Canopee : le nouveau Fluide solaire lacte SPF 50+,test-gratuit,2026-04-17,Direct / autre,explorateurs-lacanopee.com,,0,0,0,0,Collecter des données
la-halle-bon-plan-codes-promo-mode-2026,La Halle : Jusqu'à -50% + codes promos cumulables (mode et chaussures),bon-plan,2026-03-05,Direct / autre,lahalle.com,,0,0,0,0,Collecter des données
la-maison-flash-gagnant-jeu-concours-2026,La Maison Grand Jeu Flash Gagnant : Barbecues à 665€ et bons d'achat,concours,2026-03-05,Direct / autre,jeux.lamaison.fr,,0,0,0,0,Collecter des données
la-perruche-jeu-100-gagnant-sucre-2026,La Perruche Jeu 100% Gagnant : Machine à café Delonghi et 391 lots,concours,2026-03-05,Direct / autre,jeu-laperruche.fr,,0,0,0,0,Collecter des données
la-roche-posay-jeu-concours-indispensables-hiver-2026,La Roche-Posay : Jeu Concours,concours,2026-03-13,Direct / autre,ecampaign.laroche-posay.com,,0,0,0,0,Collecter des données
la-rosee-stick-solaire-spf-50-must-have-ete-avis-2026,Le SPF 50 qu'on applique les mains propres : test La Rosée Stick Solaire,test-avis,2026-07-25,Amazon,Amazon,,0,0,0,0,Collecter des données
labelleadresse-henkel-coupons-reduction-odr-mir-schwarzkopf,"La Belle Adresse — Plus de 120€ de Coupons Henkel à Imprimer (Mir, Schwarzkopf, Le Chat...)",bon-plan,2026-07-07,Direct / autre,labelleadresse.com,,0,0,0,0,Collecter des données
labo-acm-programme-ambassadeur-test-produit,Test gratuit Labo ACM : Soins Dermatologiques Gratuits,test-gratuit,2026-03-03,Direct / autre,labo-acm.com,,0,0,0,0,Collecter des données
laboratoires-de-biarritz-solaires-bio-avis-test-peau-sensible-ete-2026,Laboratoires de Biarritz : codes promo & solaires bio 2026,beaute,2026-06-25,Direct / autre,fnty.co,,0,0,0,0,Collecter des données
lacanopee-explorateurs-cosmetique-naturelle,Test gratuit La Canopée : des Soins Naturels Gratuits,test-gratuit,2026-03-06,Direct / autre,explorateurs-lacanopee.com,,0,0,0,0,Collecter des données
lancaster-sun-perfect-creme-eclat-spf-50-avis-2026,Le SPF 50 qu'on peut porter sous le maquillage : test Lancaster Sun Perfect,test-avis,2026-07-25,Direct / autre,fnty.co,,0,0,0,0,Collecter des données
lancome-10-cadeaux-offerts-des-120-euros-avril-2026,Lancome : 10 cadeaux offerts des 120 euros d'achat + -10% sur la prochaine commande,bon-plan,2026-04-06,Direct / autre,lancome.fr,,0,0,0,0,Collecter des données
lancome-echantillon-gratuit-la-nuit-tresor-rouge-drama-2026,Lancome : echantillon gratuit du parfum La Nuit Tresor Rouge Drama,test-gratuit,2026-03-31,Direct / autre,ecampaign.lancome.fr,,0,0,0,0,Collecter des données
lanolips-101-ointment-baume-multi-usage-avis-2026,"Ce baume australien remplace 5 produits (lèvres, cuticules)",beaute,2026-06-04,Amazon,Amazon,,0,0,0,0,Collecter des données
laroma-box-aromatherapie-bien-etre-abonnement-2026,"L'Arôma Box : la box bien-être aromathérapie dès 26,65€/mois",box-beaute,2026-04-09,Direct / autre,laromabox.fr,,0,0,0,0,Collecter des données
laromabox-box-aromatherapie-bien-etre,"Stress, sommeil, fatigue : la box choisie par un thérapeute",box-beaute,2026-06-04,Direct / autre,laromabox.fr,,0,0,0,0,Collecter des données
lavoielactee-ambassadeur-lait-anesse-cosmetique,Test gratuit La Voie Lactée : Soins au Lait d'Ânesse,test-gratuit,2026-03-06,Direct / autre,lavoielactee.fr,,0,0,0,0,Collecter des données
lays-kfc-burgers-gratuits-instant-gagnant-2026,Concours Lay's × KFC : 200 000 burgers + 2 millions lots,concours,2026-03-04,Direct / autre,joy-pepsico.eu,,0,0,0,0,Collecter des données
lays-pomme-de-terre-or-instant-gagnant-2026,Lay's Pomme de Terre d'Or : Jeu 100% Gagnant,concours,2026-03-04,Direct / autre,joy-pepsico.eu,,0,0,0,0,Collecter des données
le-monde-du-parapluie-boutique-n1-france-50-marques-livraison-gratuite-2026,Le Monde du Parapluie : La Boutique N°1 en France avec 50 Marques (Livraison Gratuite dès 49 euros),bon-plan,2026-03-27,Awin,tidd.ly,,0,0,0,0,Collecter des données
le-rustique-trouvez-le-code-concours-2026,Le Rustique Trouvez le Code : bons de réduction et lots à gagner,concours,2026-05-05,Direct / autre,quiveutdufromage.com,,0,0,0,0,Collecter des données
le-slip-francais-bons-plans-2026,Le Slip Français : sous-vêtements made in France et bons plans 2026,bon-plan,2026-03-12,Direct / autre,leslipfrancais.fr,,0,0,0,0,Collecter des données
le-slip-francais-jeu-concours-2026,Concours Le Slip Français : kits 10 produits 690 € par semaine,concours,2026-03-05,Direct / autre,leslipfrancais.fr,,0,0,0,0,Collecter des données
lea-nature-quinzaine-cosmetique-bio-2026-code-promo-qcb2026,Léa Nature : -20% sur la cosmétique bio + -30% sur Précieux Argan (code QCB2026),bon-plan,2026-04-01,Direct / autre,lk.gt,,0,0,0,0,Collecter des données
lea-nature-so-bio-etic-mon-lait-anesse-creme-legere-test-gratuit-2026,Lea Nature So Bio etic : testez la creme legere Mon Lait d'Anesse,test-gratuit,2026-04-14,Direct / autre,leanature.com,,0,0,0,0,Collecter des données
leanature-club-tests-produits-testeur-gratuit,Léa Nature : Rejoignez le Club Testeurs et Recevez des Produits Bio Gratuits,test-gratuit,2026-03-03,Direct / autre,leanature.com,,0,0,0,0,Collecter des données
leclerc-espace-culturel-jeu-concours-smartbox-parc-asterix-avril-2026,6 Smartbox Parc Astérix à gagner gratuitement chez E.Leclerc,concours,2026-04-04,Direct / autre,mon.jeu.leclerc,,0,0,0,0,Collecter des données
lefant-robot-aspirateur-m310-promo-amazon-2026,"Lefant Robot aspirateur M310 à -67% sur Amazon : 99,97€",bon-plan,2026-04-08,Amazon,Amazon,,0,0,0,0,Collecter des données
lego-insiders-concours-star-wars-smart-play-2026,LEGO Insiders : Gagnez 8 Sets LEGO Star Wars SMART Play,concours,2026-03-21,Direct / autre,lego.com,,0,0,0,0,Collecter des données
les-petits-prodiges-avis-test-cosmetiques-naturels-2026,Les Petits Prodiges : On a Testé leurs Cosmétiques Naturels,test-gratuit,2026-04-05,Amazon,Amazon,,0,0,0,0,Collecter des données
les-petits-prodiges-creme-repulpante-fermete-test-gratuit-blissim-2026,Test gratuit Les Petits Prödiges : 50 crèmes repulpantes fermeté,test-gratuit,2026-04-07,Direct / autre,communaute.blissim.fr,,0,0,0,0,Collecter des données
les-secrets-de-loly-routine-cheveux-boucles-ondules-avis-2026,Cheveux bouclés : la routine en 4 étapes des Secrets de Loly,beaute,2026-06-04,Amazon,Amazon,,0,0,0,0,Collecter des données
lessive-maison-2026-recette-savon-marseille-facile-pas-cher,"Lessive maison au savon de Marseille : la recette en 5 minutes pour 0,50€ le litre",bon-plan,2026-04-01,Amazon,Amazon,,0,0,0,0,Collecter des données
lessive-maison-savon-marseille-recette-economique-ecolo-2026,Lessive maison au savon de Marseille : la recette facile et économique,bon-plan,2026-04-22,Amazon,Amazon,,0,0,0,0,Collecter des données
levoit-humidificateur-air-bebe-promo-amazon-mars-2026,LEVOIT Humidificateur d'air bébé Top-Fill 2.5L à -5% sur Amazon,bon-plan,2026-03-20,Amazon,Amazon,,0,0,0,0,Collecter des données
lionelo-hugo-i-size-rehausseur-siege-auto-isofix-70-99-euros-amazon-moins-21-pourcent,"Rehausseur Lionelo Hugo I-SIZE ISOFIX à 70,99€ au lieu de 89,99€ (-21%)",bon-plan,2026-04-05,Amazon,Amazon,,0,0,0,0,Collecter des données
loccitane-provence-soins-best-sellers-bon-plan-2026,"L'Occitane : avis, codes promo & best-sellers 2026",code-promo,2026-06-25,Direct / autre,fr.loccitane.com,,0,0,0,0,Collecter des données
lollipops-bon-plan-sacs-accessoires-mode-paris-2026,Bon Plan Lollipops : Sacs et Accessoires de Mode Parisienne jusqu'à -60%,bon-plan,2026-07-22,Direct / autre,fou.lollipops.fr,,0,0,0,0,Collecter des données
lookfantastic-beauty-box-avril-2026-loccitane-umberto-giannini,Box Lookfantastic avril 2026 : L'Occitane + Umberto à 17 €,box-beaute,2026-04-01,Awin,tidd.ly,,0,0,0,0,Collecter des données
lookfantastic-beauty-egg-codes-promo-mars-2026,Lookfantastic : Beauty Egg à 70€ (valeur 260€) + Codes Promo Jusqu'à -30%,bon-plan,2026-03-23,Awin,tidd.ly,,0,0,0,0,Collecter des données
lookfantastic-box-juin-medik8-espa-peter-thomas-roth-2026,"Lookfantastic Box juin : 65 € de Medik8, ESPA, Peter Thomas Roth à 20 €",box-beaute,2026-06-04,Awin,tidd.ly,,0,0,0,0,Collecter des données
lookfantastic-box-mars-2026-bon-plan-abonnement,Lookfantastic Box Mars 2026 : 6 Produits Beauté Haut de Gamme Valeur 70€,box-beaute,2026-03-04,Awin,tidd.ly,,0,0,0,0,Collecter des données
lookfantastic-box-mars-2026,Lookfantastic Beauty Box Mars 2026 : Les Marques Premium à Petit Prix,box-beaute,2026-03-02,Awin,awin1.com,,0,0,0,0,Collecter des données
lookfantastic-editions-limitees-coffrets-beaute-2026,Lookfantastic Éditions Limitées : L'Œuf Beauté 70 € (260 €),box-beaute,2026-03-16,Awin,tidd.ly,,0,0,0,0,Collecter des données
lookfantastic-offres-paques-2026-jusqu-a-moins-40-pourcent,Lookfantastic Offres de Pâques 2026 : Jusqu'à -40% sur la Beauté,bon-plan,2026-04-01,Awin,tidd.ly,,0,0,0,0,Collecter des données
loreal-mascara-panorama-volume-millions-cils-8-55-euros-amazon-moins-43-pourcent,"L'Oreal Mascara Panorama Volume Millions de Cils : 8,55€ (-43%)",bon-plan,2026-04-14,Amazon,Amazon,,0,0,0,0,Collecter des données
loreal-midnight-serum-anti-age-14-euros-moins-26-pourcent-amazon-2026,"L'Oréal Paris Midnight Sérum anti-âge à 14€ au lieu de 18,99€ (-26%)",bon-plan,2026-06-30,Amazon,Amazon,,0,0,0,0,Collecter des données
loreal-plump-ambition-gloss-hyaluron-lip-oil-promo-amazon-2026,"L'Oréal Plump Ambition Gloss Hyaluron Lip Oil à -29% sur Amazon : 9,22€ au lieu de 12,93€",bon-plan,2026-04-08,Amazon,Amazon,,0,0,0,0,Collecter des données
loreal-professionnel-serie-expert-jusqu-a-70-pourcent-keratin-alpha-sleek-2026,"L'Oreal Professionnel : Jusqu'a -70% sur la Gamme Serie Expert (Keratin Alpha Sleek, Absolut Repair...)",bon-plan,2026-03-27,Direct / autre,lk.gt,,0,0,0,0,Collecter des données
loreal-professionnel-vitamino-color-shampooing-avis-test-cheveux-colores,"L'Oréal Professionnel Vitamino Color : shampooing noté 4,5/5",test-avis,2026-07-25,Amazon,Amazon,,0,0,0,0,Collecter des données
loreal-revitalift-filler-glass-skin-test-gratuit-trnd-2026,Test gratuit L'Oréal Revitalift Filler Glass Skin : 125 testeurs,test-gratuit,2026-03-28,Direct / autre,trnd.com,,0,0,0,0,Collecter des données
loreal-serum-anti-taches-fluide-uv-promo-amazon-mars-2026,L'Oréal Sérum Anti-Taches + Fluide SPF50 à -9% sur Amazon,bon-plan,2026-03-20,Amazon,Amazon,,0,0,0,0,Collecter des données
lorica-jeu-concours-trio-bien-etre-printemps-2026,Laboratoire Lorica : Gagnez un Trio Bien-Etre pour le Printemps,concours,2026-03-21,Direct / autre,docs.google.com,,0,0,0,0,Collecter des données
loue-mon-dimanche-jeu-concours-2026,"Loué Mon Dimanche : Jeu concours volaille fermière, des lots",concours,2026-03-05,Direct / autre,loue.fr,,0,0,0,0,Collecter des données
lpg-jeu-concours-40-ans-croisiere-mediterranee-2026,LPG fête ses 40 ans : une croisière en Méditerranée pour 2 personnes,concours,2026-04-08,Direct / autre,info.endermologie.com,,0,0,0,0,Collecter des données
luxeol-soins-capillaires-shampoings-avis-2026,Chute de cheveux ? Notre avis sur Luxéol après test,test-avis,2026-07-25,Amazon,Amazon,,0,0,0,0,Collecter des données
m6-amour-dans-le-pre-mccain-concours-2026,Concours L'Amour est dans le Pré × McCain : 50 Wonderpass,concours,2026-03-05,Direct / autre,m6.fr,,0,0,0,0,Collecter des données
m6-plus-wonderbox-wonderpass-instant-gagnant-2026,M6+ : Instant Gagnant,concours,2026-03-04,Direct / autre,m6.fr,,0,0,0,0,Collecter des données
made-in-sport-code-promo-sport10-moins-10-pourcent-maillots-equipements-2026,Made in Sport : soldes d'été jusqu'à -80% + code SPORT10,code-promo,2026-06-25,Effiliation,track.effiliation.com,,0,0,0,0,Collecter des données
mademoiselle-confettis-box-bien-etre-lifestyle-avril-2026,"Box Mademoiselle Confettis avril 2026 : 6 pépites dès 33,40 €",box-beaute,2026-04-03,Affilae,c3po.link,,0,0,0,0,Collecter des données
madrange-jeu-concours-charcuterie-2026,Madrange Jeu Concours : des lots cuisine et charcuterie française,concours,2026-03-05,Direct / autre,jeu-madrange.fr,,0,0,0,0,Collecter des données
mafamillezen-concours-13-jeux-societe-famille-2026,Mafamillezen : 13 jeux de societe a gagner,concours,2026-04-15,Direct / autre,mafamillezen.com,,0,0,0,0,Collecter des données
mafamillezen-jeux-concours-famille-2026,Ma Famille Zen Jeux Concours : places de cinéma et livres jeunesse,concours,2026-03-05,Direct / autre,mafamillezen.com,,0,0,0,0,Collecter des données
makeup-revolution-eyeliner-awesome-felt-kohl-4-95-euros-moins-60-pourcent-amazon-2026,"Makeup Revolution : Eyeliner Awesome Felt & Kohl a 4,95€ au lieu de 12,46€ (-60%)",bon-plan,2026-07-02,Amazon,Amazon,,0,0,0,0,Collecter des données
mamadvisor-flip7-test-jeu-cartes-gratuit-2026,MamAdvisor : Testez Gratuitement Flip 7,test-gratuit,2026-03-04,Direct / autre,mamadvisor.magicmaman.com,,0,0,0,0,Collecter des données
mamadvisor-selection-tests-bebe-maman,Tests produits Mam'Advisor : nouveautés Bébé & Maman,test-gratuit,2026-03-03,Direct / autre,mamadvisor.magicmaman.com,,0,0,0,0,Collecter des données
mamadvisor-tests-gratuits-pipouette-soupe-supers-mamas-2026,Test gratuit Mamadvisor : livre Pipouette + soupe Supers Mamas,test-gratuit,2026-04-15,Direct / autre,mamadvisor.magicmaman.com,,0,0,0,0,Collecter des données
mammotion-luba-3-awd-1500-robot-tondeuse-1999-euros-amazon-moins-20-pourcent,Robot tondeuse Mammotion LUBA 3 AWD 1500 à 1 999€ au lieu de 2 499€ (-20%),bon-plan,2026-04-05,Amazon,Amazon,,0,0,0,0,Collecter des données
mammotion-luba-mini-2-awd-1000-robot-tondeuse-1799-euros-amazon-2026,Mammotion LUBA Mini 2 AWD 1000 : robot tondeuse IA sans fil a 1 799€,bon-plan,2026-04-17,Amazon,Amazon,,0,0,0,0,Collecter des données
mammotion-yuka-mini-2-robot-tondeuse-amazon-promo-2026,Bon plan robot tondeuse Mammotion YUKA Mini 2 500 à 649€ sur Amazon (-28%),bon-plan,2026-05-07,Amazon,Amazon,,0,0,0,0,Collecter des données
manomano-days-jusqu-a-50-pourcent-bricolage-jardin-karcher-outsunny-2026,ManoMano : codes promo bricolage & jardin 2026,code-promo,2026-06-25,Awin,tidd.ly,,0,0,0,0,Collecter des données
maped-concours-enseignants-15-kits-fournitures-scolaires-2026,Maped : 15 kits de fournitures scolaires a gagner,concours,2026-04-15,Direct / autre,fr.maped.com,,0,0,0,0,Collecter des données
maquillage-peau-mature-7-conseils-resultat-naturel-raffine-2026,Maquillage peau mature : 7 conseils pour un résultat naturel et raffiné,beaute,2026-07-25,Awin,tidd.ly,,0,0,0,0,Collecter des données
marie-blachere-jeu-concours-tv-4k-qled-65-pouces-football-2026,Concours Marie Blachere : 10 TV 4K QLED 65 Pouces a Gagner,concours,2026-03-30,Direct / autre,marieblachere-lejeu.com,,0,0,0,0,Collecter des données
marie-blachere-schweppes-roland-garros-jeu-concours-511-lots-2026,Marie Blachere x Roland-Garros : 511 lots a gagner dont 2 places VIP,concours,2026-04-15,Direct / autre,marieblachere-lejeu.com,,0,0,0,0,Collecter des données
marie-claire-box-jeunesse-7-soins-anti-age-39-90-euros-edition-limitee-2026,Marie Claire Box Jeunesse : 7 soins anti-âge à 30 € (311 €),box-beaute,2026-07-12,Direct / autre,fnty.co,,0,0,0,0,Collecter des données
marilou-bio-ambassadrice-tests-produits,Test gratuit Marilou Bio : Testez des Soins Bio & Naturels,test-gratuit,2026-03-03,Direct / autre,mariloubio.com,,0,0,0,0,Collecter des données
marilou-bio-test-produit-gratuit-soins-bio-mars-2026,Test gratuit Marilou Bio : soins bio et naturels à tester en mars,test-gratuit,2026-03-07,Direct / autre,mariloubio.com,,0,0,0,0,Collecter des données
marque-semaine-clinique-soins-dermatologiques-mars-2026,La Marque de la Semaine : Clinique — Soins Dermatologiques depuis 1968,bon-plan,2026-03-18,Awin,tidd.ly,,0,0,0,0,Collecter des données
marque-semaine-klorane-blissim-cheveux-quinine-soins-botaniques-avril-2026,Marque de la Semaine Klorane × Blissim : -20% cheveux quinine,beaute,2026-04-25,Awin,tidd.ly,,0,0,0,0,Collecter des données
marque-semaine-news-parfums-codes-promo-cashback-mars-2026,News Parfums : codes promo & parfums pas chers 2026,code-promo,2026-06-25,Direct / autre,fnty.co,,0,0,0,0,Collecter des données
masko-tondeuse-essence-5-en-1-51cm-219-euros-promo-amazon-avril-2026,"Tondeuse Essence Masko 5 en 1 roue motrice 51cm à 219,80€ (-15%)",bon-plan,2026-04-21,Amazon,Amazon,,0,0,0,0,Collecter des données
masque-collagene-visage-guide-peau-eclatante-comparatif-2026,Masque collagène visage : le guide pour une peau éclatante en,comparatif,2026-04-19,Direct / autre,fnty.co,,0,0,0,0,Collecter des données
masque-led-visage-guide-complet-peau-eclatante-comparatif-2026,Masque LED visage : guide complet pour une peau éclatante en 2026,comparatif,2026-04-19,Direct / autre,fnty.co,,0,0,0,0,Collecter des données
masseur-cou-comparatif-meilleurs-appareils-massage-cervicales-2026,Masseur de Cou : Comparatif des Meilleurs Appareils Massage Cervicales (2026),comparatif,2026-03-15,Amazon,Amazon,,0,0,0,0,Collecter des données
matcha-beaute-secrets-peau-eclatante-avis-2026,Cette poudre verte est 137× plus antioxydante que le thé vert,beaute,2026-07-25,Amazon,Amazon,,0,0,0,0,Collecter des données
matierebrute-ambassadeur-cosmetique-brute,Test gratuit Matière Brute Lab : Cosmétiques Bruts Gratuits,test-gratuit,2026-03-06,Direct / autre,matierebrutelab.com,,0,0,0,0,Collecter des données
mavieencouleurs-jeux-concours-loreal-2026,Ma Vie en Couleurs : Concours L'Oréal et plein de lots à gagner,concours,2026-03-04,Direct / autre,mavieencouleurs.fr,,0,0,0,0,Collecter des données
maxi-cosi-coral-slide-pro-siege-auto-test-gratuit-consobaby-2026,Maxi-Cosi Coral Slide Pro : testez ce siege auto gratuitement,test-gratuit,2026-04-14,Direct / autre,consobaby.com,,0,0,0,0,Collecter des données
maxi-mag-jeux-concours-gagner,Maxi Magazine : Jeux Concours Gratuits — Des Lots Chaque Semaine,concours,2026-03-06,Direct / autre,maxi-mag.fr,,0,0,0,0,Collecter des données
maxicoffee-promo-machines-cafe-2026,MaxiCoffee : -80€ sur la Delonghi Eletta et promos cafés spéciaux 2026,bon-plan,2026-03-12,Direct / autre,maxicoffee.com,,0,0,0,0,Collecter des données
maximiles-sondages-remuneres-cadeaux-gratuits-2026,Maximiles : Gagnez des Cadeaux en Répondant à des Sondages (Gratuit),bon-plan,2026-03-13,Direct / autre,maximiles.fr,,0,0,0,0,Collecter des données
maxpeedingrods-groupe-electrogene-gpl-essence-3500w-895-14-euros-amazon-moins-19-pourcent,"Groupe électrogène maXpeedingrods 3500W GPL/Essence à 854,99€ au lieu de 1 099€ (-22%)",bon-plan,2026-07-13,Amazon,Amazon,,0,0,0,0,Collecter des données
maybelline-instant-effaceur-anti-cernes-beige-nu-6-96-euros-amazon-moins-39-pourcent,"Maybelline Instant Effaceur Anti-Cernes Beige Nu : 6,96€ (-39%)",bon-plan,2026-04-14,Amazon,Amazon,,0,0,0,0,Collecter des données
maybelline-superstay-matte-ink-coffret-6-rouges-levres-28-euros-amazon-moins-24-pourcent,"Maybelline Coffret 6 Rouges a Levres Superstay Matte Ink : 28,04€ (-24%)",bon-plan,2026-04-14,Amazon,Amazon,,0,0,0,0,Collecter des données
medi-partners-reducteur-lit-bebe-cocon-5-elements-47-49-euros-amazon-moins-15-pourcent,"Réducteur de lit bébé Medi Partners 5 éléments à 47,49€ au lieu de 55,99€ (-15%)",bon-plan,2026-04-06,Amazon,Amazon,,0,0,0,0,Collecter des données
medicube-pdrn-pink-creme-hydratante-salmon-dna-12-euros-promo-amazon-avril-2026,"Medicube PDRN Pink Crème Hydratante Salmon DNA à 11,40 € (-36 %)",bon-plan,2026-07-25,Amazon,Amazon,,0,0,0,0,Collecter des données
medicube-triple-collagen-serum-12-euros-promo-amazon-avril-2026,"Medicube Triple Collagen Sérum à 9,49 € au lieu de 16,60 € (-43 %)",bon-plan,2026-07-25,Amazon,Amazon,,0,0,0,0,Collecter des données
meilleur-airfryer-friteuse-sans-huile-2026,Meilleur Airfryer 2026 : les 6 friteuses sans huile à acheter (dès 49€),bon-plan,2026-03-07,Amazon,Amazon,,0,0,0,0,Collecter des données
meilleur-aspirateur-robot-2026,Meilleur aspirateur robot 2026 : comparatif des 6 modèles à acheter,bon-plan,2026-03-07,Amazon,Amazon,,0,0,0,0,Collecter des données
meilleur-baume-du-tigre-blanc-comparatif-2026,Meilleur baume du tigre blanc 2026 : 4 modèles testés,comparatif,2026-03-20,Amazon,Amazon,,0,0,0,0,Collecter des données
meilleur-brumisateur-eau-comparatif-2026,Meilleurs Brumisateurs d'Eau 2026 : Le Comparatif Express,comparatif,2026-03-20,Amazon,Amazon,,0,0,0,0,Collecter des données
meilleur-brumisateur-terrasse-comparatif-2026,Meilleur brumisateur terrasse 2026 : 4 modèles testés,comparatif,2026-03-20,Amazon,Amazon,,0,0,0,0,Collecter des données
meilleur-casque-audio-bluetooth-2026,"Meilleur casque audio Bluetooth 2026 : comparatif dès 39 € (Sony, Bose, JBL)",comparatif,2026-07-24,Amazon,Amazon,,0,0,0,0,Collecter des données
meilleur-diffuseur-huile-essentielle-comparatif-2026,Meilleur diffuseur d'huile essentielle 2026 : 4 modèles testés,comparatif,2026-03-20,Amazon,Amazon,,0,0,0,0,Collecter des données
meilleur-diffuseur-parfum-comparatif-2026,Meilleur diffuseur parfum 2026 : 4 modèles testés,comparatif,2026-03-20,Amazon,Amazon,,0,0,0,0,Collecter des données
meilleur-pc-portable-etudiant-2026,"Meilleur PC portable étudiant 2026 : comparatif dès 299 € (MacBook, Lenovo, HP)",comparatif,2026-07-24,Amazon,Amazon,,0,0,0,0,Collecter des données
meilleur-robot-cuiseur-alternative-thermomix-2026,Meilleur robot cuiseur 2026 : Thermomix et ses alternatives dès 199€,bon-plan,2026-03-07,Amazon,Amazon,,0,0,0,0,Collecter des données
meilleur-smartphone-pas-cher-2026,"Meilleur smartphone pas cher 2026 : comparatif dès 129€ (Samsung, Xiaomi, iPhone)",bon-plan,2026-03-07,Amazon,Amazon,,0,0,0,0,Collecter des données
meilleure-bougie-parfumee-comparatif-2026,Meilleure bougie parfumée 2026 : 4 modèles testés,comparatif,2026-03-20,Amazon,Amazon,,0,0,0,0,Collecter des données
meilleure-brume-parfumee-comparatif-2026,Meilleure brume parfumée 2026 : 5 coups de cœur,comparatif,2026-03-20,Amazon,Amazon,,0,0,0,0,Collecter des données
meilleure-eau-de-rose-comparatif-2026,Meilleure eau de rose 2026 : 5 marques testées,comparatif,2026-03-20,Amazon,Amazon,,0,0,0,0,Collecter des données
meilleure-huile-essentielle-pas-chere-comparatif-2026,Meilleure huile essentielle pas chère 2026 : 4 marques testées,comparatif,2026-03-20,Amazon,Amazon,,0,0,0,0,Collecter des données
meilleure-montre-connectee-2026,"Meilleure montre connectée 2026 : comparatif dès 49 € (Apple Watch, Samsung, Garmin)",comparatif,2026-07-24,Amazon,Amazon,,0,0,0,0,Collecter des données
meilleure-tablette-pas-cher-2026,"Meilleure tablette pas cher 2026 : comparatif dès 99 € (iPad, Samsung, Xiaomi)",comparatif,2026-07-24,Amazon,Amazon,,0,0,0,0,Collecter des données
meilleure-tv-4k-pas-cher-2026,"Meilleure TV 4K pas cher 2026 : comparatif dès 249 € (Samsung, LG, Hisense, TCL)",comparatif,2026-07-24,Amazon,Amazon,,0,0,0,0,Collecter des données
meilleures-box-beaute-2026-comparatif-complet-avis-codes-promo,"Meilleures box beauté 2026 : comparatif complet, avis et codes promo",box-beaute,2026-07-14,Interne,bonsplansmania.fr,,0,0,0,0,Collecter des données
meilleures-box-beaute-bio-2026-comparatif-belle-au-naturel-mademoiselle-bio-biotyfull,Meilleure Box Beauté Bio 2026 : 3 box bio comparées,box-beaute,2026-06-14,Direct / autre,wkl.belleaunaturel.fr,,0,0,0,0,Collecter des données
meilleures-box-beaute-mars-2026,Les 5 Meilleures Box Beauté de Mars 2026 : Notre Classement,box-beaute,2026-03-02,Awin,tidd.ly,,0,0,0,0,Collecter des données
meilleures-brumes-victorias-secret-2026,Meilleures brumes Victoria's Secret 2026 : top 5,comparatif,2026-07-25,Amazon,Amazon,,0,0,0,0,Collecter des données
meilleures-cremes-nuit-2026-guide-anti-age-hydratation-peau,Meilleures crèmes de nuit : guide par type de peau,comparatif,2026-07-26,Amazon,Amazon,,0,0,0,0,Collecter des données
meilleures-huiles-essentielles-2026-guide-complet-lavande-tea-tree-citron-ravintsara,Meilleures huiles essentielles : guide complet top 6,beaute,2026-05-29,Amazon,Amazon,,0,0,0,0,Collecter des données
meilleurs-apres-rasages-homme-2026-guide-amazon,Top 5 après-rasages homme : comparatif Amazon,comparatif,2026-07-26,Amazon,Amazon,,0,0,0,0,Collecter des données
meilleurs-apres-soleil-2026-comparatif-test-avis,"Meilleurs après-soleil 2026 : comparatif test & avis (Garnier, Nivea, Biotherm, Vichy)",comparatif,2026-07-25,Amazon,Amazon,,0,0,0,0,Collecter des données
meilleurs-bains-de-bouche-2026-comparatif-test-avis,"Meilleurs bains de bouche 2026 : comparatif test & avis (Listerine, Elmex, Parodontax, CB12)",comparatif,2026-07-25,Amazon,Amazon,,0,0,0,0,Collecter des données
meilleurs-baumes-barbe-homme-guide-comparatif-amazon-2026,Les meilleurs baumes à barbe en 2026 (comparatif Amazon),comparatif,2026-06-06,Amazon,Amazon,,0,0,0,0,Collecter des données
meilleurs-baumes-du-tigre-2026-guide-complet-rouge-blanc-ultra-patch,"Meilleurs Baumes du Tigre : guide Rouge, Blanc, Ultra, Patch",beaute,2026-05-29,Amazon,Amazon,,0,0,0,0,Collecter des données
meilleurs-bons-plans-beaute-juillet-2026,"Meilleurs bons plans beauté juillet 2026 : box, tests, coffrets",bon-plan,2026-07-12,Interne,bonsplansmania.fr,,0,0,0,0,Collecter des données
meilleurs-bons-plans-biotherm-2026-selection-amazon-aquasource-blue-peptides-homme,Meilleurs bons plans Biotherm 2026 : notre sélection,bon-plan,2026-07-14,Amazon,Amazon,,0,0,0,0,Collecter des données
meilleurs-bons-plans-braun-2026-selection-amazon-silk-epil-silk-expert-series-7,Meilleurs bons plans Braun 2026 : notre sélection,bon-plan,2026-07-14,Amazon,Amazon,,0,0,0,0,Collecter des données
meilleurs-bons-plans-cerave-2026-selection-solaires-nettoyants-baume-hydratant,Meilleurs bons plans CeraVe 2026 : notre sélection,bon-plan,2026-07-14,Amazon,Amazon,,0,0,0,0,Collecter des données
meilleurs-bons-plans-clinique-2026-selection-amazon-soins-visage-maquillage,Meilleurs bons plans Clinique 2026 : notre sélection,bon-plan,2026-07-14,Amazon,Amazon,,0,0,0,0,Collecter des données
meilleurs-bons-plans-foreo-2026-selection-luna-bear-kiwi-supercharged,Meilleurs bons plans Foreo 2026 : notre sélection,bon-plan,2026-07-14,Amazon,Amazon,,0,0,0,0,Collecter des données
meilleurs-bons-plans-garancia-2026-selection-diabolique-tomate-box-concours,Meilleurs bons plans Garancia 2026 : notre sélection,bon-plan,2026-07-14,Amazon,Amazon,,0,0,0,0,Collecter des données
meilleurs-bons-plans-garnier-2026-selection-amazon-ambre-solaire-vitamine-c-ultra-doux,Meilleurs bons plans Garnier 2026 : notre sélection,bon-plan,2026-07-14,Amazon,Amazon,,0,0,0,0,Collecter des données
meilleurs-bons-plans-la-roche-posay-2026-selection-anthelios-solaires-amazon,Meilleurs bons plans La Roche-Posay 2026 : notre sélection,bon-plan,2026-07-14,Amazon,Amazon,,0,0,0,0,Collecter des données
meilleurs-bons-plans-loreal-2026-selection-amazon-paris-men-expert-professionnel,Meilleurs bons plans L'Oréal 2026 : notre sélection,bon-plan,2026-07-14,Amazon,Amazon,,0,0,0,0,Collecter des données
meilleurs-bons-plans-philips-2026-selection-amazon-lumea-sonicare-airfryer-avent-oneblade,Meilleurs bons plans Philips 2026 : notre sélection,bon-plan,2026-07-14,Amazon,Amazon,,0,0,0,0,Collecter des données
meilleurs-bons-plans-pranarom-2026-selection-huiles-essentielles-aromatherapie,Meilleurs bons plans Pranarôm 2026 : notre sélection,bon-plan,2026-07-14,Affilae,lb.affilae.com,,0,0,0,0,Collecter des données
meilleurs-bons-plans-vichy-2026-selection-amazon-mineral-89-capital-soleil-dermablend,Meilleurs bons plans Vichy 2026 : notre sélection,bon-plan,2026-07-14,Amazon,Amazon,,0,0,0,0,Collecter des données
meilleurs-brumisateurs-humidificateurs-2026-guide-achat,Meilleurs brumisateurs & humidificateurs d'air : comparatif,comparatif,2026-07-26,Amazon,Amazon,,0,0,0,0,Collecter des données
meilleurs-ecouteurs-bluetooth-pas-cher-2026,"Meilleurs écouteurs Bluetooth 2026 : comparatif dès 25 € (AirPods, Samsung, Sony, JBL)",comparatif,2026-07-24,Amazon,Amazon,,0,0,0,0,Collecter des données
meilleurs-gels-cheveux-homme-top-comparatif-2026,Les Meilleurs Gels Cheveux pour Homme : Top 8 Comparatif,comparatif,2026-06-09,Amazon,Amazon,,0,0,0,0,Collecter des données
meilleurs-kits-entretien-barbe-homme-guide-comparatif-2026,Meilleurs kits d'entretien pour la barbe en 2026 (comparatif),comparatif,2026-06-06,Interne,bonsplansmania.fr,,0,0,0,0,Collecter des données
meilleurs-magasins-bebe-puericulture-en-ligne-2026,Bébé pas cher : 10 sites qui font vraiment économiser,test-avis,2026-06-04,Direct / autre,lk.gt,,0,0,0,0,Collecter des données
meilleurs-parfums-ambiance-maison-2026-guide-diffuseur-bougie-spray,Meilleurs parfums d'ambiance maison : guide par style,beaute,2026-05-29,Amazon,Amazon,,0,0,0,0,Collecter des données
meilleurs-parfums-hommes-2026-amazon-comparatif-selection,Meilleurs parfums pour hommes 2026 : notre top 6,comparatif,2026-05-21,Amazon,Amazon,,0,0,0,0,Collecter des données
meilleurs-patchs-detox-pieds-2026-guide-marques-utilisation,"Meilleurs Patchs Détox Pieds : Nuubu, Kinoki, Bambou, Charbon",beaute,2026-05-29,Amazon,Amazon,,0,0,0,0,Collecter des données
meilleurs-produits-barbe-2026-guide-amazon,Top 5 produits barbe : routine complète Amazon à moins de 85 €,comparatif,2026-07-26,Amazon,Amazon,,0,0,0,0,Collecter des données
meilleurs-produits-bio-2027-devenez-testeur-jury-gratuit-2026,Meilleurs Produits Bio 2027 : devenez testeur (produits gratuits),test-gratuit,2026-04-14,Direct / autre,jury.meilleurs-produits-bio.com,,0,0,0,0,Collecter des données
meilleurs-rasoirs-electriques-braun-homme-guide-comparatif-2026,Meilleurs rasoirs électriques Braun 2026 : guide comparatif,comparatif,2026-06-06,Amazon,Amazon,,0,0,0,0,Collecter des données
meilleurs-rasoirs-electriques-philips-homme-guide-comparatif-2026,Meilleurs rasoirs électriques Philips 2026 : guide comparatif,comparatif,2026-06-06,Amazon,Amazon,,0,0,0,0,Collecter des données
meilleurs-sites-acheter-parfum-en-ligne-2026,Où acheter du parfum authentique en ligne : les 7 meilleurs sites en 2026,comparatif,2026-07-25,Direct / autre,fnty.co,,0,0,0,0,Collecter des données
meilleurs-sites-cashback-gagner-argent-2026,Les 4 Meilleurs Sites de Cashback en France — Gagnez de l'Argent sur Vos Achats,bon-plan,2026-06-09,Direct / autre,fr.igraal.com,,0,0,0,0,Collecter des données
meilleurs-sites-cosmetiques-beaute-en-ligne-2026,Top 10 des meilleurs sites de cosmétiques et beauté en ligne,beaute,2026-07-16,Awin,tidd.ly,,0,0,0,0,Collecter des données
meilleurs-soins-visage-menopause-peau-mature-2026,Soins visage ménopause : notre sélection pour les peaux matures en,beaute,2026-04-08,Amazon,Amazon,,0,0,0,0,Collecter des données
melvita-contour-yeux-gel-frais-source-roses-avis-2026,Poches sous les yeux : ce gel bio dégonfle dès la première application,test-avis,2026-07-25,Amazon,Amazon,,0,0,0,0,Collecter des données
merci-handy-jeu-concours-cosmetique-2026,Merci Handy Jeu Concours : lots de soins cosmétiques à gagner,concours,2026-03-05,Direct / autre,mercihandy.com,,0,0,0,0,Collecter des données
micromania-nintendo-switch-2-pokemon-pokopia-offert-469-euros,"Nintendo Switch 2 : Pokemon Pokopia offert chez Micromania a 469,99 euros",bon-plan,2026-03-20,Direct / autre,lk.gt,,0,0,0,0,Collecter des données
mieux-que-des-fleurs-fete-des-meres-2026-cadeaux-code-promo-5-pourcent,Mieux Que Des Fleurs : codes promo & cadeaux 2026,code-promo,2026-06-25,Direct / autre,mieuxquedesfleurs.com,,0,0,0,0,Collecter des données
milan-jeunesse-programme-ambassadeur,Milan Jeunesse : Devenez Ambassadeur et Recevez des Magazines,test-gratuit,2026-03-03,Direct / autre,milan-jeunesse.com,,0,0,0,0,Collecter des données
mileade-villages-clubs-hotels-bons-plans-vacances-2026,Miléade : codes promo vacances famille 2026,code-promo,2026-06-25,TimeOne / Public Idées,a.time1.me,,0,0,0,0,Collecter des données
milka-matt-pokora-chanson-personnalisee-concours-2026,Concours Milka × Matt Pokora : chanson personnalisée à gagner,concours,2026-03-23,Direct / autre,matt-pokora.milka.com,,0,0,0,0,Collecter des données
minimaliste-ambassadeur-cosmetique-essentielle,Minimaliste : testez gratuitement le Duo Nutri-Nettoyant + Crème,test-gratuit,2026-06-25,Direct / autre,minimaliste.green,,0,0,0,0,Collecter des données
mizon-cicaluronic-serum-korean-skincare-promo-amazon-mars-2026,MIZON Cicaluronic Serum 30ml Korean Skincare à -5% sur Amazon,bon-plan,2026-03-20,Amazon,Amazon,,0,0,0,0,Collecter des données
mobli-ully-tour-apprentissage-montessori-bois-91-45-euros-amazon-moins-30-pourcent,"Ully Tour d'Apprentissage Montessori en Bois : 91,45€ (-30%)",bon-plan,2026-07-07,Amazon,Amazon,,0,0,0,0,Collecter des données
momcozy-porte-bebe-numero-1-ventes-moins-50-euros-amazon-2026,"MomCozy : le porte-bébé n°1 des ventes sur Amazon dès 50,99€",bon-plan,2026-07-21,Amazon,Amazon,,0,0,0,0,Collecter des données
mon-petit-science-et-vie-numero-gratuit-enfants-2026,Mon Petit Science et Vie : recevez un numéro gratuit chez vous (3-6 ans),bon-plan,2026-04-10,Direct / autre,kiosquemag.com,,0,0,0,0,Collecter des données
mon-vanity-ideal-trustbeauty-test-produit-beaute,Mon Vanity Idéal : Testez des Produits Beauté Taille Réelle,test-gratuit,2026-03-03,Direct / autre,monvanityideal.com,,0,0,0,0,Collecter des données
monbienetrerecompense-bons-remboursements-mars-2026,"MonBienêtreRécompensé : remboursements Nana, TENA, Lotus — offres mars 2026",bon-plan,2026-03-12,Direct / autre,monbienetrerecompense.fr,,0,0,0,0,Collecter des données
money-walkie-concours-roue-100-euros-reduction-2026,Money Walkie : tournez la roue et jusqu'à 100€ de réduction,concours,2026-04-01,Direct / autre,lk.gt,,0,0,0,0,Collecter des données
mont-roucous-jeu-concours-bebe-2026,"Mont Roucous : des doudous, gourdes bébé et coffrets",concours,2026-03-05,Direct / autre,mont-roucous.com,,0,0,0,0,Collecter des données
montre-connectee-femme-jugeman-bluetooth-promo-amazon-2026,"Montre connectée femme Jugeman à -64% sur Amazon : 35,99€",bon-plan,2026-04-08,Amazon,Amazon,,0,0,0,0,Collecter des données
morgan-bon-plan-mode-femme-glamour-2026,Bon Plan Morgan : Mode Femme Glamour jusqu'à -60% + -10% dès 2 Articles,bon-plan,2026-03-07,Direct / autre,lk.gt,,0,0,0,0,Collecter des données
moulinex-easy-milker-easychef-pied-mixeur-lait-vegetal-44-euros-promo-amazon-avril-2026,"Moulinex Easy Milker + Pied Mixeur Easychef à 44,99€ (-25%)",bon-plan,2026-04-19,Amazon,Amazon,,0,0,0,0,Collecter des données
moulinex-presse-agrumes-ultra-compact-test-produit-gratuit-2026,Test gratuit : Moulinex Presse-agrumes Ultra Compact,test-gratuit,2026-04-20,Direct / autre,testerdesproduits.fr,,0,0,0,0,Collecter des données
mr-bricolage-jeu-concours-2026,Mr Bricolage : Jeu Concours Gratuit — Des Lots Bricolage à Gagner,concours,2026-03-15,Direct / autre,jeumrbricolage.fr,,0,0,0,0,Collecter des données
mr-propre-nettoyant-sol-savon-noir-lot-6-12-90-euros-moins-31-pourcent-amazon-2026,"Mr. Propre : lot de 6 nettoyants sol Savon Noir & Fleurs d'Oranger à 12,90€ (-31%)",bon-plan,2026-04-18,Amazon,Amazon,,0,0,0,0,Collecter des données
mr-propre-spray-degraissant-cuisine-citron-lot-10-18-euros-amazon-moins-39-pourcent,Mr. Propre Spray Degraissant Cuisine Citron x10 : 18€ (-39%),bon-plan,2026-04-15,Amazon,Amazon,,0,0,0,0,Collecter des données
mr-propre-spray-salle-de-bains-lot-6-13-euros-moins-40-pourcent-amazon-2026,Mr. Propre : lot de 6 sprays Salle de Bains anti-calcaire à 13€ (-40%),bon-plan,2026-04-18,Amazon,Amazon,,0,0,0,0,Collecter des données
mukiz-jeu-concours-quiz-musical-2026,Mukiz : Jouez au Quiz Musical et Tentez de Gagner des Lots,concours,2026-03-13,Direct / autre,play.mukiz.com,,0,0,0,0,Collecter des données
my-beauty-factory-box-maman-et-moi-magicmaman-32-90-euros-160-euros-2026,"Box Maman et Moi magicmaman à 27 € (160 € de valeur, -83 %)",box-beaute,2026-07-10,Effiliation,track.effiliation.com,,0,0,0,0,Collecter des données
my-little-box-avril-2026-10-surprises-35-euros,"My Little Box Avril 2026 : 10 Surprises dès 35,80 euros",box-beaute,2026-03-28,Affilae,c3po.link,,0,0,0,0,Collecter des données
my-little-box-mars-2026,La seule box qui mélange beauté ET lifestyle : on a testé My Little Box,box-beaute,2026-06-04,Affilae,c3po.link,,0,0,0,0,Collecter des données
my-little-box-roue-chance-jusqu-a-moins-50-et-1-an-offert-avril-2026,My Little Box : tournez la roue et gagnez jusqu'à -50% ou 1 an offert,bon-plan,2026-04-04,Affilae,c3po.link,,0,0,0,0,Collecter des données
mymaxicours-jeu-concours-kit-survie-revisions-casque-jbl-2026,Concours myMaxicours : kit de survie révisions (casque JBL),concours,2026-04-05,Direct / autre,maxicours.com,,0,0,0,0,Collecter des données
nars-jeu-distributeur-cadeau-offre-exclusive-natural-matte-foundation-2026,NARS : jouez au distributeur et un cadeau ou une offre exclusive,concours,2026-04-03,Direct / autre,narscosmetics.fr,,0,0,0,0,Collecter des données
natessance-shampooing-lait-riz-bio-test-produit-gratuit-lea-nature-2026,Test gratuit : Shampooing extra-doux Natessance au lait de riz bio,test-gratuit,2026-04-20,Direct / autre,leanature.com,,0,0,0,0,Collecter des données
navee-st3-pro-trottinette-electrique-1350w-75km-568-euros-amazon-moins-15-pourcent,Trottinette électrique NAVEE ST3 Pro à 568€ au lieu de 669€ (-15%),bon-plan,2026-04-06,Amazon,Amazon,,0,0,0,0,Collecter des données
navee-st3-pro-trottinette-electrique-1350w-75km-amazon-promo-2026,NAVEE ST3 Pro : Trottinette Électrique 1350W à 568€ au Lieu de 669€ (-15%),bon-plan,2026-04-02,Amazon,Amazon,,0,0,0,0,Collecter des données
nespresso-40-ans-jeu-concours-2026,Concours Nespresso 40 ans : machines & lots à gagner,concours,2026-03-05,Direct / autre,nespresso.com,,0,0,0,0,Collecter des données
nespresso-aeroccino-3-mousseur-lait-amazon-2026,"Nespresso Aeroccino 3 à 34,99 € sur Amazon : -55 % vs Nespresso (mousseur à lait)",bon-plan,2026-06-09,Amazon,Amazon,,0,0,0,0,Collecter des données
nespresso-vertuo-next-machine-cafe-amazon-2026,Nespresso Vertuo Next : La machine à café polyvalente 5 tailles de tasse,bon-plan,2026-03-05,Amazon,Amazon,,0,0,0,0,Collecter des données
nestle-goodness-instant-gagnant-voyage-500-2026,Concours Nestlé Goodnes : 500 € de bon voyage à gagner,concours,2026-03-04,Direct / autre,nestlegoodnes.com,,0,0,0,0,Collecter des données
ninja-creami-scoop-swirl-sorbetiere-glace-italienne-294-euros-promo-amazon-avril-2026,"Ninja CREAMi Scoop & Swirl Sorbetière 13 modes à 293,99€ (-16%)",bon-plan,2026-04-21,Amazon,Amazon,,0,0,0,0,Collecter des données
nintendo-switch-2-pokemon-pokopia-20-lots-concours-journal-mickey-2026,Nintendo Switch 2 + Pokemon Pokopia : 20 lots a gagner,concours,2026-04-15,Direct / autre,journaldemickey.com,,0,0,0,0,Collecter des données
nivea-cellular-expert-filler-creme-nuit-anti-age-8-euros-promo-amazon-avril-2026,"NIVEA Cellular Expert Filler Crème de Nuit Anti-Âge à 8,63€ au lieu de 14,99€ (-42%)",bon-plan,2026-04-20,Amazon,Amazon,,0,0,0,0,Collecter des données
nivea-cellular-expert-lift-creme-jour-spf30-8-euros-promo-amazon-avril-2026,"NIVEA Cellular Expert Lift Crème Jour SPF30 à 8,20€ au lieu de 16,99€ (-52%)",bon-plan,2026-04-20,Amazon,Amazon,,0,0,0,0,Collecter des données
nivea-luminous-630-coffret-anti-taches-serum-jour-28-euros-promo-amazon-avril-2026,"NIVEA Luminous 630 Coffret Anti-Taches Soin Jour + Sérum à 28,42€ (-32%)",bon-plan,2026-04-20,Amazon,Amazon,,0,0,0,0,Collecter des données
nivea-men-protect-care-soin-hydratant-lot-2-promo-amazon-avril-2026,"NIVEA MEN Protect & Care Soin Hydratant Lot de 2 à 8,49€ (-26%)",bon-plan,2026-04-20,Amazon,Amazon,,0,0,0,0,Collecter des données
nivea-q10-fluide-anti-uv-spf50-anti-rides-8-euros-promo-amazon-avril-2026,"NIVEA Fluide Anti-UV Q10 SPF50 Anti-Rides à 8,63€ au lieu de 15,99€ (-46%)",bon-plan,2026-04-20,Amazon,Amazon,,0,0,0,0,Collecter des données
nivea-routine-beaux-jours-test-gratuit-beaute-privee-2026,NIVEA : testez gratuitement la routine solaire beaux jours,test-gratuit,2026-04-14,Direct / autre,leclub.beauteprivee.fr,,0,0,0,0,Collecter des données
nivea-sun-duo-solaire-protect-bronze-apres-soleil-promo-amazon-avril-2026,"NIVEA SUN : le duo solaire à prix cassé (lait bronzant 8,44€ + après-soleil 4,17€)",bon-plan,2026-04-20,Amazon,Amazon,,0,0,0,0,Collecter des données
nivea-sun-kids-protect-hydrate-spf50-8-euros-promo-amazon-avril-2026,"NIVEA SUN Kids Protect & Hydrate SPF50+ à 8,70€ au lieu de 12,90€ (-33%)",bon-plan,2026-04-20,Amazon,Amazon,,0,0,0,0,Collecter des données
nivea-sun-protection-faciale-anti-taches-q10-spf50-12-08-euros-amazon-moins-39-pourcent,"NIVEA SUN Protection Faciale Anti-Taches Q10 SPF50 : 12,08€ (-39%)",bon-plan,2026-04-16,Amazon,Amazon,,0,0,0,0,Collecter des données
nivea-sun-protection-faciale-spf50-anti-taches-q10-12-08-euros-moins-39-pourcent-amazon-avril-2026,"NIVEA Sun : protection solaire visage SPF50 anti-taches Q10 à 12,08€ (-39%)",bon-plan,2026-04-18,Amazon,Amazon,,0,0,0,0,Collecter des données
nivea-sun-silky-uv-stick-satisfait-ou-rembourse-2026,Nivea Sun Silky UV Stick : 100% remboursé si vous n'êtes pas satisfaite,bon-plan,2026-04-09,Direct / autre,nivea.fr,,0,0,0,0,Collecter des données
nordnet-concours-ordinateur-tablette-mars-2026,"Concours Nordnet : ordinateur portable 579 €, tablettes à gagner",concours,2026-03-04,Direct / autre,jeu.nordnet.com,,0,0,0,0,Collecter des données
notretemps-jeux-concours-mots-croises-quiz-voyages-gagner,"Concours Notre Temps : mots croisés, quiz et voyages",concours,2026-03-04,Direct / autre,notretemps.com,,0,0,0,0,Collecter des données
nubiance-creme-eclat-anti-taches-test-gratuit-ambassadrice-2026,Test Gratuit Nubiance : Essayez la Nouvelle Creme Eclat Anti-Taches,test-gratuit,2026-03-28,Direct / autre,nubiance.fr,,0,0,0,0,Collecter des données
nubiance-test-gratuit-creme-eclat-anti-taches-ambassadrice-2026,Test gratuit Nubiance : nouvelle crème éclat anti-taches,test-gratuit,2026-03-31,Direct / autre,nubiance.fr,,0,0,0,0,Collecter des données
nubiance-test-gratuit-creme-eclat-anti-taches-visage-ambassadrice-2026,Nubiance : Testez en Avant-Premiere la Nouvelle Creme Eclat Anti-Taches Visage,test-gratuit,2026-04-02,Direct / autre,nubiance.fr,,0,0,0,0,Collecter des données
nubiance-test-gratuit-trio-anti-taches-corps-ambassadrice-2026,Test gratuit Nubiance : Trio Anti-Taches Corps ambassadrice,test-gratuit,2026-04-02,Direct / autre,nubiance.fr,,0,0,0,0,Collecter des données
nuk-first-choice-lot-3-biberons-anti-coliques-13-euros-promo-amazon-avril-2026,"NUK First Choice+ Lot de 3 Biberons Anti-Coliques à 13,99€ (-30%)",bon-plan,2026-06-18,Amazon,Amazon,,0,0,0,0,Collecter des données
nuk-magic-cup-lot-2-tasses-230ml-14-69-euros-moins-43-pourcent-amazon-2026,"NUK Magic Cup : lot de 2 tasses 230 ml a 13,95€ au lieu de 25,98€ (-46%)",bon-plan,2026-06-09,Amazon,Amazon,,0,0,0,0,Collecter des données
nuk-mini-magic-cup-lot-2-tasses-apprentissage-14-69-euros-moins-38-pourcent-amazon-2026,"NUK Mini Magic Cup : lot de 2 tasses d'apprentissage a 14,69€ au lieu de 23,80€ (-38%)",bon-plan,2026-04-17,Amazon,Amazon,,0,0,0,0,Collecter des données
nuk-perfect-match-set-biberons-winnie-24-49-euros-moins-30-pourcent-amazon-2026,"NUK Perfect Match : set 3 biberons + tétine Winnie l'Ourson à 24,49€ (-30%)",bon-plan,2026-04-18,Amazon,Amazon,,0,0,0,0,Collecter des données
nuk-space-day-night-tetines-lot-4-10-14-euros-moins-30-pourcent-amazon-2026,"NUK Space Day & Night : lot de 4 tétines phosphorescentes à 10,14€ (-30%)",bon-plan,2026-04-18,Amazon,Amazon,,0,0,0,0,Collecter des données
nuk-vario-express-sterilisateur-biberons-52-euros-promo-amazon-avril-2026,"NUK Vario Express Stérilisateur de Biberons à 52,23€ au lieu de 79,99€ (-35%)",bon-plan,2026-04-19,Amazon,Amazon,,0,0,0,0,Collecter des données
nuliie-chauffe-biberon-sterilisateur-10-en-1-29-euros-promo-amazon-avril-2026,"Chauffe-biberon Nuliie 10 en 1 à 29,99€ au lieu de 45,99€ (-35%)",bon-plan,2026-04-21,Amazon,Amazon,,0,0,0,0,Collecter des données
nutri-and-co-avis-test-collagene-multivitamines-omega3-2026,"Nutri&Co : On a Testé Collagène, Multivitamines et Oméga-3",test-gratuit,2026-04-05,Amazon,Amazon,,0,0,0,0,Collecter des données
nutriandco-ambassadeur-complements-alimentaires,Test gratuit Nutri&Co : Compléments Alimentaires Premium,test-gratuit,2026-03-06,Direct / autre,nutriandco.com,,0,0,0,0,Collecter des données
nutrimea-collagene-marin-type-1-90-gelules-11-69-euros-amazon-moins-42-pourcent,"Collagène Marin Nutrimea 90 gélules à 11,69€ au lieu de 19,99€ (-42%)",bon-plan,2026-04-06,Amazon,Amazon,,0,0,0,0,Collecter des données
okoo-tournee-printemps-jeu-roue-cadeaux-enfants-2026,Tournée de printemps Okoo : des cadeaux à gagner chaque jour,concours,2026-04-10,Direct / autre,francetelevisions.fr,,0,0,0,0,Collecter des données
olaplex-soins-cheveux-jusqu-a-moins-75-pourcent-expedition-72h-2026,"Olaplex : notre avis + les meilleurs prix Amazon 2026 (N°3, N°7, gamme complète)",test-avis,2026-07-25,Amazon,Amazon,,0,0,0,0,Collecter des données
on-lot-50-preservatifs-7-varietes-promo-amazon-avril-2026,ON : lot de 50 préservatifs 7 variétés en promo sur Amazon,bon-plan,2026-04-22,Amazon,Amazon,,0,0,0,0,Collecter des données
oranmagic-masseur-anti-cellulite-4-tetes-68-44-euros-moins-54-pourcent-amazon-2026,"Oranmagic : masseur anti-cellulite 4 têtes à 68,44€ au lieu de 149,99€ (-54%)",bon-plan,2026-04-18,Amazon,Amazon,,0,0,0,0,Collecter des données
oscaro-pieces-auto-pas-cher-bon-plan-2026,Oscaro — pièces auto jusqu'à -70% : le bon plan pour entretenir sa voiture,bon-plan,2026-03-06,Direct / autre,lk.gt,,0,0,0,0,Collecter des données
ouigo-grand-jeu-soleil-nintendo-switch-bons-achat-2026,Concours OUIGO Sous le Soleil : Nintendo Switch 2 + JBL + bons,concours,2026-04-10,Direct / autre,jouer.ouigo.com,,0,0,0,0,Collecter des données
palpow-pochette-switch-2-kit-10-en-1-12-58-euros-moins-26-pourcent-amazon-2026,"PALPOW : pochette Switch 2 kit 10-en-1 à 12,58€ au lieu de 16,99€ (-26%)",bon-plan,2026-04-18,Amazon,Amazon,,0,0,0,0,Collecter des données
pampers-harmonie-taille-4-pack-1-mois-174-couches-promo-amazon-mars-2026,Pampers Harmonie Pack 1 Mois 174 Couches à -40% sur Amazon,bon-plan,2026-03-23,Amazon,Amazon,,0,0,0,0,Collecter des données
pampers-harmonie-taille-4-pack-promo-amazon-mars-2026,Pampers Harmonie Taille 4 Pack 174 Couches à -34% sur Amazon,bon-plan,2026-03-20,Amazon,Amazon,,0,0,0,0,Collecter des données
pampers-pants-echantillon-gratuit-2026,Échantillon gratuit Pampers Pants : 2 couches Baby Dry,test-gratuit,2026-03-04,Direct / autre,pampers.fr,,0,0,0,0,Collecter des données
pampers-premium-protection-pants-taille-7-123-couches-52-euros-promo-amazon-avril-2026,Pampers Premium Protection Pants Taille 7 x123 : prix par couche,bon-plan,2026-07-27,Amazon,Amazon,,0,0,0,0,Collecter des données
panzani-tomacouli-jeu-concours-2026,Panzani Tomacouli Jeu Concours : 12 robots multicuiseurs et 60 lots,concours,2026-03-05,Direct / autre,jeu.panzani.fr,,0,0,0,0,Collecter des données
parc-asterix-jeu-concours-2-entrees-nouvelle-zone-egypte-2026,Parc Asterix : 2 entrees pour decouvrir la nouvelle zone Egypte,concours,2026-04-15,Direct / autre,20minutes.fr,,0,0,0,0,Collecter des données
parc-petit-prince-concours-5-packs-4-entrees-famille-2026,Parc du Petit Prince : 4 entrees famille (5 packs a gagner),concours,2026-04-15,Direct / autre,mafamillezen.com,,0,0,0,0,Collecter des données
parfumens-ambassadeur-parfum-bio-naturel-gratuit-2026,Test gratuit Parfumens : Parfums Bio Artisanaux,test-gratuit,2026-04-05,Direct / autre,parfumens.fr,,0,0,0,0,Collecter des données
parfums-bombardier-marco-echantillon-gratuit-homme-2026,Échantillon gratuit : parfum Marco de la Maison Bombardier,test-gratuit,2026-04-20,Direct / autre,parfums-bombardier.fr,,0,0,0,0,Collecter des données
parfums-moins-chers-promos-grandes-marques-2026,"ParfumsMoinsCher : -10% Fête des Mères + jusqu'à -75% sur les grandes marques (Guerlain, CK, Issey Miyake)",bon-plan,2026-05-14,Direct / autre,lk.gt,,0,0,0,0,Collecter des données
parfums-sol-de-janeiro-secret-faire-tenir-odeur-toute-journee,Parfums Sol de Janeiro : le secret pour faire tenir l'odeur du matin au soir,beaute,2026-07-25,Amazon,Amazon,,0,0,0,0,Collecter des données
parfumsmoinschers-parfums-luxe-prix-reduits-bons-plans,"ParfumsMoinsChers.com : Dior, YSL, Armani jusqu'à -75% — Le Luxe à Petit Prix",bon-plan,2026-06-21,Direct / autre,lk.gt,,0,0,0,0,Collecter des données
pasquier-jeu-concours-parcs-attractions-2026,Brioche Pasquier : des entrées pour les parcs d'attractions,concours,2026-03-05,Direct / autre,pasquier.fr,,0,0,0,0,Collecter des données
patcha-grand-jeu-concours-25000-euros-lots-2026,Patcha : grand jeu concours avec 25 000 euros de lots a gagner,concours,2026-03-31,Direct / autre,patcha.fr,,0,0,0,0,Collecter des données
patyka-jeu-ete-2026-roue-cadeau-10000-routines-beaute-a-gagner,Concours Patyka Jeu de l'Été : 10 000 routines beauté à gagner,concours,2026-05-29,Direct / autre,patyka.com,,0,0,0,0,Collecter des données
pawhut-niche-chien-exterieure-bois-gris-68-euros-promo-amazon-avril-2026,"PawHut Niche Chien Extérieure en Bois à 68,90€ au lieu de 100,90€ (-32%)",bon-plan,2026-04-20,Amazon,Amazon,,0,0,0,0,Collecter des données
payot-lisse-premieres-rides-routine-2026,Payot Lisse : la routine anti-premières rides à l'acide hyaluronique,beaute,2026-04-08,Direct / autre,fnty.co,,0,0,0,0,Collecter des données
payot-masque-peeling-intense-nue-test-gratuit-club-testeuses-2026,Payot : testez gratuitement le nouveau Masque Peeling Intense,test-gratuit,2026-04-16,Direct / autre,payot.com,,0,0,0,0,Collecter des données
payot-pate-grise-avis-test-soins-anti-imperfections-2026,Payot Pâte Grise : On a Testé 4 Soins Anti-Imperfections,test-gratuit,2026-04-05,Direct / autre,fnty.co,,0,0,0,0,Collecter des données
payot-pate-grise-soins-avis-test-composition-peau-grasse,Payot Pâte Grise : on a testé la gamme anti-imperfections,test-avis,2026-07-25,Direct / autre,fnty.co,,0,0,0,0,Collecter des données
paysan-breton-grand-jeu-10-sejours-bretagne-cadeaux-2026,Paysan Breton : 10 sejours en Bretagne et des cadeaux a gagner,concours,2026-04-15,Direct / autre,paysanbreton.com,,0,0,0,0,Collecter des données
peaudouce-roue-anniversaire-cadeaux-couches-offerts-2026,"Concours Peaudouce : Roue Anniversaire (couches, lingettes)",concours,2026-03-30,Direct / autre,peaudouce.fr,,0,0,0,0,Collecter des données
peaudouce-roue-anniversaire-jeu-concours-2026,Peaudouce : Tournez la Roue Anniversaire et Gagnez des Cadeaux,concours,2026-03-21,Direct / autre,peaudouce.fr,,0,0,0,0,Collecter des données
peggy-sage-devenir-testeur-test-produit-gratuit,Peggy Sage : Devenez Testeur et Recevez des Produits Beauté Gratuits,test-gratuit,2026-03-03,Direct / autre,peggysage.com,,0,0,0,0,Collecter des données
peggy-sage-rubber-base-milky-4-teintes-test-gratuit-2026,Peggy Sage : testez gratuitement les nouvelles Rubber Base Milky,test-gratuit,2026-04-17,Direct / autre,peggysage.com,,0,0,0,0,Collecter des données
philips-avent-sucettes-ultra-air-day-night-lot-4-promo-amazon-avril-2026,"Philips Avent Sucettes Ultra Air Day & Night lot de 4 à 12,99€ (-19%)",bon-plan,2026-04-19,Amazon,Amazon,,0,0,0,0,Collecter des données
philips-fer-lisser-serie-5000-promo-amazon-mars-2026,Philips Fer à Lisser Série 5000 à -32% sur Amazon,bon-plan,2026-03-20,Amazon,Amazon,,0,0,0,0,Collecter des données
philips-lumea-7000-epilateur-lumiere-pulsee-promo-amazon-mars-2026,Philips Lumea 7000 : l'épilateur lumière pulsée à -10% sur Amazon,bon-plan,2026-03-20,Amazon,Amazon,,0,0,0,0,Collecter des données
philips-rasoir-electrique-series-3000-wet-dry-49-99-euros-amazon-moins-38-pourcent,"Philips Rasoir Electrique Series 3000 Wet & Dry : 49,99€ (-38%)",bon-plan,2026-04-16,Amazon,Amazon,,0,0,0,0,Collecter des données
philips-seche-cheveux-5000-thermoshield-promo-amazon-mars-2026,Philips Sèche-Cheveux 5000 Series à -24% sur Amazon,bon-plan,2026-03-23,Amazon,Amazon,,0,0,0,0,Collecter des données
philips-seche-cheveux-series-3000-bhd350-2100w-17-99-euros-amazon-moins-36-pourcent,"Philips Seche-Cheveux Series 3000 BHD350 2100W : 17,99€ (-36%)",bon-plan,2026-04-14,Amazon,Amazon,,0,0,0,0,Collecter des données
philips-series-2000-epilateur-filaire-19-99-euros-moins-33-pourcent-amazon-2026,"Philips Series 2000 : epilateur filaire a 19,99€ au lieu de 29,99€ (-33%)",bon-plan,2026-04-17,Amazon,Amazon,,0,0,0,0,Collecter des données
philips-series-3000-rasoir-electrique-s3241-49-euros-promo-amazon-avril-2026,"Philips Rasoir Électrique Series 3000 à 49,99€ au lieu de 79,99€ (-38%)",bon-plan,2026-04-19,Amazon,Amazon,,0,0,0,0,Collecter des données
philips-series-8000-epilateur-bre740-79-euros-promo-amazon-avril-2026,"Philips Épilateur Series 8000 avec 9 accessoires à 79,49€ (-39%)",bon-plan,2026-04-19,Amazon,Amazon,,0,0,0,0,Collecter des données
philips-sonicare-4100-brosse-dents-promo-amazon-mars-2026,Philips Sonicare 4100 : brosse à dents électrique à -7% sur Amazon,bon-plan,2026-03-20,Amazon,Amazon,,0,0,0,0,Collecter des données
philips-tondeuse-cheveux-serie-9000-hc9450-54-99-euros-amazon-moins-39-pourcent,"Philips Tondeuse Cheveux Serie 9000 HC9450 : 54,99€ (-39%)",bon-plan,2026-04-14,Amazon,Amazon,,0,0,0,0,Collecter des données
phytosun-aroms-huile-argan-bio-promo-amazon-moins-39-pourcent-2026,"Huile d'argan bio Phytosun Aroms à -39% sur Amazon : 7,37€ au lieu de 12,01€",bon-plan,2026-04-08,Amazon,Amazon,,0,0,0,0,Collecter des données
phytosun-aroms-huile-vegetale-argan-bio-50ml-7-37-euros-amazon-moins-47-pourcent,"Phytosun Aroms Huile Vegetale d'Argan Bio 50 ml : 7,37€ (-47%)",bon-plan,2026-04-14,Amazon,Amazon,,0,0,0,0,Collecter des données
pin-up-secret-soins-lait-chevre-naturels-2026,Pin Up Secret soldes -60% : soins lait de chèvre français,code-promo,2026-06-27,TimeOne / Public Idées,a.time1.me,,0,0,0,0,Collecter des données
pink-lady-bee-pink-concours-miel-lots-gagner-2026,Concours Pink Lady Bee Pink : du miel et des lots à gagner,concours,2026-04-10,Direct / autre,pomme-pinklady.com,,0,0,0,0,Collecter des données
place-de-la-gare-mission-chocolat-sejour-bruxelles-concours-paques-2026,Place de la Gare : Mission Chocolat,concours,2026-04-05,Direct / autre,jeux.leclub.placedelagare.fr,,0,0,0,0,Collecter des données
playtex-jours-cheris-jusqu-a-50-pourcent-lingerie,Playtex Jours Chéris : jusqu'à -50% sur la lingerie,bon-plan,2026-03-20,Direct / autre,playtex.fr,,0,0,0,0,Collecter des données
plus-beaux-villages-france-concours-2026,Le Village Préféré des Français 2026 : Votez pour votre favori sur France 3,concours,2026-03-05,Direct / autre,concours-plusbeauxvillages.fr,,0,0,0,0,Collecter des données
poderm-ambassadeur-soins-pieds-ongles,Test gratuit Poderm : Soins Pieds & Ongles Gratuits,test-gratuit,2026-03-06,Direct / autre,poderm.com,,0,0,0,0,Collecter des données
pointe-de-penmarch-jeu-concours-paques-coffrets-gourmands-2026,"Pointe de Penmarc'h : La grande pêche de Pâques, 5 coffrets gourmands",concours,2026-04-08,Direct / autre,avanci.emsecure.net,,0,0,0,0,Collecter des données
polaar-men-regard-de-glace-soin-yeux-anti-rides-29-euros-promo-amazon-avril-2026,"Polaar Men Regard de Glace Soin Yeux Anti-Rides à 29,60€ au lieu de 42,67€ (-31%)",bon-plan,2026-04-20,Amazon,Amazon,,0,0,0,0,Collecter des données
pomme-ariane-jeu-concours-lots-2026,"Pomme Ariane : Jeu-concours avec iPad, robots et entrées parcs",concours,2026-03-05,Direct / autre,pomme-ariane.com,,0,0,0,0,Collecter des données
poulpeo-cashback-booste-bb-hotels-smartbox-levis-klook-avril-2026,"Poulpeo : Cashback Booste sur B&B Hotels (14%), Smartbox (10%), Levi's (5%) et Plus",bon-plan,2026-04-02,Direct / autre,poulpeo.com,,0,0,0,0,Collecter des données
poulpeo-cashback-super-offres-avril-2026,Poulpeo : jusqu'à 500 € par an de cashback sans changer tes habitudes,bon-plan,2026-07-25,Direct / autre,poulpeo.com,,0,0,0,0,Collecter des données
prescription-lab-3-box-16-euros-engagement-mars-2026,Prescription Lab : 3 Box Beauté Full-Size pour 16€,box-beaute,2026-03-04,Affilae,c3po.link,,0,0,0,0,Collecter des données
prescription-lab-3-box-29-90-sans-engagement-mars-2026,"Prescription Lab : 3 Box Beauté Full-Size à 29,90€",box-beaute,2026-03-04,Affilae,c3po.link,,0,0,0,0,Collecter des données
prescription-lab-3-routines-beaute-16-euros-sans-engagement-printemps-2026,Prescription Lab : 3 routines beauté pour 16 € sans engagement,box-beaute,2026-03-27,Affilae,c3po.link,,0,0,0,0,Collecter des données
prescription-lab-box-beaute-vendredi-13-mars-2026,Prescription Lab : Box Beauté Vendredi 13,box-beaute,2026-03-13,Affilae,c3po.link,,0,0,0,0,Collecter des données
prescription-lab-mars-2026,"100 € de produits pour 33 € : Prescription Lab, la seule box 100 % full-size",box-beaute,2026-06-04,Affilae,c3po.link,,0,0,0,0,Collecter des données
prescription-lab-offre-flash-5-routines-14-produits-15-euros-avril-2026,Prescription Lab : 14 produits beauté (192€) pour 15€,box-beaute,2026-04-17,Affilae,c3po.link,,0,0,0,0,Collecter des données
prescription-lab-vendredi13-2-box-13-euros-sans-engagement,Prescription Lab Vendredi 13 : 2 Box Beauté à 13€ Sans Engagement,box-beaute,2026-03-04,Affilae,c3po.link,,0,0,0,0,Collecter des données
primeale-jeu-concours-joyeuses-paques-2026,"Priméale Joyeuses Pâques : jeu 100% gagnant, vacances en famille",concours,2026-03-20,Direct / autre,primeale.fr,,0,0,0,0,Collecter des données
primeale-station-gourmande-jeu-concours-2026,"Priméale Station Gourmande Hiver : Jeu, des lots à remporter",concours,2026-03-05,Direct / autre,primeale.fr,,0,0,0,0,Collecter des données
printemps-cinema-2026-places-5-euros-concours,Printemps du Cinéma : séances 5 € + 10 000 places gratuites,concours,2026-03-04,Direct / autre,printempsducinema.com,,0,0,0,0,Collecter des données
private-sport-shop-destockage-nike-adidas-oakley-mars-2026,"Private Sport Shop : destockage jusqu'a -80% sur Nike, Adidas, Oakley et plus",bon-plan,2026-03-20,TimeOne / Public Idées,tracking.publicidees.com,,0,0,0,0,Collecter des données
private-sport-shop-destockage-printemps-20-pourcent-extra-code-spring-2026,Private Sport Shop : déstockage de printemps -20% extra avec le code SPRING,bon-plan,2026-04-11,TimeOne / Public Idées,tracking.publicidees.com,,0,0,0,0,Collecter des données
private-sport-shop-meilleures-ventes-22-avril-2026-outdoor-timberland-asics-under-armour,Private Sport Shop : les meilleures ventes du jour jusqu'à -75%,bon-plan,2026-04-22,TimeOne / Public Idées,tracking.publicidees.com,,0,0,0,0,Collecter des données
private-sport-shop-ventes-paques-2026-jusqu-a-90-pourcent,"Private Sport Shop Paques 2026 : jusqu'a -90% sur Nike, Under Armour, Brooks...",bon-plan,2026-04-06,TimeOne / Public Idées,tracking.publicidees.com,,0,0,0,0,Collecter des données
private-sport-shop-ventes-privees-avril-2026-asics-under-armour-calvin-klein,Private Sport Shop : les ventes privées d'avril 2026 jusqu'à -80%,bon-plan,2026-04-21,TimeOne / Public Idées,tracking.publicidees.com,,0,0,0,0,Collecter des données
private-sport-shop-ventes-privees-sport-codes-promo-avril-2026,Private Sport Shop : jusqu'à -80% + codes promo SPRING10 et SPRING20,bon-plan,2026-04-09,TimeOne / Public Idées,tracking.publicidees.com,,0,0,0,0,Collecter des données
privatesportshop-outdoor-fitness-2026,Private Sport Shop : Outdoor & Fitness Jusqu'à -70 %,bon-plan,2026-06-10,TimeOne / Public Idées,tracking.publicidees.com,,0,0,0,0,Collecter des données
privatesportshop-sport-soldes-printemps-2026,"Sport jusqu'à -80% sur Private Sport Shop — Running, Fitness & Ski Déstockage Printemps 2026",bon-plan,2026-03-12,TimeOne / Public Idées,tracking.publicidees.com,,0,0,0,0,Collecter des données
produits-menagers-maison-2026-recettes-faciles-pas-cher,Produits ménagers maison : 8 recettes faciles à moins de 1€ le litre,bon-plan,2026-04-01,Amazon,Amazon,,0,0,0,0,Collecter des données
promotions-famille-mary-miel-gelee-royale-propolis,Famille Mary : codes promo & miel bio 2026,code-promo,2026-06-25,Direct / autre,fnty.co,,0,0,0,0,Collecter des données
puma-phase-backpack-sac-a-dos-12-48-euros-amazon-2026,"Puma Phase Backpack : sac a dos a 12,48€ sur Amazon",bon-plan,2026-04-17,Amazon,Amazon,,0,0,0,0,Collecter des données
puma-st-runner-v4-sd-sneakers-22-78-euros-moins-62-pourcent-amazon-2026,"Puma ST Runner V4 SD : sneakers a 22,78€ au lieu de 59,95€ (-62%)",bon-plan,2026-04-17,Amazon,Amazon,,0,0,0,0,Collecter des données
puma-teamgoal-23-hoodie-15-92-euros-moins-59-pourcent-amazon-2026,"Puma Teamgoal 23 : sweat a capuche a 15,92€ au lieu de 38,96€ (-59%)",bon-plan,2026-04-17,Amazon,Amazon,,0,0,0,0,Collecter des données
purina-dentalife-jeu-concours-2026,Purina Dentalife : Gagnez des séjours écolodges et bons Uber Pet,concours,2026-03-05,Direct / autre,purina.fr,,0,0,0,0,Collecter des données
purina-friskies-chat-jeu-concours-2026,Purina Friskies Chat : Jeu concours avec des lots pour votre chat,concours,2026-03-05,Direct / autre,purina.fr,,0,0,0,0,Collecter des données
purina-friskies-chien-jeu-concours-2026,Purina Friskies Chien : Jeu concours avec des lots pour votre chien,concours,2026-03-05,Direct / autre,purina.fr,,0,0,0,0,Collecter des données
purina-gourmet-gold-24-conserves-chat-agneau-canard-22-58-euros-amazon-moins-43-pourcent,"Purina Gourmet Gold 24 Conserves Chat Agneau & Canard : 22,58€ (-43%)",bon-plan,2026-04-16,Amazon,Amazon,,0,0,0,0,Collecter des données
purina-one-test-chat,Test Produit Purina ONE : Terrines pour Chat Stérilisé à tester !,test-gratuit,2026-03-03,Direct / autre,wamiz.com,,0,0,0,0,Collecter des données
purina-pro-plan-liveclear-chat-allergenes-test-gratuit-150-places-2026,Test gratuit Purina Pro Plan LiveClear : croquettes chat 3 sem,test-gratuit,2026-04-15,Direct / autre,campaigns.hifolks.agency,,0,0,0,0,Collecter des données
rayneo-air-3s-lunettes-ar-xr-ecran-201-pouces-254-euros-amazon-moins-15-pourcent,"Lunettes AR/XR RayNeo Air 3s écran 201 pouces à 254,15€ au lieu de 299€ (-15%)",bon-plan,2026-04-05,Amazon,Amazon,,0,0,0,0,Collecter des données
recette-biscuits-cookies-maison-facile-2026,Biscuits et Cookies Maison : 5 Recettes Faciles à Moins de 2€,bon-plan,2026-04-02,Amazon,Amazon,,0,0,0,0,Collecter des données
recette-diy-serum-anti-rides-naturel-geranium-ciste-argan-pranarom-2026,"Recette DIY sérum anti-rides : Argan, Géranium, Ciste",beaute,2026-07-25,Affilae,lb.affilae.com,,0,0,0,0,Collecter des données
recette-gateau-facile-pas-cher-2026,Gâteaux Maison Faciles : 6 Recettes à Moins de 3€ Pour Régaler Toute la Famille,bon-plan,2026-04-02,Amazon,Amazon,,0,0,0,0,Collecter des données
recette-pain-maison-facile-sans-machine-2026,"Pain Maison Facile : 5 Recettes Sans Machine à Moins de 0,50€ le Pain",bon-plan,2026-04-02,Amazon,Amazon,,0,0,0,0,Collecter des données
recyclivre-colis-mystere-50-livres-gratuit-concours-2026,RecycLivre : gagnez un colis mystere de 50 livres,concours,2026-04-15,Direct / autre,recyclivre.com,,0,0,0,0,Collecter des données
reghalal-companion-lover-jeu-concours-2026,Concours Réghalal Companion Lover : 3 robots Moulinex à gagner,concours,2026-03-05,Direct / autre,reghalal-jeux.fr,,0,0,0,0,Collecter des données
rene-furterer-concours-triphasic-routine-cheveux-gratuite-2026,René Furterer : votre routine Triphasic sur mesure (jeu concours),concours,2026-04-01,Direct / autre,interaction.renefurterer.com,,0,0,0,0,Collecter des données
renpho-massage-pieds-appareil-promo-amazon-mars-2026,RENPHO Massage Pieds Appareil à -21% sur Amazon,bon-plan,2026-03-20,Amazon,Amazon,,0,0,0,0,Collecter des données
replens-echantillon-gratuit-gel-vaginal,Replens : Recevez un Echantillon Gratuit de Gel Vaginal Hydratant,bon-plan,2026-03-21,Direct / autre,form.typeform.com,,0,0,0,0,Collecter des données
roborock-f25-gt-aspirateur-laveur-sans-fil-199-euros-promo-amazon-avril-2026,Roborock F25 GT Aspirateur Laveur à 199€ au lieu de 299€ (-33%),bon-plan,2026-04-19,Amazon,Amazon,,0,0,0,0,Collecter des données
roborock-q10-s5-robot-aspirateur-laveur-lidar-189-97-euros-amazon-moins-34-pourcent,"Roborock Q10 S5 Robot Aspirateur Laveur LiDAR : 189,97€ (-34%)",bon-plan,2026-04-16,Amazon,Amazon,,0,0,0,0,Collecter des données
rochas-audace-le-parfum-nouveaute-femme-ambre-floral-2026,Rochas Audace Le Parfum passe sous les 50 € : baisse de prix massive,bon-plan,2026-07-25,Direct / autre,news-parfums.com,,0,0,0,0,Collecter des données
routine-beaute-post-sport-5-etapes-indispensables-2026,"Après le sport, ces 5 gestes peau évitent les boutons",beaute,2026-07-25,Direct / autre,fnty.co,,0,0,0,0,Collecter des données
routine-visage-homme-guide-complet-8-produits-2026,Routine visage homme : guide complet en 8 produits,beaute,2026-07-26,Amazon,Amazon,,0,0,0,0,Collecter des données
rowenta-brush-activ-premium-care-brosse-rotative-39-99-euros-amazon-moins-47-pourcent,"Rowenta Brush Activ Premium Care Brosse Rotative : 39,99€ (-47%)",bon-plan,2026-04-16,Amazon,Amazon,,0,0,0,0,Collecter des données
royer-cosmetique-jeu-concours-bave-escargot,Royer Cosmétique : Jeu Concours,concours,2026-03-06,Direct / autre,royercosmetique.fr,,0,0,0,0,Collecter des données
rugbyshop-jeu-concours-7-au-xv-pack-ruckfield-avril-2026,Concours Rugby Shop : pack Ruckfield à gagner,concours,2026-04-10,Direct / autre,jeu.rugbyshop.com,,0,0,0,0,Collecter des données
saint-amand-asterix-100-entrees-parc-asterix-jeu-concours-2026,Saint-Amand x Asterix : 100 entrees Parc Asterix a gagner toute l'annee,concours,2026-04-15,Direct / autre,saint-amand.com,,0,0,0,0,Collecter des données
sampleo-cashback-avril-2026-ultima-renova-barilla-harrys-mont-blanc,"Sampleo : jusqu'à 0,60€ de cashback sur Ultima, Renova, Barilla, Harry's et Mont Blanc",bon-plan,2026-04-06,Direct / autre,sampleo.com,,0,0,0,0,Collecter des données
sampleo-cashback-courses-friskies-pampers-rozana-avril-2026,"Sampleo : jusqu'à 2,50€ de cashback sur Pampers, Friskies, Rozana et plus",bon-plan,2026-04-08,Direct / autre,sampleo.com,,0,0,0,0,Collecter des données
sampleo-cystiphane-fort-complement-cheveux-test-gratuit-avril-2026,Test gratuit Sampleo × Cystiphane Fort : anti-chute cheveux,test-gratuit,2026-04-05,Direct / autre,sampleo.com,,0,0,0,0,Collecter des données
sampleo-grimbergen-cuvee-reserve-test-produit-2026,Grimbergen Cuvée Réserve : 1200 Coffrets Bière d'Abbaye Gratuits,test-gratuit,2026-03-15,Direct / autre,sampleo.com,,0,0,0,0,Collecter des données
sampleo-harrys-pinsa-test-gratuit-avril-2026,Sampleo x Harrys : Testez Gratuitement la Pinsa à Garnir,test-gratuit,2026-04-05,Direct / autre,sampleo.com,,0,0,0,0,Collecter des données
sampleo-paysan-breton-beurre-moule-plaquette-test-gratuit-2026,Test Gratuit : Beurre Paysan Breton Moulé ou Plaquette,test-gratuit,2026-03-23,Direct / autre,sampleo.com,,0,0,0,0,Collecter des données
sampleo-reminiscence-le-rem-limited-edition-1996-test-parfum-gratuit-avril-2026,Test gratuit Sampleo x Reminiscence : Le Rem Limited Edition 1996,test-gratuit,2026-04-05,Direct / autre,sampleo.com,,0,0,0,0,Collecter des données
sampleo-test-produit-ambassadeur,Test gratuit Sampleo : Produits Gratuitement,test-gratuit,2026-03-02,Direct / autre,sampleo.com,,0,0,0,0,Collecter des données
san-marco-mozart-quiz-concours-2026,San Marco Quiz Mozart : un voyage à Venise pour 2 + lots café,concours,2026-03-05,Direct / autre,story.tl,,0,0,0,0,Collecter des données
sans-complexe-lingerie-grande-taille-promo-2026,Sans Complexe : Les Jours Sans Complexe jusqu'à -40% + cadeau surprise dès 90€ + tote bag léopard dès 140€ (jusqu'au 6 mai 2026),bon-plan,2026-05-05,Direct / autre,lk.gt,,0,0,0,0,Collecter des données
sant-anna-eau-minerale-test-produit-gratuit-enjoy-family-2026,Test gratuit : Eau minérale Sant'Anna pour bébé et famille,test-gratuit,2026-04-20,Direct / autre,enjoyfamily.fr,,0,0,0,0,Collecter des données
sanytol-desinfectant-nettoyant-multi-usages-test-gratuit-trnd-2026,Sanytol : 4 000 sprays desinfectants gratuits a tester via trnd,test-gratuit,2026-04-14,Direct / autre,trnd.com,,0,0,0,0,Collecter des données
sarenza-bon-plan-chaussures-770-marques-2026,Bon Plan Sarenza : Chaussures de 770 Marques jusqu'à -70%,bon-plan,2026-03-07,Direct / autre,lk.gt,,0,0,0,0,Collecter des données
sarenza-codes-promo-jusqu-a-moins-50-et-20-pourcent-supplementaire-2026,Sarenza : jusqu'a -50% + code promo -20% supplementaire (SHOP20),bon-plan,2026-04-15,Direct / autre,lk.gt,,0,0,0,0,Collecter des données
satisfait-ou-rembourse-bref-wc-auto-activ-mai-juin-2026,Offre 100% remboursée Bref WC Auto Activ' (mai-juin 2026) : bloc WC gratuit + 3 bons de réduction,bon-plan,2026-05-01,Direct / autre,labelleadresse.com,,0,0,0,0,Collecter des données
saupiquet-jeu-100-pourcent-gagnant-250-euros-bons-courses-2026,"Saupiquet : jeu 100% gagnant, 250€ de courses et bons de reduction",concours,2026-04-15,Direct / autre,jeusaupiquet.fr,,0,0,0,0,Collecter des données
sauvegarde-sacre-coeur-gratuit-envoi-gratuit-france-2026,Sauvegarde du Sacre-Coeur : recevez-la gratuitement chez vous,bon-plan,2026-04-15,Direct / autre,st-padre-pio.fr,,0,0,0,0,Collecter des données
savon-maison-diy-recette-fabrication-naturel-economique-2026,Savon maison : la recette DIY pour créer ses propres savons naturels,bon-plan,2026-04-22,Amazon,Amazon,,0,0,0,0,Collecter des données
schwarzkopf-spray-baume-moisture-kick-hydratation-avis-2026,Le spray cheveux à l'acide hyaluronique qui hydrate sans alourdir,test-avis,2026-07-25,Amazon,Amazon,,0,0,0,0,Collecter des données
science-et-vie-decouvertes-numero-gratuit-enfants-7-10-ans-2026,Science et Vie Découvertes : recevez un numéro gratuit chez vous (7-10 ans),bon-plan,2026-04-10,Direct / autre,kiosquemag.com,,0,0,0,0,Collecter des données
science-vie-decouvertes-numero-gratuit-enfants-7-10-ans-2026,Science & Vie Découvertes : recevez un numéro gratuit chez vous (limité à 10 000),bon-plan,2026-04-05,Direct / autre,kiosquemag.com,,0,0,0,0,Collecter des données
seb-clipsominut-perfect-cocotte-minute-6l-109-99-euros-moins-30-pourcent-amazon-2026,"Seb Clipsominut' Perfect : cocotte-minute 6L à 109,99€ au lieu de 157,99€ (-30%)",bon-plan,2026-04-18,Amazon,Amazon,,0,0,0,0,Collecter des données
selection-10-idees-cadeaux-beaute-fete-des-meres-2026,Cadeau beauté maman : 10 idées qui font mouche,comparatif,2026-07-26,Amazon,Amazon,,0,0,0,0,Collecter des données
selection-comparatif-meilleures-machines-a-cafe-2026-guide-achat,Les 5 meilleures machines à café en 2026,comparatif,2026-05-15,Amazon,Amazon,,0,0,0,0,Collecter des données
selection-meilleures-cremes-mains-2026,Meilleure crème mains 2026 : 10 modèles testés qui ne collent pas,comparatif,2026-06-04,Amazon,Amazon,,0,0,0,0,Collecter des données
selection-meilleures-cremes-solaires-2026,SPF50 sans effet blanc : 10 crèmes solaires testées,comparatif,2026-06-04,Amazon,Amazon,,0,0,0,0,Collecter des données
selection-meilleures-cremes-solaires-asiatiques-yesstyle-2026,Crèmes solaires coréennes : pourquoi elles écrasent les françaises,comparatif,2026-06-04,YesStyle,YesStyle,,0,0,0,0,Collecter des données
selection-meilleurs-apres-soleil-2026,Peau qui tire après le soleil ? 10 après-soleil testés pour calmer vite,comparatif,2026-06-04,Amazon,Amazon,,0,0,0,0,Collecter des données
selection-meilleurs-baumes-levres-2026,Lèvres gercées en hiver : 10 baumes testés (à moins de 5 €),comparatif,2026-06-04,Amazon,Amazon,,0,0,0,0,Collecter des données
selection-meilleurs-deodorants-2026,Déodorant sans aluminium qui tient : 10 marques testées,comparatif,2026-06-04,Amazon,Amazon,,0,0,0,0,Collecter des données
selection-meilleurs-serums-retinol-2026,Rétinol : par quel sérum commencer pour ne pas brûler sa peau,comparatif,2026-06-04,Amazon,Amazon,,0,0,0,0,Collecter des données
selection-meilleurs-spas-gonflables-amazon-printemps-2026,Spa gonflable : 4 modèles testés pour se faire plaisir cet été,test-avis,2026-06-04,Amazon,Amazon,,0,0,0,0,Collecter des données
senvenski-base-coat-peel-off-semi-permanent-5-64-euros-amazon-moins-44-pourcent,"Base coat peel off Senvenski à 5,64€ au lieu de 9,99€ (-44%)",bon-plan,2026-04-06,Amazon,Amazon,,0,0,0,0,Collecter des données
senvenski-vernis-semi-permanent-cameleon-temperature-5-10-euros-amazon-moins-49-pourcent,"Vernis semi-permanent caméléon Senvenski à 5,10€ au lieu de 9,99€ (-49%)",bon-plan,2026-04-06,Amazon,Amazon,,0,0,0,0,Collecter des données
shoes-fr-bon-plan-chaussures-8000-modeles-2026,Bon Plan Shoes.fr : Plus de 8 000 Modèles de Chaussures jusqu'à -60%,bon-plan,2026-07-22,Direct / autre,vkz.shoes.fr,,0,0,0,0,Collecter des données
shoes-fr-ventes-privees-jusqu-a-50-pourcent-avril-2026,"Shoes.fr Ventes Privees Avril 2026 : jusqu'a -50% sur JB.Martin, Geox, Converse, Puma",bon-plan,2026-04-06,Direct / autre,shoes.fr,,0,0,0,0,Collecter des données
shokz-spring-sale-casque-conduction-osseuse-2026,Shokz Spring Sale : Jusqu'à -30% sur les casques à conduction osseuse,bon-plan,2026-03-05,Direct / autre,fr.shokz.com,,0,0,0,0,Collecter des données
showroomprive-codes-promo-printemps-mars-2026,Showroomprivé : codes promo & ventes privées 2026,code-promo,2026-06-25,Direct / autre,lk.gt,,0,0,0,0,Collecter des données
sites-iconiks-vienne-jeu-entrees-futuroscope-sejours-2026,"Concours iCONiKS Vienne : +10 gagnants/jour, Futuroscope à gagner",concours,2026-04-10,Direct / autre,sites-iconiks.com,,0,0,0,0,Collecter des données
skullcandy-crusher-evo-casque-bluetooth-basses-119-99-euros-amazon-moins-37-pourcent,"Skullcandy Crusher Evo Casque Bluetooth Basses Multisensorielles : 119,99€ (-37%)",bon-plan,2026-04-15,Amazon,Amazon,,0,0,0,0,Collecter des données
snailax-fauteuil-massant-shiatsu-promo-amazon-mars-2026,SNAILAX Fauteuil Massant Shiatsu Coussin à -5% sur Amazon,bon-plan,2026-03-20,Amazon,Amazon,,0,0,0,0,Collecter des données
snailax-masseur-cou-shiatsu-chaleur-promo-amazon-mars-2026,SNAILAX Masseur de Cou Shiatsu avec Chaleur à -5% sur Amazon,bon-plan,2026-03-20,Amazon,Amazon,,0,0,0,0,Collecter des données
sobio-etic-creme-anti-age-perfectrice-avis-test-teint-pores,Test SO'BiO étic : la crème anti-âge qui a lissé ma peau,test-avis,2026-07-25,Direct / autre,ryt.leanature.com,,0,0,0,0,Collecter des données
socopa-jeu-concours-viande-2026,Socopa Jeu Concours : 500€ par jour et bons de réduction viande,concours,2026-03-05,Direct / autre,socopa.fr,,0,0,0,0,Collecter des données
sofoot-maillotvintage-box-mystere-maillot-football-concours-2026,So Foot Club x MaillotVintage : 2 box mystere maillot de foot a gagner,concours,2026-04-15,Direct / autre,tout.bayard-jeunesse.com,,0,0,0,0,Collecter des données
soignon-jeu-tickets-or-1000-euros-gagner-2026,Soignon Les Tickets d'Or : jusqu'à 1 000€ dans vos paquets,concours,2026-04-10,Direct / autre,soignon.fr,,0,0,0,0,Collecter des données
solcotton-ambassadrice-test-produit-lingettes-coton-naturel,Test gratuit SolCotton : lingettes coton naturel ambassadrice,test-gratuit,2026-03-03,Direct / autre,solcotton-ambassadeur.snkt.io,,0,0,0,0,Collecter des données
solcotton-lingettes-humides-coton-test-gratuit-ambassadeur-2026,Test gratuit SolCotton : les lingettes humides nettoyantes en coton,test-gratuit,2026-04-07,Direct / autre,solcotton-ambassadeur.snkt.io,,0,0,0,0,Collecter des données
solcotton-test-gratuit-la-delicate-coton-ambassadrice-2026,"Test gratuit SolCotton : la gamme La Delicate, coton premium pour la peau",test-gratuit,2026-03-31,Direct / autre,solcotton-ambassadeur.snkt.io,,0,0,0,0,Collecter des données
soldes-yesstyle-beauty-of-joseon-top-13-jusqu-49-pourcents-juillet-2026,Soldes YesStyle Beauty of Joseon : 13 stars K-beauty à -49 %,bon-plan,2026-07-06,Awin,awin1.com,,0,0,0,0,Collecter des données
soldes-yesstyle-cosrx-top-12-jusqu-75-pourcents-juillet-2026,Soldes COSRX YesStyle : 12 stars K-beauty jusqu'à -75 %,bon-plan,2026-07-06,Awin,awin1.com,,0,0,0,0,Collecter des données
soldes-yesstyle-medicube-top-12-jusqu-54-pourcents-juillet-2026,Soldes Medicube YesStyle : 12 stars K-beauty jusqu'à -54 %,bon-plan,2026-07-06,Awin,awin1.com,,0,0,0,0,Collecter des données
solinotes-osmanthus-parfum-floral-fruite-avis-2026,Le parfum osmanthus qui sent l'abricot et le thé : notre avis,test-avis,2026-07-25,Amazon,Amazon,,0,0,0,0,Collecter des données
sova-avis-test-complements-sopk-hormones-femme-2026,Test Sova : compléments SOPK & équilibre hormonal,test-gratuit,2026-04-05,Amazon,Amazon,,0,0,0,0,Collecter des données
spartoo-bon-plan-chaussures-mode-9000-marques-2026,Spartoo soldes d'été : chaussures -60% + 10% dès 3 articles,bon-plan,2026-06-27,Direct / autre,lk.gt,,0,0,0,0,Collecter des données
st-hubert-concours-velo-electrique-decathlon-2026,Concours St Hubert : vélo électrique Décathlon 1 100 € à gagner,concours,2026-03-04,Direct / autre,jeu-sthubert.fr,,0,0,0,0,Collecter des données
stylevana-biodance-collagen-mask-promo-2026,BIODANCE Bio-Collagen Real Deep Mask : -50% sur Stylevana,bon-plan,2026-03-16,Awin,tidd.ly,,0,0,0,0,Collecter des données
stylevana-bywishtrend-vitamin75-cream-promo-2026,By Wishtrend Vitamin 75 Maximizing Cream : -50% sur Stylevana,bon-plan,2026-03-16,Awin,tidd.ly,,0,0,0,0,Collecter des données
stylevana-dasique-shadow-palette-promo-2026,Dasique Shadow Palette : -30% sur Stylevana,bon-plan,2026-07-08,Awin,tidd.ly,,0,0,0,0,Collecter des données
stylevana-espoir-couture-lip-promo-2026,eSpoir Couture Lip Tint Dewy Glowy : -30% sur Stylevana,bon-plan,2026-07-08,Awin,tidd.ly,,0,0,0,0,Collecter des données
stylevana-flowerknows-rococo-blush-promo-2026,FlowerKnows Strawberry Rococo Blush : -50% sur Stylevana,bon-plan,2026-07-08,Awin,tidd.ly,,0,0,0,0,Collecter des données
stylevana-fwee-lip-tint-promo-2026,Fwee Lip Tint Glow : -30% sur Stylevana,bon-plan,2026-07-08,Awin,tidd.ly,,0,0,0,0,Collecter des données
stylevana-growus-damage-shampoo-promo-2026,Growus Damage Therapy Shampoo : -30% sur Stylevana,bon-plan,2026-07-08,Awin,tidd.ly,,0,0,0,0,Collecter des données
stylevana-medipeel-glutathione-cream-promo-2026,MEDI-PEEL Glutathione Multi Cream : -50% sur Stylevana,bon-plan,2026-03-16,Awin,tidd.ly,,0,0,0,0,Collecter des données
stylevana-mizon-snail-eye-cream-promo-2026,MIZON Snail Repair Eye Cream : -50% sur Stylevana,bon-plan,2026-07-08,Awin,tidd.ly,,0,0,0,0,Collecter des données
stylevana-requestreview-test-produits-kbeauty-2026,Stylevana RequestReview : Testez des produits K-Beauty,test-gratuit,2026-03-04,Direct / autre,stylevana.com,,0,0,0,0,Collecter des données
stylevana-scinic-cicanoid-cream-promo-2026,SCINIC Cicanoid Cream : -30% sur Stylevana,bon-plan,2026-07-08,Awin,tidd.ly,,0,0,0,0,Collecter des données
sunstargum-ambassadeur-soin-bucco-dentaire,Test gratuit Sunstar GUM : Soins Bucco-Dentaires Gratuits,test-gratuit,2026-03-06,Direct / autre,sunstargum.com,,0,0,0,0,Collecter des données
superdry-printemps-en-folie-homme-femme-jusqu-a-moins-40-pourcent-2026,Superdry Printemps en Folie : Mode Homme et Femme Jusqu'a -40%,bon-plan,2026-04-02,Direct / autre,lk.gt,,0,0,0,0,Collecter des données
superga-baskets-toile-jusqu-a-moins-80-pourcent-expedition-72h-2026,"Superga : Baskets en Toile Jusqu'a -80%, Expedition 72h",bon-plan,2026-04-02,Direct / autre,lk.gt,,0,0,0,0,Collecter des données
supradyn-concours-dessin-enfants-2026,Supradyn : Concours de Dessin pour Enfants,concours,2026-03-13,Direct / autre,supradyn.ch,,0,0,0,0,Collecter des données
synco-xtalk-x2-casque-intercom-sans-fil-99-euros-amazon-moins-45-pourcent,"SYNCO Xtalk X2 casque intercom sans fil (lot de 2) à 99€ au lieu de 180,89€ (-45%)",bon-plan,2026-04-05,Amazon,Amazon,,0,0,0,0,Collecter des données
tablette-enfants-dmoao-10-pouces-android-15-promo-amazon-2026,"Tablette enfants DMOAO 10 pouces Android 15 à -54% sur Amazon : 99,99€",bon-plan,2026-04-08,Amazon,Amazon,,0,0,0,0,Collecter des données
tablette-suaat-s3-10-pouces-android-clavier-souris-promo-amazon-2026,"Tablette SUAAT S3 10 pouces avec clavier et souris à -58% sur Amazon : 89,99€",bon-plan,2026-04-08,Amazon,Amazon,,0,0,0,0,Collecter des données
tarrington-house-barbecue-charbon-memphis-112-93-euros-amazon-moins-28-pourcent,"Barbecue charbon Tarrington House Memphis à 112,93€ au lieu de 155,90€ (-28%)",bon-plan,2026-04-05,Amazon,Amazon,,0,0,0,0,Collecter des données
tarte-tartelette-xl-tubing-mascara-regard-intense-2026,On a testé le mascara qui ne coule jamais (même en pleurant),test-avis,2026-07-25,Amazon,Amazon,,0,0,0,0,Collecter des données
tectake-salon-jardin-aluminium-4-personnes-319-88-euros-amazon-moins-11-pourcent,"Salon de jardin tectake aluminium 4 personnes à 319,88€ au lieu de 359,90€ (-11%)",bon-plan,2026-04-06,Amazon,Amazon,,0,0,0,0,Collecter des données
test-ambassadeur-instagram-gum-smart-one-brosse-dents-electrique-mai-2026,Test ambassadeur GUM SMART ONE : brosse à dents électrique,test-gratuit,2026-05-12,Direct / autre,sunstargum.com,,0,0,0,0,Collecter des données
test-avis-chateau-du-bois-creme-jour-bio-lavande-fine-cosmos-organic-2026,Test & avis Château du Bois : crème jour bio lavande fine,test-avis,2026-07-26,Direct / autre,lechateaudubois.fr,,0,0,0,0,Collecter des données
test-avis-cosrx-6-peptide-skin-booster-serum-yesstyle-2026,Test & avis COSRX The 6 Peptide Skin Booster (sérum peptides),test-avis,2026-07-26,YesStyle,YesStyle,,0,0,0,0,Collecter des données
test-avis-just-creme-tea-tree-manuka-rosalina-impuretes-peau-2026,Test & avis JUST : crème Tea Tree Manuka & Rosalina,test-avis,2026-07-26,Direct / autre,justfrance.fr,,0,0,0,0,Collecter des données
test-avis-meilleurs-antimoustiques-2026-selection-amazon,Meilleurs anti-moustiques 2026 : notre sélection testée et notée,beaute,2026-07-22,Amazon,Amazon,,0,0,0,0,Collecter des données
test-avis-santarome-pack-anti-moustiques-spray-roll-on-bio-2026,Test & avis Santarome : Pack Anti-Moustiques Spray + Roll-On bio,beaute,2026-04-25,Direct / autre,santarome.fr,,0,0,0,0,Collecter des données
test-avis-santarome-roll-on-apres-piqures-bio-lavande-aspic-tea-tree-2026,Test & avis Santarome Roll-On Après Piqûres bio,beaute,2026-04-25,Direct / autre,santarome.fr,,0,0,0,0,Collecter des données
test-comparatif-dyson-corrale-steampod-4-ghd-meilleur-lisseur-2026,"Dyson Corrale, Steampod 4 ou GHD : quel lisseur choisir ?",comparatif,2026-07-10,Amazon,Amazon,,0,0,0,0,Collecter des données
test-foreo-bear-micro-courants-avis-anti-age-2026,Foreo Bear : test et avis micro-courants anti-âge,test-avis,2026-07-25,Amazon,Amazon,,0,0,0,0,Collecter des données
test-gratuit-aboca-lynfase-complement-drainage-cercle-aboca-life-mai-juin-2026,Test gratuit Aboca Lynfase : complément drainage naturel,test-gratuit,2026-05-05,Direct / autre,cercle.aboca.life,,0,0,0,0,Collecter des données
test-gratuit-acm-boreade-serum-azeane-creme-anti-imperfections-2026,Test Gratuit ACM : Sérum Boréade et Crème Azéane Anti-Imperfections,test-gratuit,2026-03-28,Direct / autre,labo-acm.com,,0,0,0,0,Collecter des données
test-gratuit-acm-boreade-serum-azeane-creme-anti-imperfections-avril-2026,Test gratuit ACM : Serum Boreade et Creme Azeane anti-imperfections a recevoir,test-gratuit,2026-03-29,Direct / autre,labo-acm.com,,0,0,0,0,Collecter des données
test-gratuit-acm-creme-anti-taches-zones-sensibles-intimes-ambassadeur-mai-2026,Test gratuit ACM : crème anti-taches zones sensibles & intimes,test-gratuit,2026-05-11,Direct / autre,labo-acm.com,,0,0,0,0,Collecter des données
test-gratuit-acm-depiwhite-deodorant-anti-transpirant-anti-taches-ambassadeur-mai-2026,Test gratuit ACM Dépiwhite : déodorant 3-en-1 anti-taches,test-gratuit,2026-05-11,Direct / autre,labo-acm.com,,0,0,0,0,Collecter des données
test-gratuit-acm-depiwhite-gel-micro-exfoliant-anti-taches-ambassadrice-juin-2026,Test gratuit ACM Dépiwhite : gel micro-exfoliant anti-taches,test-gratuit,2026-05-21,Direct / autre,labo-acm.com,,0,0,0,0,Collecter des données
test-gratuit-acm-duolys-nad-plus-creme-anti-age-ambassadrice-juin-2026,Test gratuit ACM Duolys NAD+ : crème anti-âge cellulaire,test-gratuit,2026-05-21,Direct / autre,labo-acm.com,,0,0,0,0,Collecter des données
test-gratuit-acm-medisun-plus-gel-matifiant-spf50-ambassadeur-mai-2026,Test gratuit ACM Medisun+ Gel Matifiant SPF50+,test-gratuit,2026-05-13,Direct / autre,labo-acm.com,,0,0,0,0,Collecter des données
test-gratuit-acm-medisun-stick-solaire-spf50-ambassadeur-2026,Test gratuit ACM Medisun+ Stick : devenez ambassadeur de ce stick solaire SPF50+,test-gratuit,2026-04-10,Direct / autre,labo-acm.com,,0,0,0,0,Collecter des données
test-gratuit-acm-novophane-programme-anti-chute-cheveux-2026,Test Gratuit ACM Novophane : Programme Anti-Chute Complet a Tester,test-gratuit,2026-03-26,Direct / autre,labo-acm.com,,0,0,0,0,Collecter des données
test-gratuit-actalia-degustation-testeur-produits-2026,ACTALIA Degustation : Devenez Testeur de Produits et Recevez des Bons d'Achat,test-gratuit,2026-03-31,Direct / autre,actalia-degustation.fr,,0,0,0,0,Collecter des données
test-gratuit-ajinomoto-gyoza-292-ambassadeurs-sampleo-mai-2026,Test gratuit Gyoza Ajinomoto : 292 ambassadeurs Sampleo,test-gratuit,2026-05-02,Direct / autre,sampleo.com,,0,0,0,0,Collecter des données
test-gratuit-akileine-baume-hydra-defense-aufeminin-club-expertes-juillet-2026,Test gratuit Akileïne Baume Hydra-Défense (100 exemplaires à tester),test-gratuit,2026-07-23,Direct / autre,aufeminin.com,,0,0,0,0,Collecter des données
test-gratuit-algologie-creme-vagues-bb-creme-2026,Test gratuit : Algologie Duo Crème des Vagues + BB Crème Soleil Marin,test-gratuit,2026-03-10,Direct / autre,app.trustt.io,,0,0,0,0,Collecter des données
test-gratuit-algologie-duo-bonne-mine-filtre-marin-soins-bretons-2026,Test gratuit Algologie : Duo Bonne Mine + Filtre Marin,test-gratuit,2026-03-26,Direct / autre,algologie.com,,0,0,0,0,Collecter des données
test-gratuit-algologie-routine-beaute-marine-2026,Test Produit Gratuit : Routine Beauté Marine Algologie,test-gratuit,2026-03-10,Direct / autre,app.trustt.io,,0,0,0,0,Collecter des données
test-gratuit-angelcare-poubelle-couches-classic-xl-baby-test-consobaby-mai-2026,Test gratuit Angelcare : poubelle à couches Classic XL,test-gratuit,2026-05-25,Direct / autre,consobaby.com,,0,0,0,0,Collecter des données
test-gratuit-aveeno-calm-restore-gel-hydratant-tryandreview-juillet-2026,"Test gratuit Aveeno Calm+Restore Gel Hydratant (24,99 € offert)",test-gratuit,2026-07-23,Direct / autre,tryandreview.com,,0,0,0,0,Collecter des données
test-gratuit-babyboom-influenceuse-maman-bebe-2026,Test gratuit Devenir influenceuse Babyboom : des produits bébé,test-gratuit,2026-04-22,Direct / autre,babyboom.fr,,0,0,0,0,Collecter des données
test-gratuit-bergere-de-france-cercle-des-testeurs-laine-tricot-2026,Test gratuit Bergère de France : Cercle des testeurs,test-gratuit,2026-05-06,Direct / autre,communaute.bergeredefrance.fr,,0,0,0,0,Collecter des données
test-gratuit-biogaia-gouttes-probiotiques-bebe-consobaby,Test gratuit : gouttes probiotiques BioGaia pour bebe - ConsoBaby,test-gratuit,2026-04-06,Direct / autre,consobaby.com,,0,0,0,0,Collecter des données
test-gratuit-biokap-ambassadrice-coloration-cheveux-blancs-2026,Test gratuit BioKap : kit coloration offert pour couvrir les cheveux blancs,test-gratuit,2026-04-21,Direct / autre,docs.google.com,,0,0,0,0,Collecter des données
test-gratuit-blancreme-gommage-corps-fraise-grenade-belle-au-naturel-mai-2026,Test gratuit Blancrème : Gommage Corps Fraise & Grenade,test-gratuit,2026-04-30,Direct / autre,belleaunaturel.fr,,0,0,0,0,Collecter des données
test-gratuit-blissim-la-chenaie-elixir-revitalisant-anti-taches-mai-2026,Test gratuit La Chênaie : Élixir revitalisant anti-taches,test-gratuit,2026-05-22,Direct / autre,communaute.blissim.fr,,0,0,0,0,Collecter des données
test-gratuit-boiron-arniroller-gel-massant-tensions-2026,Test Produit Gratuit : Arniroller de Boiron,test-gratuit,2026-03-18,Direct / autre,ambassadeurs-boiron.be,,0,0,0,0,Collecter des données
test-gratuit-boiron-euphralia-yeux-rouges-ambassadeurs-mai-2026,Test gratuit Boiron Euphralia Yeux Rouges (ambassadrices),test-gratuit,2026-04-27,Direct / autre,ambassadeurs-boiron.be,,0,0,0,0,Collecter des données
test-gratuit-bomoi-creme-solaire-spf30-curcuma-belle-au-naturel-mai-2026,Test gratuit Bomoï : 20 crèmes solaires bio SPF30 curcuma,test-gratuit,2026-04-30,Direct / autre,belleaunaturel.fr,,0,0,0,0,Collecter des données
test-gratuit-calmosine-post-partum-allaitement-consobaby,Test gratuit : Calmosine Post-Partum et Allaitement - cure 1 mois ConsoBaby,test-gratuit,2026-04-06,Direct / autre,consobaby.com,,0,0,0,0,Collecter des données
test-gratuit-camera-surveillance-imou-connectee-testerdesproduits-2026,Test Gratuit : Caméra de Surveillance Imou Connectée,test-gratuit,2026-03-27,Direct / autre,testerdesproduits.fr,,0,0,0,0,Collecter des données
test-gratuit-carryboo-couches-france-nos-regions-sampleo-mai-2026,Test gratuit Carryboo Nos Régions : 75 ambassadeurs couches,test-gratuit,2026-05-10,Direct / autre,sampleo.com,,0,0,0,0,Collecter des données
test-gratuit-cattier-apres-shampoing-cheveux-colores-extrait-riz-ambassadeur-mai-2026,Test gratuit Cattier : après-shampoing cheveux colorés riz bio,test-gratuit,2026-05-12,Direct / autre,cattier-paris.com,,0,0,0,0,Collecter des données
test-gratuit-cattier-deodorant-bio-orange-bergamote-ambassadeur-mai-2026,Test gratuit Cattier : déodorant bio Orange & Bergamote,test-gratuit,2026-05-12,Direct / autre,cattier-paris.com,,0,0,0,0,Collecter des données
test-gratuit-cattier-paris-moussant-argile-blanche-bio-mars-2026,Test gratuit Cattier Paris : Moussant Pamplemousse & Argile,test-gratuit,2026-03-19,Direct / autre,cattier-paris.com,,0,0,0,0,Collecter des données
test-gratuit-chargeur-induction-iniu-testerdesproduits-octobre-2026,Test gratuit INIU chargeur à induction 15W (12 exemplaires à gagner),test-gratuit,2026-07-23,Direct / autre,testerdesproduits.fr,,0,0,0,0,Collecter des données
test-gratuit-chicco-tour-observation-meraviglia-2026,Test gratuit Chicco : Tour d'observation Meraviglia 4-en-1,test-gratuit,2026-05-01,Direct / autre,chicco.fr,,0,0,0,0,Collecter des données
test-gratuit-collosol-35-chantilly-nettoyante-ambassadrice-juin-2026,Test gratuit Collosol Paris : 35 Chantilly Nettoyante,test-gratuit,2026-05-23,Direct / autre,collosol-paris.com,,0,0,0,0,Collecter des données
test-gratuit-collosol-huile-extra-demaquillante-avril-2026,Test gratuit Collosol : 35 Huile Extra demaquillante 100ml a recevoir,test-gratuit,2026-03-29,Direct / autre,collosol-paris.com,,0,0,0,0,Collecter des données
test-gratuit-collosol-routine-essentiels-double-nettoyage-ambassadeur-2026,Test gratuit Collosol : Chantilly + Eau de Lait (essentiels),test-gratuit,2026-04-25,Direct / autre,collosol-paris.com,,0,0,0,0,Collecter des données
test-gratuit-crinex-halita-bain-de-bouche-dentifrice-tribu-ambassadeur-mai-2026,Test gratuit Crinex HALITA : bain de bouche & dentifrice,test-gratuit,2026-05-13,Direct / autre,crinex.fr,,0,0,0,0,Collecter des données
test-gratuit-cultiv-masque-hydra-peeling-eclat-belle-au-naturel-mai-2026,Test gratuit Cultiv : 20 Masques HYDRA-PEELING Éclat bio,test-gratuit,2026-04-30,Direct / autre,belleaunaturel.fr,,0,0,0,0,Collecter des données
test-gratuit-cybex-laya-porte-bebe-physiologique-consobaby-mai-2026,Test gratuit Cybex LAYA : porte-bébé physiologique,test-gratuit,2026-04-27,Direct / autre,consobaby.com,,0,0,0,0,Collecter des données
test-gratuit-difrax-biberon-mammafeel-paroledemamans-juillet-2026,Test gratuit Difrax LOVI Biberon Mammafeel (22 mamans à tester),test-gratuit,2026-07-23,Direct / autre,testsproduits.paroledemamans.com,,0,0,0,0,Collecter des données
test-gratuit-dr-hauschka-baume-lacte-nettoyant-mai-2026,Test gratuit Dr. Hauschka : Baume Lacté Nettoyant 20 ml (Suisse),test-gratuit,2026-04-30,Direct / autre,drhauschka.ch,,0,0,0,0,Collecter des données
test-gratuit-dr-hauschka-fluid-illuminant-30ml-enlumineur-liquide-juin-2026,Test gratuit Dr. Hauschka Fluid Illuminant : enlumineur liquide,test-gratuit,2026-05-23,Direct / autre,drhauschka.ch,,0,0,0,0,Collecter des données
test-gratuit-eau-thermale-jonzac-gel-creme-repulpant-leanature-mai-2026,Test gratuit Eau Thermale Jonzac : gel-crème repulpant,test-gratuit,2026-05-11,Direct / autre,leanature.com,,0,0,0,0,Collecter des données
test-gratuit-eclae-ambassadeur-best-sellers-routine-eclat-juin-2026,Test gratuit Eclae : best-sellers routine éclat (ambassadeur),test-gratuit,2026-05-22,Direct / autre,eclae.com,,0,0,0,0,Collecter des données
test-gratuit-eclae-gommage-corps-eclat-camargue-ambassadeur-juin-2026,Test gratuit Eclae : Gommage Corps Éclat de Camargue,test-gratuit,2026-05-30,Direct / autre,eclae.com,,0,0,0,0,Collecter des données
test-gratuit-eclae-skincare-routine-fete-des-meres-ambassadeur-2026,Test gratuit ECLAE : skincare routine Fête des Mères,test-gratuit,2026-05-11,Direct / autre,eclae.com,,0,0,0,0,Collecter des données
test-gratuit-elhee-creme-solaire-spf50-bebe-mamadvisor-magicmaman-mai-2026,Test gratuit Elhée : crème solaire SPF 50+ bébé,test-gratuit,2026-05-06,Direct / autre,mamadvisor.magicmaman.com,,0,0,0,0,Collecter des données
test-gratuit-essence-juicy-bomb-gloss-coffret-5-teintes-free-cosmetic-testing-mai-2026,Test gratuit Essence Juicy Bomb : coffret 5 gloss à lèvres,test-gratuit,2026-05-06,Direct / autre,free-cosmetic-testing.com,,0,0,0,0,Collecter des données
test-gratuit-etat-pur-peptide-6-pro-melanin-bronzage-2026,Test gratuit Etat Pur : le Peptide-6 Pro-Melanin 10ppm,test-gratuit,2026-03-24,Direct / autre,news.etatpur.com,,0,0,0,0,Collecter des données
test-gratuit-etude-appetence-aliments-humides-chats-mai-juin-2026,Test gratuit : étude appétence aliments humides chat,test-gratuit,2026-05-11,Direct / autre,docs.google.com,,0,0,0,0,Collecter des données
test-gratuit-euphralia-boiron-yeux-secs-irrites-ambassadeur-juin-2026,Test gratuit Euphralia Boiron : Yeux secs & irrités,test-gratuit,2026-05-22,Direct / autre,ambassadeurs-boiron.be,,0,0,0,0,Collecter des données
test-gratuit-eye-care-crayons-levres-haute-tolerance-avril-2026,Test gratuit Eye Care : crayons à lèvres haute tolérance pour lèvres sensibles,test-gratuit,2026-04-10,Direct / autre,eyecare.fr,,0,0,0,0,Collecter des données
test-gratuit-eyecare-5-missions-ambassadrice-vernis-mascaras-infini-cils-ultracapil-mai-2026,Tests gratuits Eye Care : 5 missions ambassadrice,test-gratuit,2026-05-14,Direct / autre,eyecare.fr,,0,0,0,0,Collecter des données
test-gratuit-eyecare-creme-nutritive-douceur-mission-ambassadrice-juillet-2026,Test gratuit Eye Care Crème Nutritive Douceur (ambassadrice),test-gratuit,2026-06-26,Direct / autre,eyecare.fr,,0,0,0,0,Collecter des données
test-gratuit-eyecare-routine-nettoyage-profondeur-mission-influence-mai-2026,Test gratuit Eyecare : Routine Nettoyage en Profondeur,test-gratuit,2026-05-11,Direct / autre,eyecare.fr,,0,0,0,0,Collecter des données
test-gratuit-free-cosmetic-testing-produits-beaute-2026,Free Cosmetic Testing : 40+ Produits Beauté Gratuits à Tester Chaque Semaine,test-gratuit,2026-03-11,Direct / autre,free-cosmetic-testing.com,,0,0,0,0,Collecter des données
test-gratuit-fuze-tea-nouvelles-saveurs-peche-rose-citron-citronnelle-trnd-2026,Test gratuit Fuze Tea : nouvelles saveurs Pêche Rose & Citron,test-gratuit,2026-04-02,Direct / autre,trnd.com,,0,0,0,0,Collecter des données
test-gratuit-garancia-creme-riche-diabolique-tomate-instagram-buzz-juin-2026,Test gratuit Garancia : Crème Riche Diabolique Tomate,test-gratuit,2026-05-19,Direct / autre,garancia-ambassadeur.snkt.io,,0,0,0,0,Collecter des données
test-gratuit-garancia-diabolique-tomate-creme-bonne-mine-2026,Test gratuit Garancia Diabolique Tomate : campagne ambassadrice,test-gratuit,2026-05-07,Direct / autre,garancia-ambassadeur.snkt.io,,0,0,0,0,Collecter des données
test-gratuit-gariguettes-infusion-premier-trimestre-grossesse-mamadvisor-magicmaman-juin-2026,Test gratuit infusion Gariguettes Premier Trimestre,test-gratuit,2026-06-25,Direct / autre,mamadvisor.magicmaman.com,,0,0,0,0,Collecter des données
test-gratuit-gouiran-beaute-beauty-club-2026,Gouiran Beauté Beauty Club : Testez des Produits Beauté Pro,test-gratuit,2026-05-07,Direct / autre,beauty-club.gouiran-beaute.com,,0,0,0,0,Collecter des données
test-gratuit-gourmet-perle-emiettes-ocean-chat-mai-2026,Test gratuit Gourmet Perle : Émiettés de l'Océan pour chat,test-gratuit,2026-05-02,Direct / autre,wamiz.com,,0,0,0,0,Collecter des données
test-gratuit-gua-sha-yankuirui-pierre-naturelle-massage-free-cosmetic-testing-mai-2026,Test gratuit : 10 Gua Sha YANKUIRUI pierre naturelle,test-gratuit,2026-05-13,Direct / autre,free-cosmetic-testing.com,,0,0,0,0,Collecter des données
test-gratuit-gum-sonic-daily-brosse-dents-2026,Test Produit Gratuit : Brosse à Dents GUM SONIC DAILY,test-gratuit,2026-03-10,Direct / autre,app.trustt.io,,0,0,0,0,Collecter des données
test-gratuit-gum-sonic-sensitive-brosse-dents-2026,Test Produit Gratuit : Brosse à Dents GUM SONIC SENSITIVE,test-gratuit,2026-03-10,Direct / autre,app.trustt.io,,0,0,0,0,Collecter des données
test-gratuit-gum-twisted-floss-50-fils-dentaires-juin-2026,Test gratuit GUM Twisted Floss : 50 fils dentaires à tester,test-gratuit,2026-05-25,Direct / autre,sunstargum.com,,0,0,0,0,Collecter des données
test-gratuit-herstory-club-make-up-for-ever-hd-skin-fond-de-teint-2026,Test gratuit Make Up For Ever HD Skin via le Club Herstory,test-gratuit,2026-04-23,Direct / autre,herstory-media.com,,0,0,0,0,Collecter des données
test-gratuit-holisia-massage-signature-corps-beaute-test-boulogne-billancourt-mai-2026,Test gratuit Holisia : massage signature 1h15 corps complet,test-gratuit,2026-05-12,Direct / autre,beaute-test.com,,0,0,0,0,Collecter des données
test-gratuit-ingenuity-reducteur-toilette-voyage-pliable-mamadvisor-magicmaman-mai-2026,Test gratuit Ingenuity : réducteur toilette de voyage pliable,test-gratuit,2026-05-13,Direct / autre,mamadvisor.magicmaman.com,,0,0,0,0,Collecter des données
test-gratuit-ixage-4-missions-ambassadeurs-lotion-eclat-serum-creme-trousse-mai-2026,Tests gratuits Ixage : 4 missions ambassadeurs beauté,test-gratuit,2026-05-14,Direct / autre,ixage.fr,,0,0,0,0,Collecter des données
test-gratuit-ixage-ambassadrices-routine-anti-age-creme-jour-2026,Test gratuit Ixage : routine anti-âge bio française,test-gratuit,2026-05-12,Direct / autre,ixage.fr,,0,0,0,0,Collecter des données
test-gratuit-ixage-serum-hydratant-repulpant-mission-avis-texte-bio-26-mai-2026,Test gratuit Ixage : Sérum Hydratant & Repulpant (mission avis),test-gratuit,2026-05-16,Direct / autre,ixage.fr,,0,0,0,0,Collecter des données
test-gratuit-jamie-oliver-livres-cuisine-enfants-aujourd-hui-c-est-mamadvisor-2026,Test gratuit Mamadvisor : les livres de cuisine Jamie Oliver pour enfants,test-gratuit,2026-04-22,Direct / autre,mamadvisor.magicmaman.com,,0,0,0,0,Collecter des données
test-gratuit-jean-louis-david-humidity-shield-spray-anti-humidite-beaute-test-mai-2026,Test gratuit Jean Louis David : spray anti-humidité,test-gratuit,2026-05-05,Direct / autre,beaute-test.com,,0,0,0,0,Collecter des données
test-gratuit-jonzac-soin-leger-fondant-rehydrate-avril-2026,Test gratuit Eau Thermale Jonzac : le soin léger fondant Rehydrate,test-gratuit,2026-04-10,Direct / autre,leanature.com,,0,0,0,0,Collecter des données
test-gratuit-just-spray-insecte-anti-tiques-moustiques-avril-2026,Test gratuit JUST : Spray Insecte anti-tiques & moustiques,test-gratuit,2026-04-01,Direct / autre,justfrance.fr,,0,0,0,0,Collecter des données
test-gratuit-just-teint-soleil-complement-alimentaire-bronzage-mai-2026,Test gratuit JUST Teint Soleil : complément alimentaire bronzage,test-gratuit,2026-05-06,Direct / autre,justfrance.fr,,0,0,0,0,Collecter des données
test-gratuit-kahee-beauty-hairmergency-cure-cheveux-beaute-test-mai-2026,Test gratuit Kahee Beauty Hairmergency+ : cure capillaire,test-gratuit,2026-05-05,Direct / autre,beaute-test.com,,0,0,0,0,Collecter des données
test-gratuit-keracnyl-ducray-spray-corps-anti-boutons-veepee-juillet-2026,Test gratuit Ducray Keracnyl : Spray Corps Asséchant Anti-Boutons,test-gratuit,2026-06-27,Direct / autre,club.veepee.fr,,0,0,0,0,Collecter des données
test-gratuit-kerargan-routine-ricin-mission-tiktok-2026,Test Gratuit Routine Ricin Kerargan : Mission TikTok 2026,test-gratuit,2026-06-02,Direct / autre,kerargan.com,,0,0,0,0,Collecter des données
test-gratuit-kerargan-routine-uv-couleur-marula-ambassadrice-mai-2026,Test gratuit Kerargan : kit UV Marula 4 pièces ambassadrice,test-gratuit,2026-06-05,Direct / autre,kerargan.com,,0,0,0,0,Collecter des données
test-gratuit-kiabi-blouse-grande-taille-brodee-mars-2026,Kiabi Community : Testez et Gardez cette Blouse Grande Taille Brodée,test-gratuit,2026-03-18,Direct / autre,community.kiabi.com,,0,0,0,0,Collecter des données
test-gratuit-kiabi-community-tests-mars-2026,Kiabi Community : Testez des Vêtements Gratuitement (Mars 2026),test-gratuit,2026-03-11,Direct / autre,community.kiabi.com,,0,0,0,0,Collecter des données
test-gratuit-kiabi-jean-regular-lignes-coton-femme-ete-2026,Test gratuit Kiabi : jean regular coton femme été,test-gratuit,2026-05-16,Direct / autre,community.kiabi.com,,0,0,0,0,Collecter des données
test-gratuit-kiabi-pantalon-tapered-fit-beige-homme-mai-2026,Test gratuit Kiabi : pantalon tapered fit beige homme,test-gratuit,2026-05-25,Direct / autre,community.kiabi.com,,0,0,0,0,Collecter des données
test-gratuit-kiabi-robe-longue-plissee-bijou-dore-grande-taille-mai-2026,Test gratuit Kiabi : robe longue plissée bijou grande taille,test-gratuit,2026-05-04,Direct / autre,community.kiabi.com,,0,0,0,0,Collecter des données
test-gratuit-kiabi-salopette-denim-fille-bebe-community-mai-2026,Test gratuit Kiabi : salopette denim fille & ensembles bébé,test-gratuit,2026-05-10,Direct / autre,community.kiabi.com,,0,0,0,0,Collecter des données
test-gratuit-kiko-3d-hydra-lipgloss-brillant-levres-testerdesproduits-2026,Test gratuit KIKO 3D Hydra Lipgloss : brillant à lèvres hydratant,test-gratuit,2026-03-27,Direct / autre,testerdesproduits.fr,,0,0,0,0,Collecter des données
test-gratuit-kinderkraft-niteeye-travel-babyphone-video-consobaby-mai-2026,Test gratuit Kinderkraft NITEEYE : babyphone vidéo Travel,test-gratuit,2026-05-11,Direct / autre,consobaby.com,,0,0,0,0,Collecter des données
test-gratuit-kit-blanchiment-dentaire-testerdesproduits-juillet-2026,Test gratuit : kit de blanchiment dentaire (8 testeurs),test-gratuit,2026-04-27,Direct / autre,testerdesproduits.fr,,0,0,0,0,Collecter des données
test-gratuit-la-french-beauty-coloc-ambassadeur-2026,La French Beauty Coloc : Testez des Produits Beauté Français,test-gratuit,2026-03-11,Direct / autre,lafrenchbeautycoloc.com,,0,0,0,0,Collecter des données
test-gratuit-lactel-matin-leger-lait-sans-lactose-theinsiders-juin-2026,Test gratuit Lactel Matin Léger sans lactose : 3000 box offertes,test-gratuit,2026-06-05,Direct / autre,theinsidersnet.com,,0,0,0,0,Collecter des données
test-gratuit-les-pas-petits-chaussons-souples-marche-mamadvisor-juillet-2026,Test gratuit chaussons Les Pas Petits pour les premiers pas de bébé,test-gratuit,2026-07-23,Direct / autre,mamadvisor.magicmaman.com,,0,0,0,0,Collecter des données
test-gratuit-les-petits-culottes-couches-ecologiques-consobaby-mai-2026,Test gratuit Les Petits Culottés : 1 mois de couches écologiques,test-gratuit,2026-04-27,Direct / autre,consobaby.com,,0,0,0,0,Collecter des données
test-gratuit-les-petits-prodiges-patchs-yeux-defatigants-collagene-blissim-juillet-2026,Test gratuit Les Petits Prödiges patchs yeux défatigants collagène (50 places),test-gratuit,2026-07-23,Direct / autre,communaute.blissim.fr,,0,0,0,0,Collecter des données
test-gratuit-livre-kpop-demon-hunters-fans-dragons-or-mamadvisor-mai-2026,Test gratuit KPop Demon Hunters : livre pour les fans,test-gratuit,2026-05-20,Direct / autre,mamadvisor.magicmaman.com,,0,0,0,0,Collecter des données
test-gratuit-loreal-lumi-glotion-903-medium-glow-mai-2026,Test gratuit L'Oréal Lumi Glotion 903 : 10 enlumineurs,test-gratuit,2026-04-29,Direct / autre,free-cosmetic-testing.com,,0,0,0,0,Collecter des données
test-gratuit-loreal-revitalift-filler-serum-acide-hyaluronique-2026,Test Gratuit L'Oreal : Serum Revitalift Filler Anti-Rides a l'Acide Hyaluronique,test-gratuit,2026-03-25,Direct / autre,free-cosmetic-testing.com,,0,0,0,0,Collecter des données
test-gratuit-lumios-jeu-boules-lumineuses-famille-2026,"Test gratuit : Lumios, le Jeu de Boules Lumineuses pour Toute la Famille",test-gratuit,2026-03-18,Direct / autre,mamadvisor.magicmaman.com,,0,0,0,0,Collecter des données
test-gratuit-magic-pipi-pot-apprentissage-proprete-magicmaman-mai-2026,Test gratuit Magic PiPi : kit apprentissage propreté ludique,test-gratuit,2026-04-29,Direct / autre,mamadvisor.magicmaman.com,,0,0,0,0,Collecter des données
test-gratuit-mamadvisor-banana-bag-love-radius-thermometre-tigex-avril-2026,Test Gratuit MamAdvisor : Banana Bag Love Radius et Thermomètre Baleine Tigex,test-gratuit,2026-04-01,Direct / autre,mamadvisor.magicmaman.com,,0,0,0,0,Collecter des données
test-gratuit-mamadvisor-cityplace-momcozy-livre-2026,MamAdvisor : 3 Produits Bébé/Maman Gratuits à Tester (Mars 2026),test-gratuit,2026-03-11,Direct / autre,mamadvisor.magicmaman.com,,0,0,0,0,Collecter des données
test-gratuit-mamadvisor-gobelet-difrax-lovi-gummies-in-haircare-mars-2026,Test Gratuit MamAdvisor : Gobelet Difrax LOVI et Gummies In Haircare,test-gratuit,2026-03-25,Direct / autre,mamadvisor.magicmaman.com,,0,0,0,0,Collecter des données
test-gratuit-mamadvisor-kit-air-releve-coussin-neocome-avril-2026,Tests gratuits MamAdvisor : kit condiments Un Air de Vacances et coussin Neocome,test-gratuit,2026-04-10,Direct / autre,mamadvisor.magicmaman.com,,0,0,0,0,Collecter des données
test-gratuit-mamadvisor-kit-un-air-releve-coussin-neocome-avril-2026,Tests gratuits MamAdvisor : kit Un Air Relevé et coussin évolutif Neocome,test-gratuit,2026-04-08,Direct / autre,mamadvisor.magicmaman.com,,0,0,0,0,Collecter des données
test-gratuit-mammut-aenergy-trail-endurance-chaussure-outzer-2026,Test gratuit Outzer : chaussure trail Mammut Aenergy Trail Endurance,test-gratuit,2026-04-22,Direct / autre,outzer.fr,,0,0,0,0,Collecter des données
test-gratuit-marilou-bio-ambassadrice-routine-huile-argan-peau-neuve-2026,Test gratuit Marilou Bio : routine huile d'Argan (ambassadrice),test-gratuit,2026-03-27,Direct / autre,mariloubio.com,,0,0,0,0,Collecter des données
test-gratuit-marilou-bio-coffret-rituel-regenerant-mission-tiktok-fete-des-meres-mai-2026,Test gratuit Marilou Bio : Coffret Rituel Régénérant (TikTok),test-gratuit,2026-05-20,Direct / autre,mariloubio.com,,0,0,0,0,Collecter des données
test-gratuit-marilou-bio-creme-mains-nourrissante-avril-2026,Test gratuit Marilou Bio : 30 crèmes mains nourrissantes bio,test-gratuit,2026-04-10,Direct / autre,mariloubio.com,,0,0,0,0,Collecter des données
test-gratuit-marilou-bio-serum-yeux-eclat-ambassadeur-2026,Test gratuit Marilou Bio : deviens ambassadrice du Sérum Yeux Éclat,test-gratuit,2026-04-23,Direct / autre,mariloubio.com,,0,0,0,0,Collecter des données
test-gratuit-marilou-bio-trustt-soins-naturels-2026,Marilou Bio x Trustt : 4 Soins Naturels Gratuits à Tester,test-gratuit,2026-03-11,Direct / autre,app.trustt.io,,0,0,0,0,Collecter des données
test-gratuit-marmailles-plus-couches-bebe-enjoyfamily-mai-2026,Test gratuit Marmailles Plus : 10 cartons de couches bébé,test-gratuit,2026-05-11,Direct / autre,enjoyfamily.fr,,0,0,0,0,Collecter des données
test-gratuit-max-family-huile-saumon-echantillon-chien-chat-2026,Échantillon gratuit Max Family : huile de saumon chien & chat,test-gratuit,2026-04-26,Direct / autre,atoushop.com,,0,0,0,0,Collecter des données
test-gratuit-maxi-cosi-oxford-cabin-poussette-consobaby-mai-2026,Test gratuit Maxi-Cosi : poussette Oxford Cabin,test-gratuit,2026-05-04,Direct / autre,consobaby.com,,0,0,0,0,Collecter des données
test-gratuit-melvita-serum-glow-source-roses-satisfait-rembourse-2026,Melvita Sérum Glow Source de Roses : satisfait ou remboursé,test-gratuit,2026-04-26,Direct / autre,melvita-efficacite-prouvee-ou-remboursee.offre-promotionnelle.fr,,0,0,0,0,Collecter des données
test-gratuit-miin-cosmetics-testers-k-beauty-mai-2026,Test gratuit MiiN Cosmetics : produits K-Beauty remboursés,test-gratuit,2026-04-29,Direct / autre,miincosmetics.typeform.com,,0,0,0,0,Collecter des données
test-gratuit-minceur-6-en-1-morosil-naturasens-leanature-mai-2026,Test gratuit Naturasens : Minceur 6-en-1 Morosil (Léa Nature),test-gratuit,2026-05-12,Direct / autre,leanature.com,,0,0,0,0,Collecter des données
test-gratuit-minimaliste-duo-baume-nutri-nettoyant-creme-super-ingredients-juillet-2026,Test gratuit Minimaliste : Duo Baume Nutri-Nettoyant + Crème Super Ingrédients,test-gratuit,2026-07-23,Direct / autre,minimaliste.green,,0,0,0,0,Collecter des données
test-gratuit-naali-gummies-anti-stress-safran-amazon-avril-2026,Test gratuit Naali : 10 Gummies Anti-Stress au safran,test-gratuit,2026-04-01,Direct / autre,naali.fr,,0,0,0,0,Collecter des données
test-gratuit-naali-gummies-anti-stress-safran,Test gratuit Naali : 15 Gummies Anti-Stress au Safran à tester,test-gratuit,2026-03-20,Direct / autre,naali.fr,,0,0,0,0,Collecter des données
test-gratuit-naali-magnesium-dream-gummies-ambassadeur-2026,Test gratuit Naali : le Duo Magnesium + Dream,test-gratuit,2026-03-27,Direct / autre,naali.fr,,0,0,0,0,Collecter des données
test-gratuit-naali-magnesium-dream-gummies-ambassadeurs-avril-2026,"Tests gratuits Naali : Magnésium+, gummies Dream anti-stress",test-gratuit,2026-04-08,Direct / autre,naali.fr,,0,0,0,0,Collecter des données
test-gratuit-nactalia-bio-lait-infantile-2eme-age-consobaby-mai-2026,Test gratuit Nactalia Bio : lait infantile 2ème âge 6-12 mois,test-gratuit,2026-05-11,Direct / autre,consobaby.com,,0,0,0,0,Collecter des données
test-gratuit-nactalia-bio-lait-infantile-3eme-age-baby-test-consobaby-mai-2026,Test gratuit Nactalia Bio : lait infantile 3ème âge,test-gratuit,2026-05-25,Direct / autre,consobaby.com,,0,0,0,0,Collecter des données
test-gratuit-natessance-huile-capillaire-fortifiante-argan-leanature-mai-2026,Test gratuit Natessance : huile capillaire fortifiante argan,test-gratuit,2026-05-11,Direct / autre,leanature.com,,0,0,0,0,Collecter des données
test-gratuit-nestle-kit-kat-barre-chocolat-300000-produits-2026,Test gratuit Kit Kat Nestlé : 300 000 produits à tester,test-gratuit,2026-04-01,Direct / autre,tryandreview.com,,0,0,0,0,Collecter des données
test-gratuit-nivea-derma-skin-clear-gel-nettoyant-free-cosmetic-testing-juillet-2026,Test gratuit Nivea Derma Skin Clear gel nettoyant peaux à imperfections,test-gratuit,2026-07-23,Direct / autre,free-cosmetic-testing.com,,0,0,0,0,Collecter des données
test-gratuit-no-more-beauty-testers-club-nouveautes-2026,Test gratuit No More Beauty : le Testers Club ouvre ses portes,test-gratuit,2026-04-21,Direct / autre,docs.google.com,,0,0,0,0,Collecter des données
test-gratuit-noalee-tee-shirt-allaitement-absorbant-mamadvisor-2026,Test gratuit Noalee : le tee-shirt d'allaitement absorbant anti-fuite,test-gratuit,2026-04-22,Direct / autre,mamadvisor.magicmaman.com,,0,0,0,0,Collecter des données
test-gratuit-nubiance-duo-anti-taches-body-glow-ambassadrice-2026,Test gratuit Nubiance : Duo Anti-Taches Corps ambassadrice,test-gratuit,2026-04-27,Direct / autre,nubiance.fr,,0,0,0,0,Collecter des données
test-gratuit-nubiance-gel-nettoyant-purifiant-ambassadrice-aout-2026,Test gratuit Nubiance Gel Nettoyant Purifiant (campagne ambassadrice),test-gratuit,2026-07-23,Direct / autre,nubiance.fr,,0,0,0,0,Collecter des données
test-gratuit-nuk-tasse-perfect-match-jour-nuit-koala-consobaby-mai-2026,Test gratuit NUK Tasse Perfect Match Jour & Nuit Koala,test-gratuit,2026-05-05,Direct / autre,consobaby.com,,0,0,0,0,Collecter des données
test-gratuit-nuxe-reve-de-miel-creme-mains-ongles-avril-2026,Test gratuit Nuxe Rêve de Miel crème mains et ongles : 8 exemplaires,test-gratuit,2026-04-08,Direct / autre,free-cosmetic-testing.com,,0,0,0,0,Collecter des données
test-gratuit-omum-mon-collagene-cacao-50-testeuses-mai-2026,Test gratuit Omum : 50 femmes recherchées pour tester Mon Collagène Cacao,test-gratuit,2026-05-13,Direct / autre,omum.typeform.com,,0,0,0,0,Collecter des données
test-gratuit-oreiller-cervical-ergonomique-testerdesproduits-2026,Test gratuit : 4 oreillers cervicaux ergonomiques à tester,test-gratuit,2026-07-27,Direct / autre,testerdesproduits.fr,,0,0,0,0,Collecter des données
test-gratuit-outzer-rossignol-vezor-chaussures-trail-3-paires-mai-2026,Test privé Rossignol Vezor : 3 paires de chaussures trail,test-gratuit,2026-05-25,Direct / autre,outzer.fr,,0,0,0,0,Collecter des données
test-gratuit-pampers-harmonie-omy-couches-bebe-mamadvisor-magicmaman-juin-2026,Test gratuit couches Pampers Harmonie x OMY,test-gratuit,2026-06-25,Direct / autre,mamadvisor.magicmaman.com,,0,0,0,0,Collecter des données
test-gratuit-panelconsommateurs-etudes-remunerees-2026,Panel Consommateurs : Participez à des Études Rémunérées 12-15€/h,test-gratuit,2026-03-10,Direct / autre,panelconsommateurs.fr,,0,0,0,0,Collecter des données
test-gratuit-payot-club-testeuses-creme-vitaminee-eclat-2026,Test gratuit Payot : Crème Vitaminée Éclat ou Peeling,test-gratuit,2026-03-18,Direct / autre,payot.com,,0,0,0,0,Collecter des données
test-gratuit-payot-neo-serum-5ml-club-testeuses-mai-2026,Test gratuit Payot Néo-Sérum 5 ml : Club des Testeuses,test-gratuit,2026-05-11,Direct / autre,payot.com,,0,0,0,0,Collecter des données
test-gratuit-peggy-sage-base-coat-chrome-pochoir-nail-art-2026,Test gratuit Peggy Sage : Base coat chrome + Pochoir nail art,test-gratuit,2026-04-25,Direct / autre,peggysage.com,,0,0,0,0,Collecter des données
test-gratuit-peggy-sage-faux-cils-pre-colles-press-on-natural-elegance-mai-2026,Test gratuit Peggy Sage : faux cils précollés Natural Elegance,test-gratuit,2026-05-23,Direct / autre,peggysage.com,,0,0,0,0,Collecter des données
test-gratuit-performe-ambassadeur-spiruline-bleue-unicadoses-mai-2026,Test gratuit Performe : Spiruline Bleue + Unicadoses ambassadeur,test-gratuit,2026-05-04,Direct / autre,performe.co,,0,0,0,0,Collecter des données
test-gratuit-petite-amelie-lit-bebe-bois-hetre-60x120-consobaby-mai-2026,Test gratuit Petite Amélie : lit bébé bois Hêtre 60x120 cm,test-gratuit,2026-05-04,Direct / autre,consobaby.com,,0,0,0,0,Collecter des données
test-gratuit-philips-lumea-ipl-8000-series-bri947-veepee-mai-2026,Test gratuit Philips Lumea IPL 8000 Series : épilateur pulsé,test-gratuit,2026-04-29,Direct / autre,club.veepee.fr,,0,0,0,0,Collecter des données
test-gratuit-plancha-electrique-4-testeurs-testerdesproduits-juillet-2026,Test gratuit plancha électrique : 4 testeurs recherchés,test-gratuit,2026-05-04,Direct / autre,testerdesproduits.fr,,0,0,0,0,Collecter des données
test-gratuit-platinum-alimentation-chien-500-testeurs-trnd-mai-2026,Test gratuit Platinum : 500 chiens reçoivent 24 portions,test-gratuit,2026-05-05,Direct / autre,trnd.com,,0,0,0,0,Collecter des données
test-gratuit-platinum-coffret-decouverte-chien-aliments-secs-2026,Coffret découverte gratuit Platinum pour chien : aliments secs + friandises,test-gratuit,2026-04-23,Direct / autre,platinum.com,,0,0,0,0,Collecter des données
test-gratuit-platinum-meatcrisp-coffret-decouverte-chat-2026,Échantillon gratuit Platinum MeatCrisp : coffret découverte pour chats,test-gratuit,2026-04-23,Direct / autre,platinum.com,,0,0,0,0,Collecter des données
test-gratuit-robe-longue-multipositions-kiabi-community,Test gratuit Kiabi Community : robe longue multipositions,test-gratuit,2026-04-06,Direct / autre,community.kiabi.com,,0,0,0,0,Collecter des données
test-gratuit-rossignol-motion-vest-gilet-hydratation-outzer-mai-2026,Test privé Rossignol Motion Vest : 3 gilets d'hydratation,test-gratuit,2026-04-27,Direct / autre,outzer.fr,,0,0,0,0,Collecter des données
test-gratuit-sac-a-dos-voyage-cabine-40x30x20-tester-des-produits,Test gratuit : sac à dos voyage cabine 40x30x20 cm - 8 exemplaires,test-gratuit,2026-04-06,Direct / autre,testerdesproduits.fr,,0,0,0,0,Collecter des données
test-gratuit-santarome-bio-ambassadeur-complements-2026,Test gratuit Santarome Bio : compléments alimentaires ambassadeur,test-gratuit,2026-03-09,Direct / autre,santarome.fr,,0,0,0,0,Collecter des données
test-gratuit-sanytol-desinfectant-linge-stop-odeurs-sampleo-mai-2026,Test gratuit Sanytol Désinfectant Linge Stop Odeurs (Sampleo),test-gratuit,2026-05-10,Direct / autre,sampleo.com,,0,0,0,0,Collecter des données
test-gratuit-sanytol-lingettes-nouvelle-version-facebook-mai-2026,Test gratuit Sanytol : lingettes nouvelle version (30+ testeurs),test-gratuit,2026-04-30,Direct / autre,facebook.com,,0,0,0,0,Collecter des données
test-gratuit-skin-restore-creme-keratose-pilaire-2026,Test gratuit Skin Restore : la crème kératose pilaire à l'acide lactique 10%,test-gratuit,2026-04-09,Direct / autre,beaute-test.com,,0,0,0,0,Collecter des données
test-gratuit-solcotton-la-delicate-ambassadrice-instagram-mai-2026,Test gratuit SolCotton La Délicate : ambassadrices Instagram,test-gratuit,2026-04-28,Direct / autre,solcotton-ambassadeur.snkt.io,,0,0,0,0,Collecter des données
test-gratuit-solcotton-la-delicate-ambassadrice-tiktok-mai-2026,Test gratuit SolCotton La Délicate : ambassadrices TikTok,test-gratuit,2026-04-28,Direct / autre,solcotton-ambassadeur.snkt.io,,0,0,0,0,Collecter des données
test-gratuit-sophie-la-girafe-parfums-eau-de-soin-doudou-150-testeurs,Test gratuit : eau de soin parfumee + doudou Sophie la Girafe - 150 testeurs,test-gratuit,2026-04-06,Direct / autre,testsproduits.paroledemamans.com,,0,0,0,0,Collecter des données
test-gratuit-speed-bac-jeu-societe-ambiance-testerdesproduits-2026,Test Gratuit Speed Bac : Jeu de Société d'Ambiance,test-gratuit,2026-03-27,Direct / autre,testerdesproduits.fr,,0,0,0,0,Collecter des données
test-gratuit-testconso-panel-sondages-2026,TestConso : Participez à des Sondages Rémunérés et Jusqu'à 100€,test-gratuit,2026-03-10,Direct / autre,testconso.com,,0,0,0,0,Collecter des données
test-gratuit-testezpournous-testeur-produits-2026,Testez Pour Nous : produits gratuits + chèques cadeaux,test-gratuit,2026-03-10,Direct / autre,testezpournous.fr,,0,0,0,0,Collecter des données
test-gratuit-tigex-anneau-dentition-hochet-refrigerant-magicmaman-mai-2026,Test gratuit Tigex : anneau de dentition réfrigérant,test-gratuit,2026-04-29,Direct / autre,mamadvisor.magicmaman.com,,0,0,0,0,Collecter des données
test-gratuit-tondeuse-3-en-1-multifonction-testerdesproduits-2026,Test gratuit tondeuse 3-en-1 multifonction (8 exemplaires),test-gratuit,2026-03-27,Direct / autre,testerdesproduits.fr,,0,0,0,0,Collecter des données
test-gratuit-vichy-dercos-aminexil-regen-booster-anti-chute-sampleo-mai-2026,Test gratuit Vichy Dercos Aminexil R.E.G.E.N. anti-chute,test-gratuit,2026-05-10,Direct / autre,sampleo.com,,0,0,0,0,Collecter des données
test-gratuit-vilmorin-testeur-jardin-graines-2026,Vilmorin : Devenez Testeur et Recevez des Produits de Jardin,test-gratuit,2026-03-10,Direct / autre,vilmorin-jardin.fr,,0,0,0,0,Collecter des données
test-gratuit-vitis-junior-crinex-brosse-dents-enfants-tribu-juillet-2026,Test gratuit Crinex VITIS Junior : brosse à dents enfants,test-gratuit,2026-06-27,Direct / autre,crinex.fr,,0,0,0,0,Collecter des données
test-gratuit-we-love-the-planet-baume-levres-silky-coconut-2026,Test gratuit : Baume à Lèvres We Love The Planet Silky Coconut,test-gratuit,2026-04-22,Direct / autre,free-cosmetic-testing.com,,0,0,0,0,Collecter des données
test-gratuit-wolfang-mini-projecteur-4k-2026,WOLFANG Mini Projecteur 4K : 8 Vidéo-Projecteurs Gratuits,test-gratuit,2026-03-11,Direct / autre,testerdesproduits.fr,,0,0,0,0,Collecter des données
test-gratuit-yale-serrure-connectee-linus-l2-sonnette-video-veepee-2026,Test gratuit Yale : serrure connectée Linus L2 + sonnette vidéo,test-gratuit,2026-03-26,Direct / autre,club.veepee.fr,,0,0,0,0,Collecter des données
test-gratuit-yoplait-skyr-2500-ambassadeurs-sampleo-mai-2026,Test gratuit Yoplait Skyr : 2 500 ambassadeurs sur Sampleo,test-gratuit,2026-05-02,Direct / autre,sampleo.com,,0,0,0,0,Collecter des données
test-gratuit-yves-rocher-baume-levres-color-care-avril-2026,Test gratuit Yves Rocher : baume à lèvres Color + Care teinté,test-gratuit,2026-04-08,Direct / autre,yves-rocher.fr,,0,0,0,0,Collecter des données
test-masque-led-currentbody-avis-photomodulation-2026,Masque LED CurrentBody Skin : test et avis photomodulation,test-avis,2026-07-25,Amazon,Amazon,,0,0,0,0,Collecter des données
test-masque-led-shark-cryoglow-avis-comparatif-2026,Masque LED Shark CryoGlow : notre analyse des tests et avis,test-avis,2026-07-25,Amazon,Amazon,,0,0,0,0,Collecter des données
test-medicube-age-r-booster-pro-avis-apres-utilisation-2026,Medicube Age R Booster Pro,test-gratuit,2026-03-28,Amazon,Amazon,,0,0,0,0,Collecter des données
test-meilleurs-baumes-levres-teintes-selection-avis-2026,Meilleurs baumes à lèvres teintés : sélection et avis après test,comparatif,2026-07-25,Amazon,Amazon,,0,0,0,0,Collecter des données
test-naali-90-magnesium-plus-trustt-2026,Naali : Testez Gratuitement le 90 Magnésium+,test-gratuit,2026-03-16,Direct / autre,app.trustt.io,,0,0,0,0,Collecter des données
test-naali-magnesium-poudre-trustt-2026,Naali : Testez Gratuitement le Magnésium en Poudre,test-gratuit,2026-03-16,Direct / autre,app.trustt.io,,0,0,0,0,Collecter des données
test-prive-black-diamond-strataline-stretch-shell-outzer-mai-2026,Test privé Black Diamond : veste Strataline Stretch Shell,test-gratuit,2026-05-04,Direct / autre,outzer.fr,,0,0,0,0,Collecter des données
test-prive-lowa-explorer-gtx-mid-chaussures-randonnee-outzer-mai-2026,Test privé Outzer : chaussures rando Lowa Explorer GTX Mid,test-gratuit,2026-05-11,Direct / autre,outzer.fr,,0,0,0,0,Collecter des données
test-prive-vaude-scopi-25l-veste-impermeable-outzer-juillet-2026,"Test privé Outzer : 3 vestes Vaude Scopi 2,5L à recevoir et garder",test-gratuit,2026-07-23,Direct / autre,outzer.fr,,0,0,0,0,Collecter des données
test-produit-algologie-soins-marins-2026,Testez les Soins Marins Algologie Pendant 3 Semaines — Gratuit,test-gratuit,2026-03-12,Direct / autre,algologie.com,,0,0,0,0,Collecter des données
test-produit-beaute-test-dr-pierre-ricaud-creme-anti-rides-comblante-juillet-2026,Beauté Test x Dr Pierre Ricaud : 50 testeurs crème anti-rides,test-gratuit,2026-07-07,Direct / autre,beaute-test.com,,0,0,0,0,Collecter des données
test-produit-biolane-huile-amande-douce-bebe-free-cosmetic-testing-juillet-2026,Biolane huile d'amande douce bébé : 10 places à tester,test-gratuit,2026-07-08,Direct / autre,free-cosmetic-testing.com,,0,0,0,0,Collecter des données
test-produit-crinex-tribu-osmoflore-enfants-uve-d3-vitamine-fraise-ambassadeurs-aout-2026,Test gratuit Crinex : duo Osmoflore + UVE D3 enfants,test-gratuit,2026-07-07,Direct / autre,crinex.fr,,0,0,0,0,Collecter des données
test-produit-garnier-good-coloration-trnd-1390-testeurs-juillet-2026,Garnier GOOD coloration sans ammoniaque : 1390 testeurs trnd,test-gratuit,2026-07-07,Direct / autre,trnd.com,,0,0,0,0,Collecter des données
test-produit-gratuit-erborian-creme-barriere-centella-blissim-mai-2026,Test gratuit Erborian Crème barrière Centella (via Blissim),test-gratuit,2026-05-06,Direct / autre,communaute.blissim.fr,,0,0,0,0,Collecter des données
test-produit-gratuit-s-fia-beaute-test-2026,Testez les Produits S-FIA Gratuitement avec Beauté-Test,test-gratuit,2026-03-12,Direct / autre,beaute-test.com,,0,0,0,0,Collecter des données
test-produit-solcotton-ambassadeur-2026,Devenez Ambassadeur Solcotton,test-gratuit,2026-03-12,Direct / autre,solcotton-ambassadeur.snkt.io,,0,0,0,0,Collecter des données
test-produit-table-pique-nique-enfant-3en1-aiyaplay-aosom-mamadvisor-juillet-2026,Table pique-nique enfant Aiyaplay 3-en-1 : test gratuit,test-gratuit,2026-07-08,Direct / autre,mamadvisor.magicmaman.com,,0,0,0,0,Collecter des données
test-produit-yesstyle-glow-up-giveaway-2026,Test gratuit YesStyle Glow Up : soins K-beauty offerts,test-gratuit,2026-05-05,YesStyle,YesStyle,,0,0,0,0,Collecter des données
test-produit-yoto-mini-lecteur-audio-nomade-enfants-mamadvisor-juillet-2026,Yoto Mini : test gratuit du lecteur audio nomade enfants,test-gratuit,2026-07-08,Direct / autre,mamadvisor.magicmaman.com,,0,0,0,0,Collecter des données
test-routine-beaute-printemps-guide-complet-produits-2026,Routine Beauté de Printemps : le guide pour préparer sa peau,test-gratuit,2026-03-28,Direct / autre,fnty.co,,0,0,0,0,Collecter des données
test-twenty-dc-collagene-peau-magnifique-avis-complement-beaute-2026,Test Twenty DC Peau Magnifique : notre avis sur le collagène,test-gratuit,2026-03-28,Direct / autre,lk.gt,,0,0,0,0,Collecter des données
tester-des-produits-creme-pistache-test-gratuit-2026,Test gratuit : crème de pistache à tester (16 exemplaires),test-gratuit,2026-04-04,Direct / autre,testerdesproduits.fr,,0,0,0,0,Collecter des données
tester-des-produits-cure-cheveux-luxeol-test-gratuit-2026,Test Gratuit : Cure Cheveux Luxéol Pousse Croissance et Fortification,test-gratuit,2026-03-23,Direct / autre,testerdesproduits.fr,,0,0,0,0,Collecter des données
tester-des-produits-dentifrice-blanchissant-marvis-test-gratuit-2026,Test Gratuit : Dentifrice Blanchissant Marvis,test-gratuit,2026-03-23,Direct / autre,testerdesproduits.fr,,0,0,0,0,Collecter des données
tester-des-produits-fr-guide,TesterDesProduits.fr : Testez des Produits et Soyez Récompensée,test-gratuit,2026-03-02,Direct / autre,testerdesproduits.fr,,0,0,0,0,Collecter des données
tester-des-produits-tondeuse-3-en-1-multifonction-test-gratuit-2026,Test Gratuit Tondeuse 3 en 1 Multifonction : 8 Exemplaires a Tester,test-gratuit,2026-03-30,Direct / autre,testerdesproduits.fr,,0,0,0,0,Collecter des données
thalgo-cosmetiques-marins-avis-test-1-mois-verdict,Thalgo cosmétiques marins : notre verdict après 1 mois,beaute,2026-04-04,Direct / autre,lk.gt,,0,0,0,0,Collecter des données
the-ordinary-avis-test-serums-nettoyant-routine-2026,The Ordinary : On a Testé 3 Produits Stars de la Marque,test-gratuit,2026-04-05,Amazon,Amazon,,0,0,0,0,Collecter des données
theinsiders-reseau-test-produit-bouche-a-oreille-gratuit,The Insiders : testez des produits gratuits (ambassadeur marques),test-gratuit,2026-03-03,Direct / autre,theinsidersnet.com,,0,0,0,0,Collecter des données
thermobaby-reducteur-toilettes-kiddyloo-15-euros-promo-amazon-avril-2026,"Thermobaby Réducteur Toilettes Kiddyloo à 15,50€ au lieu de 21,50€ (-28%)",bon-plan,2026-04-21,Amazon,Amazon,,0,0,0,0,Collecter des données
thermobaby-rehausseur-chaise-2-en-1-22-euros-promo-amazon-avril-2026,"Thermobaby Rehausseur de Chaise 2 en 1 à 22,10€ au lieu de 54,90€ (-60%)",bon-plan,2026-04-21,Amazon,Amazon,,0,0,0,0,Collecter des données
timberland-jusqu-a-55-pourcent-chaussures-boots-printemps-2026,Timberland : Jusqu'a -55% sur les Chaussures et Boots (Expedition 72h),bon-plan,2026-03-27,Direct / autre,lk.gt,,0,0,0,0,Collecter des données
tonies-selection-20-pourcent-code-tonies20-cdiscount-promo-2026,Selection Tonies -20% des 60€ avec le Code TONIES20 sur Cdiscount,bon-plan,2026-07-02,Awin,tidd.ly,,0,0,0,0,Collecter des données
top-10-bons-plans-bebe-2026-incontournables-puericulture,Top 10 bons plans bébé 2026 : les incontournables de puériculture,bon-plan,2026-07-21,Interne,bonsplansmania.fr,,0,0,0,0,Collecter des données
top-10-meilleurs-coffrets-box-cadeaux-en-ligne-2026,Top 10 des meilleurs coffrets cadeaux & box beauté en ligne 2026,test-avis,2026-07-13,Direct / autre,lk.gt,,0,0,0,0,Collecter des données
top-10-meilleurs-sites-bijoux-montres-en-ligne-2026,Top 10 des meilleurs sites de bijoux et montres en ligne 2026,test-avis,2026-07-12,Direct / autre,action.metaffiliation.com,,0,0,0,0,Collecter des données
top-10-meilleurs-sites-bio-naturel-en-ligne-2026,Top 10 des meilleurs sites bio et naturel en ligne 2026,comparatif,2026-07-16,Direct / autre,ryt.leanature.com,,0,0,0,0,Collecter des données
top-10-meilleurs-sites-chaussures-femme-homme-en-ligne-2026,Top 10 des meilleurs sites de chaussures en ligne 2026,test-avis,2026-07-15,Direct / autre,action.metaffiliation.com,,0,0,0,0,Collecter des données
top-10-meilleurs-sites-complements-alimentaires-en-ligne-2026,Top 10 des meilleurs sites de compléments alimentaires en ligne 2026,test-avis,2026-07-13,Amazon,Amazon,,0,0,0,0,Collecter des données
top-10-meilleurs-sites-electromenager-en-ligne-2026,Top 10 des meilleurs sites d'électroménager en ligne 2026,test-avis,2026-07-13,Awin,awin1.com,,0,0,0,0,Collecter des données
top-10-meilleurs-sites-high-tech-gaming-en-ligne-2026,Top 10 des meilleurs sites de high-tech et gaming en ligne 2026,test-avis,2026-07-11,Awin,awin1.com,,0,0,0,0,Collecter des données
top-10-meilleurs-sites-k-beauty-cosmetiques-coreens-en-ligne-2026,Top 10 des meilleurs sites de K-beauty en ligne 2026,comparatif,2026-07-15,Awin,tidd.ly,,0,0,0,0,Collecter des données
top-10-meilleurs-sites-mode-femme-en-ligne-2026,Top 10 des meilleurs sites de mode femme en ligne 2026,test-avis,2026-07-14,Effiliation,track.effiliation.com,,0,0,0,0,Collecter des données
top-10-meilleurs-sites-parapharmacie-en-ligne-2026,Top 10 des meilleurs sites de parapharmacie en ligne 2026,comparatif,2026-07-13,Direct / autre,nwq.atida.fr,,0,0,0,0,Collecter des données
top-10-meilleurs-sites-parfums-en-ligne-2026,Top 10 des meilleurs sites de parfums en ligne 2026,comparatif,2026-07-14,Tradedoubler,clk.tradedoubler.com,,0,0,0,0,Collecter des données
top-10-meilleurs-sites-puericulture-bebe-en-ligne-2026,Top 10 des meilleurs sites de puériculture & bébé en ligne 2026,test-avis,2026-07-13,Amazon,Amazon,,0,0,0,0,Collecter des données
top-10-meilleurs-sites-velo-outdoor-en-ligne-2026,Top 10 des meilleurs sites de vélo et outdoor en ligne 2026,test-avis,2026-07-13,TimeOne / Public Idées,tracking.publicidees.com,,0,0,0,0,Collecter des données
top-15-idees-cadeaux-fete-des-meres-2026-originaux-abordables,Top 15 idées cadeaux Fête des Mères 2026 : originaux et abordables,bon-plan,2026-04-22,Interne,bonsplansmania.fr,,0,0,0,0,Collecter des données
top-20-bons-plans-amazon-beaute-bebe-avril-2026,"Top 20 bons plans Amazon avril 2026 : beauté, bébé, maison",bon-plan,2026-04-22,Interne,bonsplansmania.fr,,0,0,0,0,Collecter des données
toputure-velo-appartement-ecran-lcd-app-silencieux-amazon-promo-2026,"TOPUTURE Vélo d'Appartement : Écran LCD + App à 197,19€ au Lieu de 329,99€ (-40%)",bon-plan,2026-04-02,Amazon,Amazon,,0,0,0,0,Collecter des données
tractive-gps-chien-collier-connecte-edition-2025-53-89-euros-amazon-moins-30-pourcent,"Tractive GPS Chien Collier Connecte Edition 2025 : 53,89€ (-30%)",bon-plan,2026-07-22,Amazon,Amazon,,0,0,0,0,Collecter des données
tribu-crinex-ambassadeur-tests-produits,Test gratuit La Tribu Crinex : Produits de Soin en Famille,test-gratuit,2026-03-03,Direct / autre,crinex.fr,,0,0,0,0,Collecter des données
tristar-table-grill-slim-plancha-23-euros-promo-amazon-avril-2026,"Plancha Tristar Table Grill Slim à 21,99€ au lieu de 34,09€ (-35%)",bon-plan,2026-07-13,Amazon,Amazon,,0,0,0,0,Collecter des données
trnd-projets-test-produit-gratuit,Trnd : Testez des Produits de Grandes Marques Gratuitement,test-gratuit,2026-03-02,Direct / autre,trnd.com,,0,0,0,0,Collecter des données
tryandreview-aveeno-calm-restore-gel-hydratant-test-gratuit-2026,"Test Gratuit : Aveeno Calm+Restore Gel Hydratant (Valeur 24,99€)",test-gratuit,2026-03-23,Direct / autre,tryandreview.com,,0,0,0,0,Collecter des données
tryandreview-herbal-pharm-savon-alep-test-gratuit-2026,Test Gratuit : Savon d'Alep Herbal Pharm à l'Huile de Laurier,test-gratuit,2026-03-23,Direct / autre,tryandreview.com,,0,0,0,0,Collecter des données
tryandreview-pier-auge-soins-iconiques-test-gratuit-2026,Test Gratuit : Soins Iconiques Pier Augé,test-gratuit,2026-03-23,Direct / autre,tryandreview.com,,0,0,0,0,Collecter des données
tryandreview-tester-produits-gratuits-avis,Try and Review : Testez 30 000 Produits Gratuits et Donnez Votre Avis,test-gratuit,2026-03-03,Direct / autre,tryandreview.com,,0,0,0,0,Collecter des données
tuto-maquillage-effet-bonne-mine-printemps-2026,Effet bonne mine sans avoir l'air maquillée : mes 6 étapes,beaute,2026-07-25,Direct / autre,fnty.co,,0,0,0,0,Collecter des données
twentydc-collagene-marin-complement-beaute-france,Twenty DC : codes promo & collagène marin 2026,code-promo,2026-06-25,Direct / autre,lk.gt,,0,0,0,0,Collecter des données
twowin-tete-mannequin-coiffure-29-pouces-kit-tressage-amazon-promo-2026,"TwoWin Tete Mannequin Coiffure 29 Pouces + Kit Tressage : 22,70€ (-44%)",bon-plan,2026-04-02,Amazon,Amazon,,0,0,0,0,Collecter des données
twowin-tete-mannequin-coiffure-cheveux-naturels-kit-tressage-promo-amazon-2026,"Tête mannequin coiffure TwoWin 80% cheveux naturels à -31% sur Amazon : 31,84€",bon-plan,2026-04-08,Amazon,Amazon,,0,0,0,0,Collecter des données
ubishaker-secret-word-jeu-concours-2026,Ubishaker Jeu Concours Secret Word : des cadeaux gratuitement,concours,2026-03-05,Direct / autre,ubishaker.com,,0,0,0,0,Collecter des données
ubisoft-shaker-jeu-concours-2026,Kverneland : Jeu Concours Gratuit,concours,2026-03-15,Direct / autre,ubishaker.com,,0,0,0,0,Collecter des données
ubpet-xxxl-litiere-autonettoyante-chat-106l-amazon-promo-2026,"UBPET XXXL : Litière Autonettoyante 106L pour Chats à 398,99€ au Lieu de 499€ (-20%)",bon-plan,2026-04-02,Amazon,Amazon,,0,0,0,0,Collecter des données
ukexe-chauffe-biberon-nomade-portable-51-euros-promo-amazon-avril-2026,"Chauffe-Biberon Nomade UKEXE 385 ml à 44,09€ au lieu de 59,99€ (-27%)",bon-plan,2026-07-21,Amazon,Amazon,,0,0,0,0,Collecter des données
ukliss-seche-cheveux-brushing-air-styler-5-en-1-amazon-promo-2026,"UKLISS Seche Cheveux Brushing Air Styler 5 en 1 : 29,99€ (-63%)",bon-plan,2026-07-07,Amazon,Amazon,,0,0,0,0,Collecter des données
ukliss-seche-cheveux-brushing-air-styler-5en1-39-99-euros-amazon-moins-50-pourcent,"UKLISS Air Styler 5-en-1 à 29,99 € au lieu de 79,99 € (-62 %)",bon-plan,2026-07-10,Amazon,Amazon,,0,0,0,0,Collecter des données
ulike-air-3-epilateur-lumiere-pulsee-moins-300-euros-avis-test,Ulike Air 3 : épilateur lumière pulsée à moins de 300 € (testé),test-avis,2026-07-25,Amazon,Amazon,,0,0,0,0,Collecter des données
ultra-premium-direct-chasse-oeufs-paques-roue-100-pourcent-gagnante-croquettes,"Ultra Premium Direct : chasse aux oeufs de Pâques, roue 100% gagnante jusqu'à 100€ de croquettes",bon-plan,2026-04-05,Direct / autre,ultrapremiumdirect.com,,0,0,0,0,Collecter des données
unicorn-academy-sophia-wildstar-licorne-poupee-amazon-promo-2026,"Unicorn Academy Sophia et Wildstar : Poupée + Licorne à 10,99€ au Lieu de 19,99€ (-45%)",bon-plan,2026-04-02,Amazon,Amazon,,0,0,0,0,Collecter des données
urgo-test-gratuit-gamme-anti-imperfections-sampleo-juin-2026,Boutons et acné : URGO offre 260 routines anti-imperfections,test-gratuit,2026-06-04,Direct / autre,sampleo.com,,0,0,0,0,Collecter des données
uriage-solaires-perfumes-club-moins-25-pourcent-juillet-2026,Uriage solaires -25 % supp. sur Perfumes Club (jusqu'au 31/07),code-promo,2026-07-22,Tradedoubler,clk.tradedoubler.com,,0,0,0,0,Collecter des données
vampires-emberbury-integrale-saga-eva-alton-kindle-5-euros-moins-50-pourcent,Les Vampires d'Emberbury Integrale (4 tomes) Kindle : 5€ (-50%),bon-plan,2026-04-15,Amazon,Amazon,,0,0,0,0,Collecter des données
vaseline-baume-levres-pot-best-seller-avis-2026,Pourquoi ce baume à lèvres à 150 ans bat encore tous les autres,test-avis,2026-07-25,Amazon,Amazon,,0,0,0,0,Collecter des données
veepee-ventes-flash-mode-mars-2026,Ventes Flash Mode & Maison sur Veepee — Marques Premium jusqu'à -70%,bon-plan,2026-03-12,Direct / autre,veepee.fr,,0,0,0,0,Collecter des données
veepee-ventes-privees-mode-maison-2026,"Avis Veepee 2026 : ventes privées jusqu'à -80% sur 7000 marques (mode, maison, sport, voyage, beauté, gastronomie) — nouvelles ventes 7h & 19h chaque jour",bon-plan,2026-05-05,Direct / autre,veepee.fr,,0,0,0,0,Collecter des données
veepee-vins-epicerie-maison-2026,"Vins, Épicerie & Art de Vivre en Vente Privée sur Veepee 2026",bon-plan,2026-03-12,Direct / autre,veepee.fr,,0,0,0,0,Collecter des données
veet-men-kit-epilation-parties-intimes-creme-depilatoire-amazon-promo-2026,"Veet Men Total Pro kit épilation intimes à 6,39 € (-36 %)",bon-plan,2026-07-10,Amazon,Amazon,,0,0,0,0,Collecter des données
ventes-flash-printemps-2026-aspirateurs-amazon,Ventes Flash Printemps 2026 : aspirateurs et robots ménagers en promo sur Amazon,bon-plan,2026-03-12,Amazon,Amazon,,0,0,0,0,Collecter des données
ventes-flash-printemps-2026-barres-energetiques-amazon,Barres énergétiques et snacks sport en promo — Ventes Flash Printemps Amazon 2026,bon-plan,2026-03-12,Amazon,Amazon,,0,0,0,0,Collecter des données
ventes-flash-printemps-2026-biscuits-gateau-amazon,Biscuits et gâteaux premium en promo — Ventes Flash Printemps Amazon 2026,bon-plan,2026-03-12,Amazon,Amazon,,0,0,0,0,Collecter des données
ventes-flash-printemps-2026-boissons-energetiques-amazon,Boissons énergétiques et sodas en promo — Ventes Flash Printemps Amazon 2026,bon-plan,2026-03-12,Amazon,Amazon,,0,0,0,0,Collecter des données
ventes-flash-printemps-2026-cafe-capsules-amazon,Café en capsules en promo — Ventes Flash Printemps Amazon 2026,bon-plan,2026-03-12,Amazon,Amazon,,0,0,0,0,Collecter des données
ventes-flash-printemps-2026-cafe-moulu-amazon,Café moulu et café en grains premium en promo — Ventes Flash Printemps Amazon 2026,bon-plan,2026-03-12,Amazon,Amazon,,0,0,0,0,Collecter des données
ventes-flash-printemps-2026-cereales-bio-amazon,Céréales et muesli bio en promo — Ventes Flash Printemps Amazon 2026,bon-plan,2026-03-12,Amazon,Amazon,,0,0,0,0,Collecter des données
ventes-flash-printemps-2026-chips-apero-amazon,"Chips, apéro et biscuits salés en promo — Ventes Flash Printemps Amazon 2026",bon-plan,2026-03-12,Amazon,Amazon,,0,0,0,0,Collecter des données
ventes-flash-printemps-2026-chocolat-amazon,Chocolat noir et tablettes premium en promo — Ventes Flash Printemps Amazon 2026,bon-plan,2026-03-12,Amazon,Amazon,,0,0,0,0,Collecter des données
ventes-flash-printemps-2026-coffrets-beaute-amazon,Ventes Flash Printemps 2026 : coffrets beauté en promo sur Amazon,bon-plan,2026-03-12,Amazon,Amazon,,0,0,0,0,Collecter des données
ventes-flash-printemps-2026-conserves-amazon,"Conserves (thon, sardines, légumes) en promo — Ventes Flash Printemps Amazon 2026",bon-plan,2026-03-12,Amazon,Amazon,,0,0,0,0,Collecter des données
ventes-flash-printemps-2026-cremes-hydratantes-amazon,Ventes Flash Printemps 2026 : crèmes hydratantes visage et corps en promo,bon-plan,2026-03-12,Amazon,Amazon,,0,0,0,0,Collecter des données
ventes-flash-printemps-2026-cuisine-amazon,Ventes Flash Printemps 2026 : appareils cuisine et électroménager en promo sur Amazon,bon-plan,2026-03-12,Amazon,Amazon,,0,0,0,0,Collecter des données
ventes-flash-printemps-2026-epices-condiments-amazon,"Épices, condiments et sauces en promo — Ventes Flash Printemps Amazon 2026",bon-plan,2026-03-12,Amazon,Amazon,,0,0,0,0,Collecter des données
ventes-flash-printemps-2026-fruits-secs-amazon,Fruits secs et oléagineux en promo — Ventes Flash Printemps Amazon 2026,bon-plan,2026-03-12,Amazon,Amazon,,0,0,0,0,Collecter des données
ventes-flash-printemps-2026-huile-olive-amazon,Huile d'olive et huiles alimentaires en promo — Ventes Flash Printemps Amazon 2026,bon-plan,2026-03-12,Amazon,Amazon,,0,0,0,0,Collecter des données
ventes-flash-printemps-2026-hygiene-soins-amazon,Ventes Flash Printemps 2026 : hygiène et soins quotidiens en promo sur Amazon,bon-plan,2026-03-12,Amazon,Amazon,,0,0,0,0,Collecter des données
ventes-flash-printemps-2026-jardin-exterieur-amazon,Ventes Flash Printemps 2026 : jardin et extérieur en promo sur Amazon,bon-plan,2026-03-12,Amazon,Amazon,,0,0,0,0,Collecter des données
ventes-flash-printemps-2026-jouets-enfants-amazon,Ventes Flash Printemps 2026 : jouets et jeux enfants en promo sur Amazon,bon-plan,2026-03-12,Amazon,Amazon,,0,0,0,0,Collecter des données
ventes-flash-printemps-2026-literie-amazon,Ventes Flash Printemps 2026 : literie et linge de maison en promo sur Amazon,bon-plan,2026-03-12,Amazon,Amazon,,0,0,0,0,Collecter des données
ventes-flash-printemps-2026-maison-decoration-amazon,Ventes Flash Printemps 2026 : maison et décoration intérieure en promo sur Amazon,bon-plan,2026-03-12,Amazon,Amazon,,0,0,0,0,Collecter des données
ventes-flash-printemps-2026-maquillage-amazon,Ventes Flash Printemps 2026 : maquillage en promo sur Amazon,bon-plan,2026-03-12,Amazon,Amazon,,0,0,0,0,Collecter des données
ventes-flash-printemps-2026-miel-confiture-amazon,"Miel, confitures et pâtes à tartiner en promo — Ventes Flash Printemps Amazon 2026",bon-plan,2026-03-12,Amazon,Amazon,,0,0,0,0,Collecter des données
ventes-flash-printemps-2026-mode-vetements-amazon,Ventes Flash Printemps 2026 : mode et vêtements printemps en promo sur Amazon,bon-plan,2026-03-12,Amazon,Amazon,,0,0,0,0,Collecter des données
ventes-flash-printemps-2026-parfums-femme-amazon,Ventes Flash Printemps 2026 : parfums femme en promo sur Amazon,bon-plan,2026-03-12,Amazon,Amazon,,0,0,0,0,Collecter des données
ventes-flash-printemps-2026-pates-riz-amazon,"Pâtes, riz et féculents premium en promo — Ventes Flash Printemps Amazon 2026",bon-plan,2026-03-12,Amazon,Amazon,,0,0,0,0,Collecter des données
ventes-flash-printemps-2026-produits-asiatiques-amazon,Produits asiatiques en promo — Ventes Flash Printemps Amazon 2026,bon-plan,2026-03-12,Amazon,Amazon,,0,0,0,0,Collecter des données
ventes-flash-printemps-2026-produits-sans-gluten-amazon,Produits sans gluten en promo — Ventes Flash Printemps Amazon 2026,bon-plan,2026-03-12,Amazon,Amazon,,0,0,0,0,Collecter des données
ventes-flash-printemps-2026-protection-solaire-amazon,Ventes Flash Printemps 2026 : crèmes solaires et protection UV en promo sur Amazon,bon-plan,2026-03-12,Amazon,Amazon,,0,0,0,0,Collecter des données
ventes-flash-printemps-2026-proteines-complement-amazon,Protéines et compléments sportifs en promo — Ventes Flash Printemps Amazon 2026,bon-plan,2026-03-12,Amazon,Amazon,,0,0,0,0,Collecter des données
ventes-flash-printemps-2026-rangement-amazon,Ventes Flash Printemps 2026 : rangement et organisation maison en promo sur Amazon,bon-plan,2026-03-12,Amazon,Amazon,,0,0,0,0,Collecter des données
ventes-flash-printemps-2026-snacks-healthy-amazon,Snacks healthy et sans sucre en promo — Ventes Flash Printemps Amazon 2026,bon-plan,2026-03-12,Amazon,Amazon,,0,0,0,0,Collecter des données
ventes-flash-printemps-2026-soins-cheveux-amazon,Ventes Flash Printemps 2026 : soins cheveux en promo sur Amazon,bon-plan,2026-03-12,Amazon,Amazon,,0,0,0,0,Collecter des données
ventes-flash-printemps-2026-soins-corps-amazon,"Ventes Flash Printemps 2026 : soins corps (gommages, huiles, lotions) en promo",bon-plan,2026-03-12,Amazon,Amazon,,0,0,0,0,Collecter des données
ventes-flash-printemps-2026-soins-ongles-amazon,Ventes Flash Printemps 2026 : vernis et soins ongles en promo sur Amazon,bon-plan,2026-03-12,Amazon,Amazon,,0,0,0,0,Collecter des données
ventes-flash-printemps-2026-soins-visage-amazon,Ventes Flash Printemps 2026 : les meilleurs soins visage en promo sur Amazon,bon-plan,2026-03-12,Amazon,Amazon,,0,0,0,0,Collecter des données
ventes-flash-printemps-2026-sport-fitness-amazon,Ventes Flash Printemps 2026 : sport et fitness en promo sur Amazon,bon-plan,2026-03-12,Amazon,Amazon,,0,0,0,0,Collecter des données
ventes-flash-printemps-2026-superfoods-amazon,Superfoods en promo — Ventes Flash Printemps Amazon 2026,bon-plan,2026-03-12,Amazon,Amazon,,0,0,0,0,Collecter des données
ventes-flash-printemps-2026-tech-amazon,Ventes Flash Printemps 2026 : tech et high-tech en promo sur Amazon,bon-plan,2026-03-12,Amazon,Amazon,,0,0,0,0,Collecter des données
ventes-flash-printemps-2026-the-infusion-amazon,Thé et infusions en promo — Ventes Flash Printemps Amazon 2026,bon-plan,2026-03-12,Amazon,Amazon,,0,0,0,0,Collecter des données
verslife-z8-aspirateur-balai-sans-fil-40kpa-78-99-euros-amazon-moins-34-pourcent,"VersLife Z8 Aspirateur Balai Sans Fil 40Kpa 500W : 78,99€ (-34%)",bon-plan,2026-04-15,Amazon,Amazon,,0,0,0,0,Collecter des données
vertbaudet-gigoteuse-polaire-microfibre-promo-amazon-mars-2026,Vertbaudet Gigoteuse Polaire Microfibre à -55% sur Amazon,bon-plan,2026-07-07,Amazon,Amazon,,0,0,0,0,Collecter des données
vicloon-kit-goupillons-biberons-3-en-1-9-79-euros-amazon-moins-37-pourcent,"Vicloon Kit Goupillons Biberons 3 en 1 : 9,79€ (-37%)",bon-plan,2026-04-16,Amazon,Amazon,,0,0,0,0,Collecter des données
vidaxl-poussette-double-jumeaux-rouge-noir-avril-2026,VidaXL : poussette double pour jumeaux rouge et noir — bon plan,bon-plan,2026-04-22,TimeOne / Public Idées,a.time1.me,,0,0,0,0,Collecter des données
villeroy-boch-jeu-concours-vaisselle-2026,Concours Villeroy & Boch : Gagnez de la Vaisselle et Déco Premium,concours,2026-03-12,Direct / autre,villeroy-boch.fr,,0,0,0,0,Collecter des données
vivonu-magnesium-bisglycinate-8-en-1-90-gelules-9-99-euros-amazon-moins-50-pourcent,"VivoNu Magnesium Bisglycinate 8 en 1 (90 gelules) : 9,99€ (-50%)",bon-plan,2026-04-16,Amazon,Amazon,,0,0,0,0,Collecter des données
voici-jeux-concours-magazine-2026,"Concours Voici : séjour hôtel 1 500 €, tablettes, places ciné",concours,2026-03-05,Direct / autre,jeux.voici.fr,,0,0,0,0,Collecter des données
voyance-pendule-selene-questions-reponses-email-5-euros,Sélène Voyance — Consultation Pendule par Email dès 2€ : Réponse en 2 à 6 Heures,bon-plan,2026-03-04,Direct / autre,voyance-pendule.fr,,0,0,0,0,Collecter des données
vtech-super-chariot-interactif-multi-activites-promo-amazon-2026,"VTech Super Chariot Interactif Multi-Activités à -38% sur Amazon : 24,99€",bon-plan,2026-04-08,Amazon,Amazon,,0,0,0,0,Collecter des données
vulli-fanfan-faon-coffret-doudou-naissance-20-euros-promo-amazon-avril-2026,"Vulli Fanfan Le Faon : coffret naissance doudou à 19,24€",bon-plan,2026-07-13,Amazon,Amazon,,0,0,0,0,Collecter des données
wagner-aquastorm-premium-nettoyeur-haute-pression-promo-amazon-2026,"Wagner Aquastorm Premium nettoyeur haute pression à -30% sur Amazon : 159,99€",bon-plan,2026-04-08,Amazon,Amazon,,0,0,0,0,Collecter des données
wamiz-jeu-paques-100-euros-amazon-mars-2026,Jeu Concours Wamiz Pâques : 100€ Amazon à gagner (mars 2026),concours,2026-03-18,Direct / autre,wamiz.com,,0,0,0,0,Collecter des données
wattwiller-jeu-concours-eau-minerale-2026,"Wattwiller Jeu Concours : Séjours spa, cartes cadeaux et coffrets",concours,2026-03-05,Direct / autre,jeu.wattwiller.com,,0,0,0,0,Collecter des données
whiskas-echantillon-gratuit-chaton-nourriture,Whiskas : Recevez un Échantillon Gratuit de Nourriture pour Votre Chaton,test-gratuit,2026-03-03,Direct / autre,whiskas.fr,,0,0,0,0,Collecter des données
wild-deodorant-naturel-rechargeable-avis-test-complet,Déodorant Wild rechargeable : notre avis après 1 mois,test-avis,2026-07-25,Amazon,Amazon,,0,0,0,0,Collecter des données
wonderbox-testeur-de-reves-experiences-gratuites,Wonderbox Testeur de Rêves : 10 candidats sélectionnés par session,test-gratuit,2026-07-13,Direct / autre,wonderbox.fr,,0,0,0,0,Collecter des données
worx-tondeuse-gazon-brushless-80v-wg761e-599-99-euros-amazon-moins-33-pourcent,"Tondeuse sans fil WORX 80V WG761E à 599,99€ au lieu de 899,99€ (-33%)",bon-plan,2026-04-06,Amazon,Amazon,,0,0,0,0,Collecter des données
yaheetech-lit-simple-metal-90x190-45-99-euros-amazon-moins-8-pourcent,"Cadre de lit métal Yaheetech 90x190 cm à 45,99€ au lieu de 49,75€ (-8%)",bon-plan,2026-04-06,Amazon,Amazon,,0,0,0,0,Collecter des données
yesstyle-anti-age-kbeauty-collagene-retinol-2026,"YesStyle Anti-Âge K-Beauty : 5 Soins Collagène, Rétinol et Peptides dès 13€",bon-plan,2026-03-10,YesStyle,YesStyle,,0,0,0,0,Collecter des données
yesstyle-anua-birch-serum-hydratant-2026,YesStyle : Anua Birch 70% Moisture Boosting Serum — Le Sérum Hydratant Viral,bon-plan,2026-07-08,YesStyle,YesStyle,,0,0,0,0,Collecter des données
yesstyle-banila-co-clean-it-zero-2026,YesStyle : Banila Co Clean It Zero — Le Baume Démaquillant N°1 en Corée,bon-plan,2026-03-14,YesStyle,YesStyle,,0,0,0,0,Collecter des données
yesstyle-beauty-joseon-glow-serum-promo-2026,Beauty of Joseon Glow Serum : -30% sur YesStyle,bon-plan,2026-07-08,Awin,tidd.ly,,0,0,0,0,Collecter des données
yesstyle-beauty-of-joseon-2026,Beauty of Joseon -30% à -50% sur YesStyle printemps 2026 : les soins coréens ancestraux en promo,bon-plan,2026-03-12,YesStyle,YesStyle,,0,0,0,0,Collecter des données
yesstyle-beplain-cicaful-ampoule-promo-2026,beplain Cicaful Ampoule : -36% sur YesStyle,bon-plan,2026-07-08,Awin,tidd.ly,,0,0,0,0,Collecter des données
yesstyle-bring-green-tea-tree-cream-promo-2026,BRING GREEN Tea Tree Cica Soothing Cream : -50% sur YesStyle,bon-plan,2026-07-08,Awin,tidd.ly,,0,0,0,0,Collecter des données
yesstyle-centellian24-madeca-cream-promo-2026,Centellian24 Madeca Cream : -30% sur YesStyle,bon-plan,2026-03-16,Awin,tidd.ly,,0,0,0,0,Collecter des données
yesstyle-coffrets-decouverte-kbeauty-starter-kit-2026,YesStyle Coffrets Découverte K-Beauty : 5 Kits pour Débuter dès 10€,bon-plan,2026-03-11,YesStyle,YesStyle,,0,0,0,0,Collecter des données
yesstyle-cosrx-promo-printemps-2026,COSRX -30% à -50% sur YesStyle printemps 2026 : les best-sellers K-beauty en promo,bon-plan,2026-03-12,YesStyle,YesStyle,,0,0,0,0,Collecter des données
yesstyle-cremes-solaires-kbeauty-spf50-2026,YesStyle Crèmes Solaires K-Beauty : 5 SPF50+ Légères et Invisibles dès 9€,bon-plan,2026-03-10,YesStyle,YesStyle,,0,0,0,0,Collecter des données
yesstyle-etude-soonjung-toner-2026,YesStyle : Etude SoonJung pH 5.5 Relief Toner — Toner Doux Peaux Sensibles,bon-plan,2026-07-08,YesStyle,YesStyle,,0,0,0,0,Collecter des données
yesstyle-hince-radiance-balm-promo-2026,hince True Dimension Radiance Balm : -30% sur YesStyle,bon-plan,2026-07-08,Awin,tidd.ly,,0,0,0,0,Collecter des données
yesstyle-innisfree-green-tea-serum-2026,YesStyle : Innisfree Green Tea Seed Serum — Hydratation au Thé Vert de Jeju,bon-plan,2026-03-14,YesStyle,YesStyle,,0,0,0,0,Collecter des données
yesstyle-isntree-exfoliant-promo-2026,Isntree Gentle Exfoliant -50% sur YesStyle printemps 2026 : peau lissée sans irritation,bon-plan,2026-03-12,YesStyle,YesStyle,,0,0,0,0,Collecter des données
yesstyle-isntree-hyaluronic-sun-gel-promo-2026,Isntree Hyaluronic Acid Watery Sun Gel : -50% sur YesStyle,bon-plan,2026-03-16,Awin,tidd.ly,,0,0,0,0,Collecter des données
yesstyle-iunik-centella-gel-cream-2026,YesStyle : iUNIK Centella Calming Gel Cream — Hydratation Légère pour l'Été,bon-plan,2026-07-08,YesStyle,YesStyle,,0,0,0,0,Collecter des données
yesstyle-laneige-promo-2026,LANEIGE -30% à -50% sur YesStyle printemps 2026 : Water Sleeping Mask et Lip Sleeping Mask en promo,bon-plan,2026-03-12,YesStyle,YesStyle,,0,0,0,0,Collecter des données
yesstyle-mary-may-hydratation-2026,Mary&May Intense Hydratation -50% sur YesStyle printemps 2026,bon-plan,2026-03-12,YesStyle,YesStyle,,0,0,0,0,Collecter des données
yesstyle-mary-may-idebenone-serum-promo-2026,Mary&May Idebenone Blackberry Serum : -50% sur YesStyle,bon-plan,2026-03-16,Awin,tidd.ly,,0,0,0,0,Collecter des données
yesstyle-nettoyants-double-nettoyage-kbeauty-2026,YesStyle Double Nettoyage K-Beauty : 5 Nettoyants Coréens dès 8€,bon-plan,2026-03-11,YesStyle,YesStyle,,0,0,0,0,Collecter des données
yesstyle-numbuzin-anti-pores-promo-2026,Numbuzin Anti-Pores -40% sur YesStyle printemps 2026 : le soin pores parfait,bon-plan,2026-03-12,YesStyle,YesStyle,,0,0,0,0,Collecter des données
yesstyle-numbuzin-no3-serum-promo-2026,numbuzin No.3 Skin Softening Serum : -40% sur YesStyle,bon-plan,2026-03-16,Awin,tidd.ly,,0,0,0,0,Collecter des données
yesstyle-romand-juicy-lasting-tint-2026,YesStyle : rom&nd Juicy Lasting Tint — Le Lip Tint Coréen Culte,bon-plan,2026-03-14,YesStyle,YesStyle,,0,0,0,0,Collecter des données
yesstyle-round-lab-birch-cream-promo-2026,ROUND LAB Birch Juice Moisturizing Cream : -40% sur YesStyle,bon-plan,2026-07-08,Awin,tidd.ly,,0,0,0,0,Collecter des données
yesstyle-routine-anti-acne-kbeauty-2026,YesStyle Routine Anti-Acné K-Beauty : 5 Produits Efficaces dès 5€,bon-plan,2026-03-10,YesStyle,YesStyle,,0,0,0,0,Collecter des données
yesstyle-serums-tendance-pdrn-niacinamide-vitc-2026,"YesStyle Sérums K-Beauty : PDRN, Niacinamide, Vitamine C — Les 5 Actifs Tendance 2026",bon-plan,2026-03-10,YesStyle,YesStyle,,0,0,0,0,Collecter des données
yesstyle-skin1004-centella-ampoule-2026,YesStyle : Skin1004 Madagascar Centella Ampoule — Soin Apaisant Concentré,bon-plan,2026-07-08,YesStyle,YesStyle,,0,0,0,0,Collecter des données
yesstyle-soins-corps-kbeauty-lotion-gommage-2026,"YesStyle Soins Corps K-Beauty : Lotions, Gommages et Douche Coréens dès 8€",bon-plan,2026-03-10,YesStyle,YesStyle,,0,0,0,0,Collecter des données
yesstyle-soins-levres-lip-mask-kbeauty-2026,"YesStyle Soins Lèvres K-Beauty : Lip Mask, Lip Oil et Baume dès 5€",bon-plan,2026-03-11,YesStyle,YesStyle,,0,0,0,0,Collecter des données
yesstyle-soins-visage-coreens-2026,Meilleurs soins visage coréens en promo sur YesStyle printemps 2026,bon-plan,2026-03-12,YesStyle,YesStyle,,0,0,0,0,Collecter des données
yesstyle-torriden-dive-in-serum-2026,YesStyle : Torriden Dive-In Low Molecular Hyaluronic Acid Serum,bon-plan,2026-07-08,YesStyle,YesStyle,,0,0,0,0,Collecter des données
yesstyle-unleashia-glitterpedia-palette-promo-2026,UNLEASHIA Glitterpedia Eye Palette : -50% sur YesStyle,bon-plan,2026-07-08,Awin,tidd.ly,,0,0,0,0,Collecter des données
yesstyle-vt-cica-cream-apaisante-2026,YesStyle : VT Cica Cream — La Crème Apaisante Coréenne pour Peaux Sensibles,bon-plan,2026-07-08,YesStyle,YesStyle,,0,0,0,0,Collecter des données
yogi-infusion-froid-bio-test-produit-gratuit-mymarketfree-2026,Test gratuit : Yogi Infusion à Froid Bio sur My Market Free,test-gratuit,2026-04-20,Direct / autre,mymarketfree.com,,0,0,0,0,Collecter des données
yooji-concours-1-an-alimentation-bebe-2026,Yooji : 1 an d'alimentation bébé bio + des livres de recettes,concours,2026-03-06,Direct / autre,yooji.fr,,0,0,0,0,Collecter des données
yoomum-application-rencontres-mamans-gratuite-communaute-2026,YooMum! : L'Application Gratuite qui Connecte les Futures et Jeunes Mamans entre Elles,bon-plan,2026-07-21,Awin,awin1.com,,0,0,0,0,Collecter des données
zooplus-avis-meilleurs-produits-chien-chat-2026,Zooplus : Les Meilleurs Produits pour Chien et Chat — Notre Sélection 2026,bon-plan,2026-07-22,Awin,tidd.ly,,0,0,0,0,Collecter des données
